facility_code,facility_name,county_name,district,facility_type,ownership,beds,cots,open_24_hours,open_weekends,operational_status,latitude,longitude
19224,CDF Kiriari Dispensary,Embu,Manyatta,Dispensary,Ministry of Health,0,0,f,f,Operational,-0.533333,37.45
19310,St Jude's Huruma Community Health Services,Nairobi,Mathare,Medical Clinic,Private Practice - Unspecified,0,0,f,f,Operational,-1.286389,36.817223
14180,10 Engineer VCT,Laikipia,Laikipia East,Dispensary,Armed Forces,0,0,f,f,Operational,0.366667,37.033333
18393,3Kl Maternity & Nursing Home,Kajiado,Kajiado North,Nursing Home,Private Practice - Clinical Officer,7,0,f,f,Operational,-1.85,36.783333
14181,3KR Health Centre,Nakuru,Nakuru,Health Centre,Armed Forces,20,12,f,f,Operational,-0.303099,36.080026
11917,78 Tank Battalion Dispensary,Isiolo,Isiolo,Dispensary,Armed Forces,7,2,f,f,Operational,0.35,37.583333
13043,7Kr Mrs Health Centre,Nairobi,Langata,Health Centre,Armed Forces,14,0,f,f,Operational,-1.286389,36.817223
14182,8Th Street Clinic,Kajiado,Kajiado North,Medical Clinic,Private Enterprise (Institution),0,0,f,f,Operational,-1.286389,36.817223
18137,A To Z Quality Health Family Health Services,Nakuru,Njoro,Medical Clinic,Private Practice - Nurse / Midwife,0,0,f,f,Operational,-0.303099,36.080026
20346,AAR Adams Health Centre,Nairobi,Kibra,Medical Clinic,Private Practice - General Practitioner,0,0,f,f,Operational,-1.286389,36.817223
12861,AAR City Centre Clinic,Nairobi,Starehe,Medical Clinic,Private Enterprise (Institution),0,0,f,f,Operational,-1.286389,36.817223
16796,AAR Clinic Sarit Centre (Westlands),Nairobi,Westlands,Medical Clinic,Private Enterprise (Institution),0,0,f,f,Operational,-1.286389,36.817223
18178,AAR Eldoret,Uasin Gishu,Eldoret West,Medical Clinic,Private Practice - General Practitioner,0,0,f,f,Operational,0.514277,35.269779
20405,AAR Health Care,Nairobi,Embakasi East,Health Centre,Private Practice - Medical Specialist,6,2,f,f,Operational,-1.286389,36.817223
20956,AAR Health Care-Kisumu,Kisumu,Kisumu East,Medical Clinic,Private Practice - General Practitioner,0,0,f,f,Operational,-0.10221,34.761711
18859,AAR Healthcare Limited (Karen),Nairobi,Langata,Medical Clinic,Private Enterprise (Institution),0,0,f,f,Operational,-1.286389,36.817223
20140,AAR Mountain mall,Nairobi,Roysambu,Medical Clinic,Private Practice - Nurse / Midwife,0,0,f,f,Operational,-1.286389,36.817223
14183,AAR Nakuru Clinic,Nakuru,Nakuru,Dispensary,Non-Governmental Organizations,0,0,f,f,Operational,-0.303099,36.080026
21224,AAR Outpatient Center Donholm,Nairobi,Embakasi East,Medical Clinic,Private Practice - General Practitioner,4,2,f,f,Operational,-1.286389,36.817223
20940,AAR Thika out Patient Centre,Kiambu,Thika West,Medical Clinic,Private Practice - General Practitioner,0,0,f,f,Operational,-1.286389,36.817223
20848,African Muslim Agency Dispensary,Isiolo,Garbatula,Dispensary,Supreme Council for Kenya Muslims,0,0,f,f,Not-Operational,0.35,37.583333
20320,African Muslim Agency- Matsangoni,Kilifi,Kilifi North,Dispensary,Supreme Council for Kenya Muslims,0,0,f,f,Operational,-3.633333,39.85
12865,Afwan Medical Centre,Nairobi,Kamukunji,Nursing Home,Private Enterprise (Institution),40,4,f,f,Operational,-1.286389,36.817223
17335,Afwein Dispensary,Garissa,Lagdera,Dispensary,Ministry of Health,0,0,f,f,Operational,-0.456944,39.658333
17577,Afya Bora Clinic,Kirinyaga,Kirinyaga North,Medical Clinic,Private Practice - General Practitioner,0,0,f,f,Operational,-0.5,37.283333
11919,Afya Bora Clinic (Meru South),Tharaka Nithi,Meru South,Medical Clinic,Private Enterprise (Institution),0,0,f,f,Operational,,
17819,Afya Bora Clinic (Mutomo),Kitui,Mutomo,Medical Clinic,Private Practice - Nurse / Midwife,0,0,f,f,Operational,-1.366667,38.016667
10011,Afya Bora Clinic (Mwea),Kirinyaga,Kirinyaga North,Medical Clinic,Private Enterprise (Institution),0,0,f,f,Operational,-0.5,37.283333
19966,Afya Bora Clinic Karia,Kiambu,Githunguri,Medical Clinic,Private Practice - Nurse / Midwife,0,0,f,f,Operational,-1.166667,36.833333
19794,Afya Bora Health Clinic,Nyandarua,Nyandarua West,Medical Clinic,Private Practice - Nurse / Midwife,0,0,f,f,Operational,-0.183333,36.366667
19662,Afya Bora Mc,Trans Nzoia,Trans Nzoia West,Medical Clinic,Private Practice - Nurse / Midwife,0,0,f,f,Operational,1.016667,34.983333
16411,Afya Bora Medical Clinic,Nakuru,Njoro,Medical Clinic,Private Enterprise (Institution),0,0,f,f,Operational,-0.303099,36.080026
16491,Afya Bora Medical Clinic (CFW Clinic Gichugu),Kirinyaga,Kirinyaga East,Medical Clinic,Private Practice - Nurse / Midwife,0,0,f,f,Operational,-0.5,37.283333
11200,Afya Bora Medical Clinic (Malindi),Kilifi,Magarini,Medical Clinic,Private Practice - Nurse / Midwife,0,0,f,f,Operational,-3.633333,39.85
21165,Afya Bora Medical Clinic (Mirangine),Nyandarua,Mirangine,Medical Clinic,Private Practice - Nurse / Midwife,0,0,f,f,Operational,-0.183333,36.366667
10007,Afya Bora Medical Clinic (Muchagara),Kirinyaga,Kirinyaga East,Medical Clinic,Private Practice - Nurse / Midwife,0,0,f,f,Operational,-0.5,37.283333
10008,Afya Bora Medical Clinic (Nyeri South),Nyeri,Nyeri Central,Medical Clinic,Private Practice - Clinical Officer,0,0,f,f,Operational,-0.416667,36.95
14186,Afya Bora Medical Clinic (Turkana Central),Turkana,Turkana Central,Medical Clinic,Private Practice - Clinical Officer,0,0,f,f,Operational,3.116667,35.6
11201,Afya Clinic,Taita Taveta,Wundanyi,Medical Clinic,Private Enterprise (Institution),0,0,f,f,Operational,,
18486,Afya Health Care,Nairobi,Roysambu,Dispensary,Private Enterprise (Institution),0,0,f,f,Operational,-1.286389,36.817223
18067,Alpha Community Health Clinic (Migori),Migori,Migori,Medical Clinic,Private Practice - Nurse / Midwife,2,0,f,f,Operational,-1.066667,34.466667
19748,Alpha Dental Services,Trans Nzoia,Trans Nzoia West,Dental Clinic,Private Practice - Medical Specialist,0,0,f,f,Operational,1.016667,34.983333
10022,Alpha Family Health Care,Nyeri,Tetu,Medical Clinic,Private Practice - Nurse / Midwife,0,0,f,f,Operational,-0.416667,36.95
16321,Alpha Medical Clinic,Samburu,Samburu Central,Medical Clinic,Private Practice - Clinical Officer,0,0,f,f,Operational,1.316667,36.983333
20992,Alpha Medical Clinic (Kambu),Makueni,Kibwezi,Medical Clinic,Private Practice - Clinical Officer,0,0,f,f,Operational,-1.8,37.616667
19321,Alpha Medical Clinic (Koibatek),Baringo,Koibatek,Medical Clinic,Private Practice - Nurse / Midwife,0,0,f,f,Not-Operational,0.466667,35.966667
19040,Alpha Medical Clinic Mile Tisa,Kajiado,Kajiado Central,Medical Clinic,Private Practice - General Practitioner,0,0,f,f,Operational,-1.85,36.783333
20831,Alphine Health Care Centre,Bungoma,Bungoma South,Medical Clinic,Private Practice - Clinical Officer,0,0,f,f,Operational,0.566667,34.566667
21149,Alphond Medical Centre,Kakamega,Mumias West,Medical Clinic,Private Practice - Clinical Officer,3,0,f,f,Operational,0.284767,34.752308
13473,Aluor Mission Health Centre,Siaya,Gem,Health Centre,Kenya Episcopal Conference-Catholic Secretariat,0,0,f,f,Operational,0.066667,34.283333
15796,Amagoro Nursing Home,Busia,Teso North,Nursing Home,Private Enterprise (Institution),7,0,f,f,Operational,0.46,34.11
20684,Amaiga Dispensary (Manga),Nyamira,Manga,Dispensary,Ministry of Health,2,2,f,f,Operational,-0.633333,34.933333
14198,Amakuriat Dispensary,West Pokot,North Pokot,Dispensary,Other Faith Based,0,0,f,f,Operational,1.233333,35.116667
20213,Amalya Medical Centre,Kiambu,Kikuyu,Medical Clinic,Private Practice - Clinical Officer,0,0,f,f,Operational,-0.303099,36.080026
18610,Atela Dispensary,Homa Bay,Rachuonyo South,Dispensary,Ministry of Health,0,6,f,f,Operational,-0.516667,34.45
13489,Atemo Health Centre,Homa Bay,Rachuonyo South,Health Centre,Christian Health Association of Kenya,10,1,f,f,Operational,-0.516667,34.45
10041,Athi Dispensary,Kiambu,Thika West,Dispensary,Ministry of Health,0,0,f,f,Operational,-1.033333,37.066667
11934,Athi Kamunyuni Dispensary,Makueni,Kibwezi,Dispensary,Ministry of Health,2,0,f,f,Operational,-1.8,37.616667
11935,Athi River Community Hospital,Machakos,Athi River,Medical Clinic,Private Enterprise (Institution),10,0,f,f,Operational,-1.516667,37.266667
11936,Athi River Health Centre,Machakos,Athi River,Health Centre,Ministry of Health,6,4,f,f,Operational,-1.516667,37.266667
11937,Athi River Medical Services,Machakos,Athi River,Maternity Home,Private Enterprise (Institution),26,0,f,f,Operational,-1.516667,37.266667
13295,Athibohol Dispensary,Wajir,Wajir West,Dispensary,Ministry of Health,0,0,f,f,Operational,1.75,40.066667
19185,Athirunjine Runjine Dispensary,Meru,Igembe Central,Dispensary,Ministry of Health,0,0,f,f,Operational,0.05,37.65
14220,Atiar Dispensary,Baringo,Baringo North,Dispensary,Community,0,0,f,f,Operational,0.466667,35.966667
10042,Atlas Medical Clinic,Nyeri,Nyeri South,Medical Clinic,Private Practice - Nurse / Midwife,0,0,f,f,Operational,-0.416667,36.95
16866,Avarende Medical Clinic,Kakamega,Kakamega Central (Lurambi),Medical Clinic,Private Enterprise (Institution),0,0,f,f,Operational,0.284767,34.752308
19462,Avenue Health Care (Makadara),Nairobi,Makadara,Medical Clinic,Private Practice - General Practitioner,0,0,f,f,Operational,-1.286389,36.817223
18817,Avenue Health Care Nakuru,Nakuru,Nakuru,Medical Clinic,Private Practice - General Practitioner,0,0,f,f,Operational,-1.286389,36.817223
19083,Avenue Health Care Ongata Rongai,Kajiado,Kajiado North,Medical Clinic,Private Practice - General Practitioner,0,0,f,f,Operational,-1.85,36.783333
20628,Avenue Healthcare Thika,Kiambu,Thika West,Medical Clinic,Private Practice - General Practitioner,0,0,f,f,Operational,-1.286389,36.817223
12874,Avenue Hospital,Nairobi,Westlands,Other Hospital,Private Enterprise (Institution),65,10,f,f,Operational,-1.286389,36.817223
20123,Avenue Hospital Kisumu,Kisumu,Kisumu East,Other Hospital,Private Enterprise (Institution),70,6,f,f,Operational,-0.10221,34.761711
13491,Awasi Mission Health Center,Kisumu,Nyando,Health Centre,Kenya Episcopal Conference-Catholic Secretariat,12,1,f,f,Operational,-0.10221,34.761711
13492,Awendo Sub-District Hospital,Migori,Awendo,Sub-District Hospital,Ministry of Health,35,0,f,f,Operational,-1.066667,34.466667
14228,Baragoi Sub-District Hospital,Samburu,Samburu North,Sub-District Hospital,Ministry of Health,30,1,f,f,Operational,1.316667,36.983333
11942,Baragu Health Centre,Tharaka Nithi,Maara,Health Centre,Ministry of Health,5,2,f,f,Operational,,
10046,Baragwi Maternity Home,Kirinyaga,Kirinyaga East,Nursing Home,Private Enterprise (Institution),0,0,f,f,Not-Operational,-0.5,37.283333
11943,Baraka Afya Clinic,Embu,Manyatta,Medical Clinic,Private Enterprise (Institution),0,0,f,f,Operational,-0.533333,37.45
18841,Baraka Clinic (Lugari),Kakamega,Lugari,Medical Clinic,Private Practice - Nurse / Midwife,1,1,f,f,Not-Operational,0.284767,34.752308
18915,Baraka Dental Clinic (Maara),Tharaka Nithi,Maara,Medical Clinic,Private Practice - Medical Specialist,0,0,f,f,Operational,,
12881,Baraka Dispensary (Nairobi),Nairobi,Ruaraka,Dispensary,Private Enterprise (Institution),0,0,f,f,Operational,-1.286389,36.817223
17757,Baraka Health Centre,Narok,Narok South,Health Centre,Non-Governmental Organizations,2,0,f,f,Operational,-1.286389,36.817223
14230,Baraka Maternity Home,Nakuru,Nakuru,Maternity Home,Private Enterprise (Institution),25,12,f,f,Operational,-0.303099,36.080026
17426,Baraka Medical Clinic,Uasin Gishu,Wareng,Medical Clinic,Other Public Institution,0,0,f,f,Operational,0.514277,35.269779
16202,Baraka Medical Clinic (Lamu),Lamu,Lamu East,Medical Clinic,Private Practice - Clinical Officer,0,0,f,f,Operational,-2.266667,40.9
19306,Baraka Medical Clinic (Makindu),Makueni,Makindu,Medical Clinic,Private Practice - Clinical Officer,0,0,f,f,Operational,-1.8,37.616667
20260,Baraka Medical Clinic (Mbitini),Kitui,Kisasi,Medical Centre,Private Practice - Nurse / Midwife,4,0,f,f,Operational,-1.366667,38.016667
14229,Baraka Medical Clinic (Pokot Central),West Pokot,Pokot South,Medical Clinic,Private Practice - Nurse / Midwife,0,0,f,f,Operational,1.016667,34.983333
17882,Baraka Medical Clinic (Runyenjes),Embu,Embu East,Medical Clinic,Private Practice - Nurse / Midwife,0,0,f,f,Operational,-0.533333,37.45
16693,Baraka Medical Clinic (Trans Nzoia East),Trans Nzoia,Trans Nzoia East,Medical Clinic,Private Practice - Nurse / Midwife,0,0,f,f,Operational,1.016667,34.983333
14231,Baraka Medical Clinic (Turkana Central),Turkana,Turkana Central,Medical Clinic,Private Practice - Nurse / Midwife,0,0,f,f,Operational,3.116667,35.6
11245,Baraka Medical Clinic (Vikwatani),Mombasa,Kisauni,Medical Clinic,Private Enterprise (Institution),0,0,f,f,Operational,-4.043477,39.668205
17027,Sitatunga Dispensary,Trans Nzoia,Trans Nzoia East,Dispensary,Ministry of Health,0,0,f,f,Operational,1.016667,34.983333
15597,Sitoi Tea Dispensary,Nandi,Nandi East,Dispensary,Company Medical Service,0,0,f,f,Operational,0.166667,35.133333
16147,Sivilie Dispensary,Kakamega,Kakamega Central (Lurambi),Dispensary,Ministry of Health,0,0,f,f,Operational,0.284767,34.752308
17536,Siwadhe Medical Clinic,Siaya,Siaya,Medical Clinic,Private Practice - General Practitioner,0,0,f,f,Operational,0.066667,34.283333
15598,Siwo Dispensary,Nandi,Nandi East,Dispensary,Ministry of Health,0,0,f,f,Operational,0.166667,35.133333
15599,Siyiapei (AIC) Dispensary,Narok,Narok North,Dispensary,Christian Health Association of Kenya,3,0,f,f,Operational,-1.083333,35.866667
11775,Skans Health Care Centre,Mombasa,Kisauni,Nursing Home,Private Practice - Unspecified,9,0,f,f,Operational,-4.043477,39.668205
17959,Sky Way Medical Clinic,Meru,Imenti South,Medical Clinic,Private Practice - Nurse / Midwife,0,0,f,f,Operational,0.05,37.65
18622,Skyhill Medical Centre,Nairobi,Dagoretti North,Health Centre,Private Practice - Medical Specialist,10,2,f,f,Operational,-1.286389,36.817223
18000,Skymed Medical Clinic Githunguri,Nairobi,Kasarani,Medical Clinic,Private Practice - General Practitioner,0,0,f,f,Operational,-1.286389,36.817223
11014,Slope Optician,Kirinyaga,Kirinyaga Central,Eye Centre,Private Enterprise (Institution),0,0,f,f,Operational,-0.5,37.283333
18717,Slopes Medical Clinic,Meru,Imenti North,Medical Clinic,Private Practice - Unspecified,0,0,f,f,Operational,0.05,37.65
19994,Slum Medical Clinic,Nairobi,Kibra,Medical Clinic,Private Practice - Nurse / Midwife,0,0,f,f,Operational,-1.286389,36.817223
15601,Soba River Health Centre,Nandi,Tinderet,Health Centre,Ministry of Health,3,0,f,f,Operational,0.166667,35.133333
15602,Sochoi (AIC) Dispensary,Nandi,Nandi East,Dispensary,Other Faith Based,0,0,f,f,Operational,0.166667,35.133333
15603,Sochoi Dispensary,Nandi,Nandi East,Dispensary,Ministry of Health,0,0,f,f,Operational,0.166667,35.133333
18045,Soget Dispensary,Narok,Trans Mara East,Dispensary,Ministry of Health,0,0,f,f,Operational,-1.083333,35.866667
15604,Sogon Dispensary,Baringo,Baringo Central,Dispensary,Ministry of Health,0,0,f,f,Operational,0.466667,35.966667
15605,Sogoo Health Centre,Narok,Narok South,Health Centre,Ministry of Health,0,12,f,f,Operational,-1.083333,35.866667
14095,Soklo Dispensary,Homa Bay,Mbita,Dispensary,Ministry of Health,4,0,f,f,Operational,-0.516667,34.45
17187,Soko Medical Clinic,Kiambu,Lari,Medical Clinic,Private Practice - Nurse / Midwife,0,0,f,f,Operational,-1.166667,36.833333
11802,Sokoke Dispensary,Kilifi,Ganze,Dispensary,Ministry of Health,0,0,f,f,Operational,-3.633333,39.85
18049,Soldier,Nyeri,Kieni East,Medical Clinic,Private Practice - Clinical Officer,0,0,f,f,Operational,-0.416667,36.95
11016,Solea Medical Clinic,Murang'a,Kandara,Medical Clinic,Private Practice - Nurse / Midwife,0,0,f,f,Operational,-0.716667,37.15
15607,Soliat Dispensary,Kericho,Kericho,Dispensary,Ministry of Health,1,0,f,f,Operational,-0.366667,35.283333
17575,Solio Dispensary,Nyeri,Kieni East,Dispensary,Ministry of Health,0,0,f,f,Operational,-0.416667,36.95
17666,Sololo Makutano Dispensary,Marsabit,Sololo,Dispensary,Ministry of Health,0,0,f,f,Operational,2.333333,37.983333
12739,Sololo Mission Hospital,Marsabit,Sololo,Other Hospital,Kenya Episcopal Conference-Catholic Secretariat,130,0,f,f,Operational,2.333333,37.983333
15608,Solyot Dispensary,Bomet,Bomet Central,Dispensary,Ministry of Health,0,0,f,f,Operational,-0.783333,35.35
12740,Somare Dispensary,Marsabit,Moyale,Dispensary,Ministry of Health,0,0,f,f,Operational,2.333333,37.983333
16132,Sonak Clinic,Kakamega,Khwisero,Medical Clinic,Private Practice - Nurse / Midwife,20,2,f,f,Operational,0.284767,34.752308
14096,Sondu Health Centre,Kisumu,Nyakach,Health Centre,Ministry of Health,0,0,f,f,Operational,-0.10221,34.761711
12741,Songa Health Centre,Marsabit,Marsabit,Health Centre,Ministry of Health,0,0,f,f,Operational,2.333333,37.983333
15611,Songonyet Dispensary,Kericho,Kipkelion,Dispensary,Ministry of Health,4,0,f,f,Operational,-0.366667,35.283333
20782,Sopel Dispensary,Turkana,Turkana South,Dispensary,Ministry of Health,4,4,f,f,Pending Opening,3.116667,35.6
15613,Sore Dispensary,Baringo,Mogotio,Dispensary,Ministry of Health,0,0,f,f,Operational,0.466667,35.966667
16673,Sorok Dispensary,Baringo,Baringo Central,Dispensary,Ministry of Health,0,0,f,f,Operational,0.466667,35.966667
20386,SOS Children Medical Clinic,Kisumu,Kisumu West,Medical Clinic,Private Practice - Nurse / Midwife,0,0,f,f,Operational,-0.10221,34.761711
17945,Sos Medical Clinic (Eldoret East),Uasin Gishu,Eldoret East,Medical Clinic,Private Enterprise (Institution),0,0,f,f,Operational,0.514277,35.269779
15614,Sosian Dispensary,Laikipia,Laikipia West,Dispensary,Ministry of Health,2,0,f,f,Operational,0.366667,37.033333
15615,Sosiana Dispensary,Narok,Trans Mara East,Dispensary,Ministry of Health,0,0,f,f,Operational,-1.083333,35.866667
15616,Sosiani Health Centre,Uasin Gishu,Eldoret West,Health Centre,Ministry of Health,12,0,f,f,Operational,0.514277,35.269779
15617,Sosiot Health Centre,Kericho,Belgut,Health Centre,Ministry of Health,26,2,f,f,Operational,-0.366667,35.283333
20846,Sosiot Medical Centre,Kericho,Belgut,Medical Clinic,Private Practice - Clinical Officer,6,0,f,f,Operational,-0.366667,35.283333
15618,Sosit Dispensary,Kericho,Bureti,Dispensary,Ministry of Health,0,0,f,f,Operational,-0.366667,35.283333
11805,Sosoni Dispensary,Kilifi,Magarini,Dispensary,Ministry of Health,0,0,f,f,Operational,-3.216667,40.116667
17993,Soteni Dispensary,Bungoma,Bungoma North,Dispensary,Non-Governmental Organizations,8,0,f,f,Operational,0.566667,34.566667
15619,Sotik Health Centre,Bomet,Sotik,Health Centre,Ministry of Health,8,0,f,f,Operational,-0.783333,35.35
14100,Sotik Highlands Dispensary,Nyamira,Borabu,Dispensary,Private Enterprise (Institution),5,0,f,f,Operational,-0.633333,34.933333
17807,St Joseph's The Worker,Narok,Narok North,Dispensary,Kenya Episcopal Conference-Catholic Secretariat,0,0,f,f,Operational,-1.083333,35.866667
17252,St Jude Catholic Dispensary,Uasin Gishu,Eldoret West,Dispensary,Christian Health Association of Kenya,2,0,f,f,Operational,0.514277,35.269779
11046,St Jude Clinic,Kirinyaga,Kirinyaga West,Medical Clinic,Private Practice - Nurse / Midwife,0,0,f,f,Operational,-0.5,37.283333
14112,St Jude Health Centre (Icipe),Homa Bay,Mbita,Health Centre,Private Enterprise (Institution),12,2,f,f,Operational,-0.516667,34.45
17835,St Jude Medical Clinic,Embu,Manyatta,Medical Clinic,Private Practice - Nurse / Midwife,1,1,f,f,Operational,-0.533333,37.45
17974,St Jude Medical Clinic,Kiambu,Limuru,Medical Clinic,Private Practice - Nurse / Midwife,0,0,f,f,Operational,-1.166667,36.833333
19672,St Jude Theddeus Mc,Trans Nzoia,Trans Nzoia West,Medical Clinic,Private Practice - Clinical Officer,0,0,f,f,Operational,1.016667,34.983333
14113,St Jude's Clinic,Kisumu,Kisumu East,Medical Clinic,Private Enterprise (Institution),0,0,f,f,Operational,-0.10221,34.761711
13212,St Jude's Health Centre,Nairobi,Dagoretti North,Health Centre,Private Enterprise (Institution),7,0,f,f,Operational,-1.286389,36.817223
13211,St Jude's Medical Centre,Nairobi,Embakasi Central,Medical Clinic,Private Enterprise (Institution),0,0,f,f,Operational,-1.286389,36.817223
18198,St Judes Medical Clinic,Kajiado,Kajiado North,Medical Clinic,Private Practice - Nurse / Midwife,0,0,f,f,Operational,-1.85,36.783333
19603,St Judes Nursing Hospital,Kiambu,Gatundu,Other Hospital,Private Practice - Medical Specialist,10,0,f,f,Operational,-1.033333,37.066667
19280,St Louis Community Hospital,Nairobi,Roysambu,Medical Clinic,Private Practice - General Practitioner,0,0,f,f,Operational,-1.286389,36.817223
17370,St Lucy Medical Clinic,Kiambu,Kikuyu,Medical Clinic,Private Practice - Nurse / Midwife,0,0,f,f,Operational,-1.166667,36.833333
12758,St Lucy's Hospital,Tharaka Nithi,Meru South,Other Hospital,Private Enterprise (Institution),16,0,f,f,Operational,,
20139,St Luke Clinic,Nakuru,Nakuru,Medical Clinic,Private Practice - Clinical Officer,0,0,f,f,Operational,-0.303099,36.080026
17238,St Luke Kihuro (ACK) Dispensary,Murang'a,Mathioya,Dispensary,Christian Health Association of Kenya,0,0,f,f,Operational,-0.716667,37.15
20588,Star clinic,Kwale,Matuga,Medical Clinic,Private Practice - Clinical Officer,0,0,f,f,Operational,-4.183333,39.45
11829,Star Hospital,Kilifi,Malindi,Other Hospital,Private Enterprise (Institution),19,6,f,f,Operational,-3.216667,40.116667
15671,Star Medical Clinic,Nakuru,Nakuru,Medical Clinic,Private Practice - Clinical Officer,0,0,f,f,Operational,-0.303099,36.080026
11830,Star of Good Hope Medical Clinic,Kwale,Matuga,Medical Clinic,Private Practice - Clinical Officer,0,0,f,f,Operational,-4.183333,39.45
20314,Star of the Sea Health Clinic,Kajiado,Kajiado North,Medical Clinic,Private Practice - Nurse / Midwife,1,0,f,f,Operational,-1.85,36.783333
19422,Starehe Boys Centre School Clinic,Nairobi,Starehe,Medical Clinic,Academic (if registered),0,0,f,f,Operational,-1.286389,36.817223
20180,Star-Heal Medical Clinic,Migori,Migori,Medical Clinic,Private Practice - Clinical Officer,2,0,f,f,Operational,-1.066667,34.466667
15672,Starlite Medical Clinic,Nakuru,Nakuru,Medical Clinic,Private Enterprise (Institution),0,0,f,f,Operational,-0.303099,36.080026
19276,Stars General Medical Clinic,Nairobi,Roysambu,Medical Clinic,Private Practice - General Practitioner,0,0,f,f,Operational,-1.286389,36.817223
13231,State House Clinic,Nairobi,Dagoretti North,Dispensary,Local Authority,0,0,f,f,Operational,-1.286389,36.817223
13232,State House Dispensary (Nairobi),Nairobi,Dagoretti North,Dispensary,Ministry of Health,0,0,f,f,Operational,-1.286389,36.817223
15673,State House Dispensary (Nakuru),Nakuru,Nakuru,Dispensary,Ministry of Health,0,0,f,f,Operational,-0.303099,36.080026
18018,Station Side Makupa Clinic,Mombasa,Mvita,Medical Clinic,Private Practice - Unspecified,4,0,f,f,Operational,-4.043477,39.668205
17700,Stops Medical Clinic Kenya Ltd,Kisumu,Kisumu East,Medical Clinic,Private Practice - Nurse / Midwife,0,0,f,f,Operational,-0.10221,34.761711
18973,Stralight Medical Clinic,Nyandarua,Kinangop,Medical Clinic,Private Practice - Clinical Officer,0,0,f,f,Operational,-0.183333,36.366667
18574,Strathmore University Medical Centre,Nairobi,Langata,Medical Clinic,Private Enterprise (Institution),0,0,f,f,Operational,-1.286389,36.817223
15676,Stream of Life Clinic,Nakuru,Nakuru,Medical Clinic,Private Practice - Nurse / Midwife,0,0,f,f,Operational,-0.303099,36.080026
12795,Tharaka District Hospital,Tharaka Nithi,Tharaka South,District Hospital,Ministry of Health,54,0,f,f,Operational,,
12794,Tharaka Health Centre,Kitui,Mumoni,Health Centre,Ministry of Health,5,0,f,f,Operational,-1.366667,38.016667
21028,Tharaka Nithi County Beyond Zero Mobile Clinic,Tharaka Nithi,Meru South,Dispensary,Ministry of Health,1,0,f,f,Operational,,
18328,The Aga Khan University Hospital (Meru),Meru,Imenti North,Medical Clinic,Private Practice - General Practitioner,0,0,f,f,Operational,-1.286389,36.817223
21085,The Aga Khan University Hospital T Mall,Nairobi,Langata,Medical Centre,Private Enterprise (Institution),0,0,f,f,Operational,-1.286389,36.817223
19376,The Arcade Medical Centre,Nairobi,Ruaraka,Medical Clinic,Private Practice - General Practitioner,0,0,f,f,Operational,-1.286389,36.817223
20949,The Aurora Health Care,Kajiado,Kajiado North,Medical Clinic,Private Practice - Unspecified,0,0,f,f,Operational,-1.286389,36.817223
18304,The Co-Operative University College of Kenya Dispe,Nairobi,Langata,Dispensary,Parastatal,0,0,f,f,Operational,-1.286389,36.817223
20295,The Great Lakes Medical Centre,Vihiga,Emuhaya,Medical Centre,Private Enterprise (Institution),29,0,f,f,Operational,-0.10221,34.761711
19247,The Hanna Medicare Centre,Nandi,Nandi North,Medical Clinic,Private Practice - General Practitioner,0,0,f,f,Operational,0.166667,35.133333
18041,The Haven Medical Clinic,Kiambu,Ruiru,Medical Clinic,Private Practice - Clinical Officer,0,0,f,f,Operational,-1.166667,36.833333
18415,The Hope Medical Centre-Awasi,Kisumu,Nyando,Nursing Home,Christian Health Association of Kenya,24,6,f,f,Operational,-0.10221,34.761711
18327,The Karen Hospital (Meru),Meru,Imenti North,Medical Clinic,Private Enterprise (Institution),0,0,f,f,Operational,0.05,37.65
18461,The Kitui Marternity and Nursing Home,Kitui,Kitui Central,Nursing Home,Private Practice - Unspecified,14,3,f,f,Operational,-1.366667,38.016667
19434,The Mater Embakasi Clinic,Nairobi,Embakasi South,Medical Clinic,Kenya Episcopal Conference-Catholic Secretariat,4,2,f,f,Operational,-1.286389,36.817223
17657,The Mater Hospital Buruburu,Nairobi,Makadara,Dispensary,Kenya Episcopal Conference-Catholic Secretariat,0,0,f,f,Operational,-1.286389,36.817223
13074,The Mater Hospital Mukuru,Nairobi,Starehe,Other Hospital,Kenya Episcopal Conference-Catholic Secretariat,166,42,f,f,Operational,-1.286389,36.817223
18476,The Mater Hospital Thika Satellite,Kiambu,Thika West,Medical Clinic,Kenya Episcopal Conference-Catholic Secretariat,0,0,f,f,Operational,-1.033333,37.066667
12490,The Mediance Nursing Home,Machakos,Yatta,Medical Clinic,Private Enterprise (Institution),78,0,f,f,Operational,-1.516667,37.266667
19396,Tumaini Mwangaza ( Korogocho),Nairobi,Ruaraka,Medical Clinic,Private Practice - General Practitioner,12,2,f,f,Operational,-1.286389,36.817223
12809,Tumaini Rh Clinic,Machakos,Matungulu,Medical Clinic,Private Practice - Nurse / Midwife,0,0,f,f,Operational,-1.516667,37.266667
20934,Tumaini Sondu Disc,Kisumu,Nyakach,Medical Clinic,Private Practice - Clinical Officer,0,0,f,f,Operational,-0.10221,34.761711
20437,Tumaini Wellness Centre,Kisii,Kisii Central,Medical Clinic,Private Practice - Unspecified,0,0,f,f,Operational,-0.10221,34.761711
15751,Tumoi Dispensary,Bomet,Chepalungu,Dispensary,Ministry of Health,0,0,f,f,Operational,-0.783333,35.35
11123,Tumutumu Community Medical Centre,Kiambu,Ruiru,Medical Clinic,Private Practice - Nurse / Midwife,0,0,f,f,Operational,-1.286389,36.817223
12812,Tungutu Dispensary,Kitui,Kitui Central,Dispensary,Ministry of Health,0,0,f,f,Operational,-1.366667,38.016667
20469,Tunoiwo Dispensary,Baringo,Baringo North,Dispensary,Ministry of Health,0,0,f,f,Operational,0.466667,35.966667
12813,Tunyai Dispensary,Tharaka Nithi,Tharaka South,Dispensary,Ministry of Health,15,0,f,f,Operational,,
15752,Tunyo Dispensary,Elgeyo Marakwet,Marakwet West,Dispensary,Ministry of Health,0,0,f,f,Operational,,
21200,Tunza Jamii Medical Clinic ( Bahati),Nakuru,Nakuru North,Medical Clinic,Private Practice - Nurse / Midwife,1,1,f,f,Not-Operational,-0.303099,36.080026
17620,Tuonane VCT,Mombasa,Mvita,VCT Centre (Stand-Alone),Non-Governmental Organizations,0,0,f,f,Operational,-4.043477,39.668205
12814,Tupendane Dispensary,Isiolo,Isiolo,Dispensary,Community,4,0,f,f,Operational,0.35,37.583333
11126,Turasha Dispensary,Nyandarua,Kipipiri,Dispensary,Ministry of Health,5,0,f,f,Operational,-0.183333,36.366667
12815,Turbi Dispensary (Marsabit North),Marsabit,Marsabit North,Dispensary,Ministry of Health,0,0,f,f,Operational,2.333333,37.983333
16154,Turbo Forest Dispensary,Kakamega,Likuyani,Dispensary,Ministry of Health,0,0,f,f,Operational,0.284767,34.752308
15753,Turbo Health Centre,Uasin Gishu,Eldoret West,Health Centre,Ministry of Health,12,0,f,f,Operational,0.516667,35.283333
21080,Turesia Dispensary,Elgeyo Marakwet,Keiyo South,Dispensary,Ministry of Health,0,0,f,f,Operational,,
16820,Turi (PCEA) Dispensary,Nakuru,Molo,Dispensary,Christian Health Association of Kenya,0,0,f,f,Operational,-0.303099,36.080026
18103,Turi AIC Health Centre,Nakuru,Molo,Dispensary,Christian Health Association of Kenya,0,0,f,f,Operational,-0.303099,36.080026
17689,Viragoni Dispensary,Kilifi,Kaloleni,Dispensary,Ministry of Health,0,0,f,f,Operational,-3.633333,39.85
20945,Virgin Hospital,Murang'a,Muranga South,Nursing Home,Private Enterprise (Institution),0,0,f,f,Operational,-0.716667,37.15
16190,Vishakani Dispensary,Kilifi,Kaloleni,Dispensary,Ministry of Health,0,0,f,f,Operational,-3.633333,39.85
19758,Vision Dental Clinic,Trans Nzoia,Trans Nzoia West,Dental Clinic,Private Practice - Unspecified,0,0,f,f,Operational,1.016667,34.983333
11150,Vision Medical Clinic,Nyeri,Kieni East,Medical Clinic,Private Practice - Nurse / Midwife,0,0,f,f,Operational,-0.416667,36.95
17849,Vision Medical Clinic Butere,Kakamega,Butere,Medical Clinic,Private Practice - Clinical Officer,1,1,f,f,Operational,0.284767,34.752308
21270,Vision Medical Clinic- Esibuye,Vihiga,Emuhaya,Medical Clinic,Private Practice - Nurse / Midwife,2,0,f,f,Operational,0.083333,34.716667
11883,Vitengeni Health Centre,Kilifi,Ganze,Health Centre,Ministry of Health,5,0,f,f,Operational,-3.633333,39.85
11884,Vitsangalaweni Dispensary,Kwale,Msambweni,Dispensary,Ministry of Health,0,0,f,f,Operational,-4.183333,39.45
17687,Viva Afya Kayole,Nairobi,Embakasi Central,Medical Clinic,Private Practice - Clinical Officer,0,0,f,f,Operational,-1.286389,36.817223
19630,Viva Afya Medical Clinic,Nyeri,Mathira East,Medical Clinic,Private Practice - Unspecified,0,0,f,f,Operational,-0.416667,36.95
19089,Voi Dental,Taita Taveta,Voi,Medical Clinic,Private Practice - General Practitioner,0,0,f,f,Operational,,
17704,Voi Medical Centre,Taita Taveta,Voi,Medical Clinic,Private Practice - Clinical Officer,0,0,f,f,Operational,,
19090,Voi Medical Clinix,Taita Taveta,Voi,Medical Clinic,Private Practice - General Practitioner,0,0,f,f,Operational,,
17703,Voi Roadside Clinic,Taita Taveta,Voi,Medical Clinic,Private Practice - Clinical Officer,0,0,f,f,Operational,,
17442,Vololo Dispensary,Makueni,Nzaui,Dispensary,Ministry of Health,0,0,f,f,Operational,-1.8,37.616667
17778,Voo Health Centre,Kitui,Mutomo,Health Centre,Ministry of Health,12,2,f,f,Operational,-1.366667,38.016667
18323,Vostrum Clinic,Nairobi,Kibra,Medical Clinic,Non-Governmental Organizations,0,0,f,f,Operational,-1.286389,36.817223
17937,Vote Dispensary,Kitui,Mutomo,Dispensary,Ministry of Health,0,0,f,f,Operational,-1.366667,38.016667
10009,Afya Health Services,Nyeri,Mukurweini,Medical Clinic,Private Practice - Clinical Officer,0,0,f,f,Operational,-0.416667,36.95
20380,Afya Health System Hospital,Homa Bay,Homa Bay,Sub-District Hospital,Private Practice - General Practitioner,30,6,f,f,Operational,-0.516667,34.45
18344,Afya House Dispensary,Nairobi,Kibra,Dispensary,Ministry of Health,0,0,f,f,Operational,-1.286389,36.817223
10006,Afya Link Ngurubani Clinic,Kirinyaga,Kirinyaga South,Medical Clinic,Private Enterprise (Institution),0,0,f,f,Operational,-0.5,37.283333
18845,Afya Medical Centre,Mombasa,Kisauni,Medical Clinic,Private Practice - Clinical Officer,0,0,f,f,Operational,-4.043477,39.668205
10015,Afya Medical Clinic,Kiambu,Thika West,Medical Clinic,Private Practice - Nurse / Midwife,0,0,f,f,Operational,-1.286389,36.817223
20296,Afya Medical Clinic (Gilgil),Nakuru,Gilgil,Medical Clinic,Private Practice - Clinical Officer,0,0,f,f,Operational,-0.303099,36.080026
19802,Afya Medical Clinic (Gwakungu),Nyandarua,Nyandarua North,Medical Clinic,Private Practice - Nurse / Midwife,0,0,f,f,Operational,-0.183333,36.366667
20265,Afya Medical Clinic (Mbaruk),Nakuru,Gilgil,Medical Clinic,Private Practice - Clinical Officer,0,0,f,f,Operational,-0.303099,36.080026
18730,Afya Medical Clinic (Meru),Meru,Imenti North,Medical Clinic,Private Practice - Unspecified,0,0,f,f,Operational,0.05,37.65
17566,Afya Medical Clinic (Munyaka),Nyandarua,Kinangop,Medical Clinic,Private Practice - Nurse / Midwife,0,0,f,f,Operational,-0.183333,36.366667
10010,Afya Medical Clinic (Muranga North),Murang'a,Mathioya,Medical Clinic,Private Practice - Nurse / Midwife,0,0,f,f,Operational,-0.716667,37.15
18440,Afya Medical Clinic (Nakuru),Nakuru,Nakuru,Medical Clinic,Private Practice - Nurse / Midwife,0,0,f,f,Operational,-0.303099,36.080026
13270,Afya Medical Clinic and Nursing Home (Wajir East),Wajir,Wajir East,Medical Clinic,Private Enterprise (Institution),0,0,f,f,Operational,1.75,40.066667
20250,Afya Medical Clinic(Dagoretti Market),Kiambu,Kikuyu,Medical Clinic,Private Practice - Nurse / Midwife,0,0,f,f,Operational,-1.286389,36.817223
17193,Bituyu Dispensary,Bungoma,Kimilili Bungoma,Dispensary,Ministry of Health,1,0,f,f,Operational,0.566667,34.566667
13306,Biyamadhow Health Centre,Wajir,Habaswein,Health Centre,Ministry of Health,0,0,f,f,Operational,1.75,40.066667
10072,Blessed Louis Palazzolo Health Centre,Kiambu,Kiambu,Health Centre,Other Faith Based,0,0,f,f,Operational,-1.166667,36.833333
21219,Bliss Health Care Limited,Nairobi,Starehe,Medical Clinic,Private Practice - General Practitioner,0,0,f,f,Operational,-1.286389,36.817223
21050,Blissgvs Health Care Pipeline,Nairobi,Embakasi East,Medical Clinic,Private Practice - Clinical Officer,0,0,f,f,Operational,-1.286389,36.817223
20233,Blue Cross Medical Clicnic,Nakuru,Gilgil,Medical Clinic,Private Practice - General Practitioner,0,0,f,f,Operational,-0.303099,36.080026
18180,Blue Haven Medical Clinic,Kiambu,Ruiru,Medical Clinic,Private Practice - Clinical Officer,0,0,f,f,Operational,-1.286389,36.817223
10073,Blue Line Clinic,Kirinyaga,Kirinyaga Central,Medical Clinic,Private Practice - General Practitioner,0,0,f,f,Operational,-0.5,37.283333
19016,Blue Nile Medical Clinic,Kilifi,Kilifi North,Medical Clinic,Private Practice - Nurse / Midwife,0,0,f,f,Operational,-3.633333,39.85
18837,Bluebells Medical Clinic,Machakos,Machakos,Medical Clinic,Private Practice - Nurse / Midwife,0,0,f,f,Operational,-1.286389,36.817223
17609,Blueturtle,Kitui,Mutomo,Medical Clinic,Private Practice - Nurse / Midwife,0,0,f,f,Operational,-1.366667,38.016667
19144,Boarder Medical Clinic Namanga,Kajiado,Kajiado Central,Medical Clinic,Private Practice - General Practitioner,0,0,f,f,Operational,-1.85,36.783333
20936,Bobaracho Dispensary,Kisii,Kisii Central,Dispensary,Ministry of Health,0,0,f,f,Operational,-0.683333,34.766667
18805,Bodaki Medical Clinic,Nairobi,Dagoretti North,Medical Clinic,Private Practice - Nurse / Midwife,4,0,f,f,Operational,-1.286389,36.817223
13308,Bodhai Dispensary,Garissa,Hulugho,Dispensary,Ministry of Health,0,0,f,f,Operational,-0.456944,39.658333
13503,Bodi Health Centre,Kisumu,Seme,Health Centre,Ministry of Health,5,0,f,f,Operational,-0.10221,34.761711
20726,Bodo Medical Clinic,Kwale,Msambweni,Medical Clinic,Private Practice - Unspecified,0,0,f,f,Operational,-4.183333,39.45
11253,Bofu Dispensary,Kwale,Kinango,Dispensary,Ministry of Health,0,0,f,f,Operational,-4.183333,39.45
13504,Bogwendo Health Centre(Manga),Nyamira,Manga,Health Centre,Ministry of Health,1,0,f,f,Operational,-0.633333,34.933333
13313,Burder Health Centre,Wajir,Wajir South,Health Centre,Ministry of Health,0,0,f,f,Operational,1.75,40.066667
17035,Burduras Health Centre,Mandera,Mandera West,Health Centre,Ministry of Health,0,0,f,f,Operational,3.933333,41.866667
14273,Burgei Dispensary,Bomet,Sotik,Dispensary,Ministry of Health,0,0,f,f,Operational,-0.783333,35.35
10076,Burguret Dispensary,Nyeri,Kieni East,Dispensary,Ministry of Health,0,0,f,f,Operational,-0.416667,36.95
15830,Burinda Dispensary,Busia,Butula,Dispensary,Ministry of Health,0,0,f,f,Operational,0.46,34.11
14274,Burnt Forest Catholic Dispensary,Uasin Gishu,Wareng,Dispensary,Kenya Episcopal Conference-Catholic Secretariat,0,0,f,f,Operational,0.514277,35.269779
16342,Burnt Forest Medical Clinic,Uasin Gishu,Wareng,Medical Clinic,Private Enterprise (Institution),0,0,f,f,Operational,0.514277,35.269779
18033,Burqa Medical Clinic (Moyale),Marsabit,Moyale,Medical Clinic,Private Practice - Nurse / Midwife,0,0,f,f,Operational,2.333333,37.983333
18273,Buruburu Friends Clinic,Nairobi,Embakasi East,Medical Clinic,Non-Governmental Organizations,0,0,f,f,Operational,-1.286389,36.817223
21041,Burumba Dispensary,Busia,Busia,Dispensary,Ministry of Health,0,0,f,f,Operational,0.46,34.11
21037,Busagwa Dispensary,Busia,Bunyala,Dispensary,Ministry of Health,0,0,f,f,Pending Opening,0.46,34.11
15831,Busembe Dispensary,Busia,Samia,Dispensary,Ministry of Health,0,0,f,f,Operational,0.46,34.11
15832,Bushiangala Health Centre,Kakamega,Kakamega South (Ikolomani),Health Centre,Other Faith Based,14,5,f,f,Operational,0.284767,34.752308
15833,Bushiri Health Centre,Kakamega,Kakamega Central (Lurambi),Health Centre,Ministry of Health,13,1,f,f,Operational,0.284767,34.752308
15834,Busia District Hospital,Busia,Busia,District Hospital,Ministry of Health,185,1,f,f,Operational,0.46,34.11
18126,Busia Trailer Park Clinic,Busia,Busia,Medical Clinic,Ministry of Health,0,0,f,f,Operational,0.46,34.11
14291,Chebaraa Dispensary,Nakuru,Kuresoi,Dispensary,Ministry of Health,6,0,f,f,Operational,-0.303099,36.080026
14292,Cheberen Dispensary,Baringo,Mogotio,Dispensary,Ministry of Health,0,0,f,f,Operational,0.466667,35.966667
14294,Chebiemit District Hospital,Elgeyo Marakwet,Marakwet West,District Hospital,Ministry of Health,20,2,f,f,Operational,,
14295,Chebilat Dispensary,Bomet,Sotik,Dispensary,Ministry of Health,0,0,f,f,Operational,-0.783333,35.35
17131,Chebilat Dispensary (Nandi South),Nandi,Nandi South,Dispensary,Ministry of Health,0,0,f,f,Operational,0.166667,35.133333
14296,Chebirbei Dspensary,Kericho,Belgut,Dispensary,Community,0,0,f,f,Operational,-0.366667,35.283333
14297,Chebirbelek Dispensary,Bomet,Sotik,Dispensary,Ministry of Health,0,0,f,f,Operational,-0.783333,35.35
14298,Chebitet Dispensary,Bomet,Konoin,Dispensary,Company Medical Service,1,0,f,f,Operational,-0.783333,35.35
19849,Cheboet Dispensary,Bomet,Sotik,Dispensary,Ministry of Health,0,0,f,f,Operational,-0.783333,35.35
20060,Cheboin Dispensary,Uasin Gishu,Eldoret East,Dispensary,Ministry of Health,0,0,f,f,Operational,0.514277,35.269779
18236,Cheboin Dispensary (Bureti),Kericho,Bureti,Dispensary,Ministry of Health,0,0,f,f,Operational,-0.366667,35.283333
14300,Cheborgei Health Centre,Kericho,Bureti,Health Centre,Ministry of Health,20,0,f,f,Operational,-0.366667,35.283333
14301,Chebororwa Health Centre,Elgeyo Marakwet,Marakwet West,Health Centre,Ministry of Health,18,0,f,f,Operational,,
14302,Cheboyo Dispensary,Bomet,Chepalungu,Dispensary,Ministry of Health,0,0,f,f,Operational,-0.783333,35.35
15848,Chebukaka Dispensary,Bungoma,Bungoma Central,Dispensary,Other Faith Based,0,0,f,f,Operational,0.566667,34.566667
20159,Chebukwabi Dispensary,Bungoma,Kimilili Bungoma,Dispensary,Ministry of Health,1,0,f,f,Operational,0.566667,34.566667
14303,Chebulbai Dispensary,Elgeyo Marakwet,Marakwet West,Dispensary,Ministry of Health,0,0,f,f,Operational,,
14304,Chebunyo Dispensary,Bomet,Chepalungu,Dispensary,Ministry of Health,0,0,f,f,Operational,-0.783333,35.35
20814,Chebunyo Stand Alone VCT,Bomet,Chepalungu,VCT Centre (Stand-Alone),Other Faith Based,0,0,f,f,Operational,-0.783333,35.35
15849,Chebwai Mission Dispensary,Kakamega,Kakamega North (Malava),Dispensary,Other Faith Based,0,0,f,f,Operational,0.284767,34.752308
14305,Chechan Dispensary,Elgeyo Marakwet,Marakwet East,Dispensary,Ministry of Health,0,0,f,f,Operational,,
21155,Checkpoint Medical Clinic,Kiambu,Ruiru,Medical Clinic,Private Practice - Clinical Officer,0,0,f,f,Operational,-1.166667,36.833333
11968,Cheera Dispensary,Tharaka Nithi,Meru South,Dispensary,Kenya Episcopal Conference-Catholic Secretariat,12,0,f,f,Operational,,
14306,Chegilet Dispensary,Elgeyo Marakwet,Keiyo,Dispensary,Ministry of Health,0,0,f,f,Operational,,
14386,Chesongoch Health Centre,Elgeyo Marakwet,Marakwet East,Other Hospital,Kenya Episcopal Conference-Catholic Secretariat,43,7,f,f,Operational,0.514277,35.269779
14387,Chesta Dispensary,West Pokot,Pokot Central,Dispensary,Other Faith Based,0,0,f,f,Operational,1.233333,35.116667
14388,Chesubet Dispensary,Elgeyo Marakwet,Marakwet West,Dispensary,Ministry of Health,0,0,f,f,Operational,,
17047,Chesupet Dispensary,West Pokot,Pokot South,Dispensary,Ministry of Health,0,0,f,f,Operational,1.233333,35.116667
15857,Chevoso Dispensary,Kakamega,Kakamega North (Malava),Dispensary,Ministry of Health,0,0,f,f,Operational,0.284767,34.752308
11283,Chewani Dispensary,Tana River,Galole,Dispensary,Ministry of Health,1,0,f,f,Operational,-1.5,40.033333
11284,Chewele Dispensary,Tana River,Bura,Dispensary,Ministry of Health,1,0,f,f,Operational,-1.5,40.033333
11969,Chiakariga Health Centre,Tharaka Nithi,Tharaka South,Health Centre,Ministry of Health,12,0,f,f,Operational,,
18564,Chianda Dispensary (Rarieda),Siaya,Rarieda,Dispensary,Ministry of Health,0,0,f,f,Operational,0.066667,34.283333
11285,Chifiri Dispensary (LATIF),Tana River,Bura,Dispensary,Local Authority T Fund,0,0,f,f,Operational,-1.5,40.033333
13524,Chiga Dispensary,Kisumu,Kisumu East,Dispensary,Ministry of Health,0,0,f,f,Operational,-0.10221,34.761711
19985,Child & Family Wellness Clinic,Kiambu,Kiambu,Medical Clinic,Other Faith Based,0,0,f,f,Operational,-1.166667,36.833333
19504,Child Doctor Kenya,Nairobi,Kibra,Dispensary,Private Enterprise (Institution),0,0,f,f,Operational,-1.286389,36.817223
18443,Child Welfare Society of Kenya Medical Clinic,Bungoma,Bungoma South,Medical Clinic,Private Practice - Unspecified,0,0,f,f,Operational,0.566667,34.566667
17951,Children Medical Clinic (Kasarani),Nairobi,Kasarani,Dispensary,Private Enterprise (Institution),0,0,f,f,Operational,-1.286389,36.817223
18329,Children's Support Centre Emurembe,Vihiga,Emuhaya,Medical Centre,Non-Governmental Organizations,20,17,f,f,Operational,-0.10221,34.761711
15858,Chimoi Health Centre,Kakamega,Kakamega North (Malava),Health Centre,Kenya Episcopal Conference-Catholic Secretariat,18,3,f,f,Operational,0.284767,34.752308
13525,China Dispensary,Nyamira,Nyamira North,Dispensary,Ministry of Health,2,0,f,f,Operational,-0.633333,34.933333
13526,Chinato Health Centre,Migori,Kuria East,Health Centre,Ministry of Health,10,0,f,f,Operational,-1.066667,34.466667
15584,Chitugul Medical Clinic,Trans Nzoia,Trans Nzoia East,Medical Clinic,Private Practice - Nurse / Midwife,0,0,f,f,Operational,1.016667,34.983333
11287,Chizi Medical Clinic,Kilifi,Kilifi South,Medical Clinic,Private Enterprise (Institution),0,0,f,f,Operational,-3.633333,39.85
11970,Chogoria (PCEA) Hospital,Tharaka Nithi,Maara,Other Hospital,Christian Health Association of Kenya,320,12,f,f,Operational,,
12909,Dagoretti Approved Dispensary,Nairobi,Dagoretti South,Dispensary,Ministry of Health,0,0,f,f,Operational,-1.286389,36.817223
20189,Dagoretti Community Dispesary,Nairobi,Dagoretti South,Dispensary,Non-Governmental Organizations,0,0,f,f,Operational,-1.286389,36.817223
21010,Daima Medical Clinic,Trans Nzoia,Kwanza,Medical Clinic,Private Practice - Nurse / Midwife,0,0,f,f,Operational,1.016667,34.983333
11983,Dakabaricha Dispensary,Marsabit,Marsabit,Dispensary,Ministry of Health,0,0,f,f,Operational,2.333333,37.983333
17472,Dakarh Medical Services,Mombasa,Likoni,Medical Clinic,Private Practice - Clinical Officer,0,0,f,f,Operational,-4.043477,39.668205
20815,Dalcoo Medical Centre,Migori,Awendo,Medical Clinic,Private Practice - Clinical Officer,1,0,f,f,Operational,-1.066667,34.466667
13319,Daley Dispensary,Garissa,Balambala,Dispensary,Ministry of Health,0,0,f,f,Operational,-0.456944,39.658333
11984,Dallas Dispensary,Embu,Manyatta,Dispensary,Ministry of Health,0,0,f,f,Operational,-0.533333,37.45
19068,Dalsan Medical Clinic,Trans Nzoia,Trans Nzoia East,Medical Clinic,Private Practice - Clinical Officer,0,0,f,f,Operational,1.016667,34.983333
13320,Damajale Dispensary,Garissa,Dadaab,Dispensary,Ministry of Health,0,0,f,f,Operational,-0.456944,39.658333
11985,Dambalafachana Health Centre,Marsabit,Sololo,Health Centre,Ministry of Health,0,0,f,f,Operational,2.333333,37.983333
13321,Dambas Health Centre,Wajir,Tarbaj,Health Centre,Ministry of Health,0,0,f,f,Operational,1.75,40.066667
13322,Danaba Health Centre,Wajir,Wajir North,Health Centre,Ministry of Health,0,0,f,f,Operational,1.75,40.066667
19798,Danama Medical Clinic,Nyandarua,Kinangop,Medical Clinic,Private Practice - Nurse / Midwife,0,0,f,f,Operational,-0.183333,36.366667
17997,Dandora Health Service,Nairobi,Embakasi North,Medical Clinic,Private Practice - General Practitioner,0,0,f,f,Operational,-1.286389,36.817223
12913,Dandora I Health Centre,Nairobi,Embakasi North,Health Centre,Local Authority,0,0,f,f,Operational,-1.286389,36.817223
12912,Dandora II Health Centre,Nairobi,Embakasi North,Health Centre,Local Authority,12,1,f,f,Operational,-1.286389,36.817223
18220,Dandora Medical Centre,Nairobi,Kasarani,Medical Clinic,Private Practice - Unspecified,0,0,f,f,Operational,-1.286389,36.817223
13323,Dandu Health Centre,Mandera,Mandera West,Health Centre,Ministry of Health,0,0,f,f,Operational,3.933333,41.866667
19661,Dr Khisa Mc,Trans Nzoia,Trans Nzoia West,Medical Clinic,Private Practice - Medical Specialist,0,0,f,f,Operational,1.016667,34.983333
18724,Dr Kiara Medical Clinic,Meru,Imenti North,Medical Clinic,Private Practice - Unspecified,0,0,f,f,Operational,0.05,37.65
18716,Dr Kiara Medical Clinic,Meru,Imenti North,Medical Clinic,Private Practice - Unspecified,0,0,f,f,Operational,0.05,37.65
19780,Dr Kibec Clinic,Nyeri,Nyeri Central,Medical Clinic,Private Practice - General Practitioner,0,0,f,f,Operational,-0.416667,36.95
18633,Dr Kiome Clinic,Meru,Imenti North,Medical Clinic,Private Practice - Medical Specialist,0,0,f,f,Operational,0.05,37.65
19666,Dr Kiptum Medical Clinic,Trans Nzoia,Trans Nzoia West,Medical Clinic,Private Practice - General Practitioner,0,0,f,f,Operational,1.016667,34.983333
10129,Dr L G Mburu Radiological Clinic,Nyeri,Nyeri Central,Radiology Unit,Private Enterprise (Institution),0,0,f,f,Operational,-0.416667,36.95
17768,Dr L M Macharia Dental Clinic,Kirinyaga,Kirinyaga Central,Medical Clinic,Private Practice - Medical Specialist,0,0,f,f,Operational,-0.5,37.283333
19797,Dr L N Wagana Clinic,Nyeri,Nyeri Central,Medical Clinic,Private Practice - Medical Specialist,0,0,f,f,Operational,-0.416667,36.95
19420,Dr M S Saroya Medical Clinic (Nairobi),Nairobi,Starehe,Medical Clinic,Private Practice - General Practitioner,0,0,f,f,Operational,-1.286389,36.817223
19419,Dr Maina Skin Clinic (Ngara),Nairobi,Starehe,Medical Clinic,Private Practice - Unspecified,0,0,f,f,Operational,-1.286389,36.817223
14413,Dr Manyara Clinic,Nakuru,Nakuru,Medical Clinic,Private Practice - Medical Specialist,0,0,f,f,Operational,-0.303099,36.080026
18359,Educational Assessment and Resource Centre,Kakamega,Mumias,Health Programme,Other Public Institution,0,0,f,f,Operational,0.284767,34.752308
16449,Egago Dispensary,Vihiga,Vihiga,Dispensary,Ministry of Health,1,0,f,f,Operational,0.083333,34.716667
11364,Egah Medical Clinic,Kilifi,Malindi,Medical Clinic,Private Practice - Clinical Officer,0,0,f,f,Operational,-3.216667,40.116667
13538,Egetonto Dispensary (Gucha),Kisii,Gucha,Dispensary,Ministry of Health,0,0,f,f,Operational,-0.683333,34.766667
19984,Egetuki GOK Dispensary,Kisii,Gucha,Dispensary,Ministry of Health,2,2,f,f,Operational,-0.683333,34.766667
13539,Egetuki Medical Clinic (Gucha),Kisii,Gucha,Medical Clinic,Private Practice - Nurse / Midwife,0,0,f,f,Operational,-0.683333,34.766667
15868,Ekamanji Dispensary,Vihiga,Emuhaya,Dispensary,Ministry of Health,0,0,f,f,Pending Opening,0.083333,34.716667
17600,Ekani Dispenasry,Kitui,Ikutha,Dispensary,Ministry of Health,0,0,f,f,Operational,-1.366667,38.016667
13540,Ekerenyo Sub-District Hospital,Nyamira,Nyamira North,Sub-District Hospital,Ministry of Health,18,0,f,f,Operational,-0.633333,34.933333
16422,Ekerubo Dispensary (Kisii South),Kisii,Kisii South,Dispensary,Ministry of Health,0,0,f,f,Operational,-0.683333,34.766667
13541,Ekerubo Dispensary (Masaba),Kisii,Masaba South,Dispensary,Ministry of Health,4,0,f,f,Operational,-0.683333,34.766667
19971,Ekialo Kiano VCT,Homa Bay,Mbita,VCT Centre (Stand-Alone),Non-Governmental Organizations,0,0,f,f,Operational,-0.516667,34.45
15869,Ekitale Dispensary,Bungoma,Bungoma South,Dispensary,Ministry of Health,0,0,f,f,Operational,0.566667,34.566667
19900,Ekomero Health Centre,Kakamega,Khwisero,Health Centre,Ministry of Health,6,4,f,f,Operational,0.284767,34.752308
15870,Ekwanda Health Centre,Vihiga,Emuhaya,Health Centre,Ministry of Health,8,0,f,f,Operational,0.083333,34.716667
18170,El Kambere Nomadic Clinic,Garissa,Hulugho,Dispensary,Ministry of Health,0,0,f,f,Operational,-0.456944,39.658333
14427,Elangata Enterit Dispensary,Narok,Narok South,Dispensary,Ministry of Health,0,0,f,f,Operational,-1.083333,35.866667
19329,Elatiai Health Ccare Services Medical Clinic,Kajiado,Kajiado Central,Medical Clinic,Private Practice - General Practitioner,0,0,f,f,Operational,-1.85,36.783333
13332,Elben Dispensary,Wajir,Tarbaj,Dispensary,Ministry of Health,0,0,f,f,Operational,1.75,40.066667
14428,Elburgon (PCEA) Dispensary,Nakuru,Molo,Dispensary,Christian Health Association of Kenya,0,0,f,f,Operational,-0.303099,36.080026
17221,Enesampulai Dispensary,Narok,Narok North,Dispensary,Ministry of Health,0,0,f,f,Operational,-1.083333,35.866667
14458,Engashura Health Centre,Nakuru,Nakuru North,Health Centre,Ministry of Health,0,0,f,f,Operational,-0.303099,36.080026
10171,Engineer District Hospital,Nyandarua,Nyandarua South,District Hospital,Ministry of Health,6,0,f,f,Operational,-0.183333,36.366667
17557,Engineer Medical Clinic,Nyandarua,Nyandarua South,Medical Clinic,Private Practice - Nurse / Midwife,0,0,f,f,Operational,-0.183333,36.366667
17910,Engos Health Cente,Narok,Trans Mara East,Health Centre,Christian Health Association of Kenya,12,6,f,f,Operational,-1.286389,36.817223
21173,Enkipai Dispensary,Narok,Trans Mara West - Dikirr,Dispensary,Ministry of Health,0,0,f,f,Operational,-1.083333,35.866667
14460,Enkirgir Dispensary,Kajiado,Isinya,Dispensary,Ministry of Health,0,0,f,f,Operational,-1.85,36.783333
14461,Enkirotet Medical Clinic,Kajiado,Loitoktok,Medical Clinic,Private Practice - Nurse / Midwife,4,0,f,f,Operational,-1.85,36.783333
14462,Enkitoria Dispensary,Narok,Narok South,Dispensary,Other Faith Based,0,0,f,f,Operational,-1.083333,35.866667
17813,Enkongu Narok Dispensary,Kajiado,Loitoktok,Dispensary,Community Development Fund,4,0,f,f,Operational,-1.85,36.783333
14463,Enkorika Health Centre,Kajiado,Kajiado Central,Health Centre,Ministry of Health,6,1,f,f,Operational,-1.85,36.783333
21131,Enoombarbali Dispensary,Narok,Narok North,Dispensary,Ministry of Health,0,0,f,f,Not-Operational,-1.083333,35.866667
14465,Enoosaen Health Centre,Narok,Trans Mara West - Dikirr,Health Centre,Ministry of Health,16,0,f,f,Operational,-1.083333,35.866667
14466,Enoosaen Zh Clinic,Narok,Trans Mara West - Dikirr,Medical Clinic,Private Practice - Nurse / Midwife,0,0,f,f,Operational,-1.083333,35.866667
21130,Enooseyia Dispensary,Narok,Narok North,Dispensary,Ministry of Health,0,0,f,f,Not-Operational,-1.083333,35.866667
14464,Enoosupukia Dispensary,Narok,Narok North,Dispensary,Kenya Episcopal Conference-Catholic Secretariat,1,0,f,f,Not-Operational,-1.083333,35.866667
17730,Ensakia Dispensary,Nyamira,Borabu,Dispensary,Ministry of Health,0,0,f,f,Operational,-0.633333,34.933333
13545,Entanda Dispensary,Kisii,Marani,Dispensary,Ministry of Health,0,0,f,f,Operational,-0.683333,34.766667
14467,Entarara Health Centre,Kajiado,Loitoktok,Health Centre,Ministry of Health,20,4,f,f,Operational,-1.85,36.783333
17320,Entargeti Dispensary,Narok,Trans Mara West - Dikirr,Dispensary,Ministry of Health,0,0,f,f,Operational,-1.083333,35.866667
20078,Farmers choice wellness centre clinic,Nairobi,Roysambu,Medical Clinic,Private Practice - Unspecified,0,0,f,f,Operational,-1.286389,36.817223
18617,Fathers Maternity and Health Services,Kiambu,Ruiru,Nursing Home,Private Practice - Nurse / Midwife,6,4,f,f,Operational,-1.286389,36.817223
14493,Fatima Health Centre (Lenkism),Kajiado,Loitoktok,Health Centre,Kenya Episcopal Conference-Catholic Secretariat,20,4,f,f,Operational,-1.85,36.783333
14494,Fatima Maternity Hospital,Kajiado,Kajiado North,Maternity Home,Kenya Episcopal Conference-Catholic Secretariat,32,0,f,f,Operational,-1.85,36.783333
20857,Favour Medical Services,Kajiado,Isinya,Health Centre,Private Practice - Nurse / Midwife,0,0,f,f,Operational,-1.286389,36.817223
17908,Favour Primary Health Care,Machakos,Athi River,Medical Clinic,Private Practice - Nurse / Midwife,1,1,f,f,Not-Operational,-1.516667,37.266667
11373,Faza Hospital,Lamu,Lamu East,Sub-District Hospital,Ministry of Health,15,0,f,f,Operational,-2.266667,40.9
20519,Fenway Medical Clinic,Nyandarua,Nyandarua North,Medical Clinic,Private Practice - Nurse / Midwife,0,0,f,f,Operational,-0.183333,36.366667
14497,Finlay Flowers Dispensary,Kericho,Belgut,Dispensary,Private Enterprise (Institution),0,0,f,f,Operational,-0.366667,35.283333
13340,Fino Health Centre,Mandera,Lafey,Health Centre,Ministry of Health,40,0,f,f,Operational,3.933333,41.866667
13554,Firmview Medical Clinic,Nyamira,North Masaba,Medical Clinic,Private Enterprise (Institution),6,0,f,f,Operational,-0.633333,34.933333
18226,First Baptist Dispensary,Machakos,Athi River,Dispensary,Private Enterprise (Institution),0,0,f,f,Operational,-1.516667,37.266667
14498,Fitc Dispensary,Nakuru,Nakuru,Dispensary,Ministry of Health,0,0,f,f,Operational,-0.303099,36.080026
12943,Flack Clinic,Nairobi,Makadara,Medical Clinic,Private Practice - Nurse / Midwife,0,0,f,f,Operational,-1.286389,36.817223
14499,Flax Dispensary,Elgeyo Marakwet,Keiyo South,Dispensary,Ministry of Health,0,0,f,f,Operational,0.514277,35.269779
18472,Flomed Med Clinic,Nairobi,Kasarani,Medical Clinic,Private Practice - Nurse / Midwife,0,0,f,f,Operational,-1.286389,36.817223
16540,Gama Medical Clinic,Mombasa,Kisauni,Medical Clinic,Private Enterprise (Institution),3,0,f,f,Operational,-4.043477,39.668205
19954,Gamba Medical Clinic,Tana River,Tana Delta,Dispensary,Non-Governmental Organizations,0,0,f,f,Operational,-1.5,40.033333
11382,Ganda Dispensary,Kilifi,Malindi,Dispensary,Ministry of Health,0,0,f,f,Operational,-3.216667,40.116667
18300,Gandini Dispensary,Kilifi,Magarini,Dispensary,Ministry of Health,0,0,f,f,Pending Opening,-3.216667,40.116667
21256,Gandini Dispensary,Kwale,Kinango,Dispensary,Ministry of Health,4,2,f,f,Operational,-4.183333,39.45
12028,Gangara Dispensary,Meru,Imenti South,Dispensary,Christian Health Association of Kenya,0,0,f,f,Operational,0.05,37.65
13343,Ganyure Dispensary,Wajir,Wajir West,Dispensary,Ministry of Health,0,0,f,f,Operational,1.75,40.066667
11383,Ganze Health Centre,Kilifi,Ganze,Health Centre,Ministry of Health,10,0,f,f,Operational,-3.633333,39.85
20760,Garabey Dispensary,Garissa,Hulugho,Dispensary,Ministry of Health,0,0,f,f,Pending Opening,-0.456944,39.658333
11384,Garashi Dispensary,Kilifi,Magarini,Dispensary,Ministry of Health,0,0,f,f,Operational,-3.216667,40.116667
12029,Garbatulla District Hospital,Isiolo,Garbatula,District Hospital,Ministry of Health,51,10,f,f,Operational,0.35,37.583333
19718,Garden Park Medical Centre,Kiambu,Kiambu,Medical Clinic,Private Practice - General Practitioner,0,0,f,f,Operational,-1.286389,36.817223
18866,Gari Dispensary,Kisumu,Nyakach,Dispensary,Ministry of Health,0,0,f,f,Operational,-0.10221,34.761711
20359,Garissa Children Hospital,Garissa,Garissa,Medical Clinic,Private Practice - Clinical Officer,8,0,f,f,Operational,-0.456944,39.658333
17670,Garissa Mother and Child Care Nursing Home,Garissa,Garissa,Nursing Home,Private Practice - Nurse / Midwife,6,0,f,f,Operational,-0.456944,39.658333
13346,Garissa Provincial General Hospital (PGH),Garissa,Garissa,Provincial General Hospital,Ministry of Health,224,9,f,f,Operational,-0.456944,39.658333
16287,Garissa Teacher Training College Dispensary,Garissa,Garissa,Dispensary,Academic (if registered),0,0,f,f,Operational,-0.456944,39.658333
19079,Garlands Medical Centree,Kajiado,Kajiado North,Medical Clinic,Private Practice - General Practitioner,0,0,f,f,Operational,-1.85,36.783333
11385,Garsen Health Centre,Tana River,Tana Delta,Health Centre,Ministry of Health,4,0,f,f,Operational,-1.5,40.033333
20881,Gicharani Catholic Dispensary,Kiambu,Kikuyu,Dispensary,Kenya Episcopal Conference-Catholic Secretariat,0,0,f,f,Operational,-1.166667,36.833333
12038,Gichiche Dispensary,Embu,Embu East,Dispensary,Ministry of Health,0,0,f,f,Operational,-0.533333,37.45
10249,Gichiche Health Centre,Nyeri,Nyeri South,Health Centre,Ministry of Health,15,0,f,f,Operational,-0.416667,36.95
10250,Gichiche Medical Clinic,Nyeri,Nyeri South,Medical Clinic,Private Practice - Clinical Officer,0,0,f,f,Operational,-0.416667,36.95
10251,Gichira Health Centre,Nyeri,Tetu,Health Centre,Ministry of Health,4,0,f,f,Operational,-0.416667,36.95
10252,Gichuru Dispensary,Kiambu,Kikuyu,Dispensary,Ministry of Health,0,0,f,f,Operational,-1.166667,36.833333
13574,Gietai (AIC) Dispensary,Nyamira,Nyamira North,Dispensary,Christian Health Association of Kenya,5,0,f,f,Operational,-0.633333,34.933333
11391,Gift Medical Clinic,Mombasa,Changamwe,Medical Clinic,Private Enterprise (Institution),0,0,f,f,Operational,-4.043477,39.668205
20496,Giika,Meru,Igembe South,Dispensary,Ministry of Health,0,0,f,f,Operational,0.05,37.65
17645,Giithu Dispensary,Meru,Tigania East,Dispensary,Ministry of Health,0,0,f,f,Operational,0.05,37.65
20860,Gikambura Health Centre,Kiambu,Kikuyu,Health Centre,Ministry of Health,15,0,f,f,Operational,-1.166667,36.833333
16171,Gikono Dispensary,Murang'a,Muranga South,Dispensary,Ministry of Health,0,0,f,f,Operational,-1.033333,37.066667
10256,Gikui Health Centre,Murang'a,Kiharu,Health Centre,Ministry of Health,0,0,f,f,Operational,-0.716667,37.15
16853,Gikuuri Dispensary (CDF),Embu,Embu East,Dispensary,Ministry of Health,0,0,f,f,Operational,-0.533333,37.45
17960,Gil Medical Clinic,Meru,Imenti South,Medical Clinic,Private Practice - Nurse / Midwife,0,0,f,f,Operational,0.05,37.65
14508,Gilgil Astu Dispensary,Nakuru,Gilgil,Dispensary,Ministry of Health,0,0,f,f,Operational,-0.303099,36.080026
20683,Gilgil Centre of Hope,Nakuru,Gilgil,Medical Clinic,Private Enterprise (Institution),0,0,f,f,Operational,-0.303099,36.080026
14509,Gilgil Community Medical Clinic,Nakuru,Gilgil,Medical Clinic,Private Practice - Nurse / Midwife,0,0,f,f,Operational,-0.303099,36.080026
14511,Gilgil Military Regional Hospital,Nakuru,Gilgil,Other Hospital,Armed Forces,0,0,f,f,Operational,-0.303099,36.080026
19916,Gionsaria Health Centre (Nyamache),Kisii,Nyamache,Health Centre,Ministry of Health,0,0,f,f,Operational,-0.683333,34.766667
13575,Girango Dispensary,Nyamira,North Masaba,Dispensary,Ministry of Health,1,0,f,f,Operational,-0.633333,34.933333
10296,Good Samaritan (ACK) Medical Clinic,Nyeri,Nyeri Central,Dispensary,Christian Health Association of Kenya,0,0,f,f,Operational,-0.416667,36.95
10297,Good Samaritan Health Services (Kirinyaga),Kirinyaga,Kirinyaga North,Medical Clinic,Private Practice - Nurse / Midwife,0,0,f,f,Operational,-0.5,37.283333
19913,Good Samaritan Medical Centre,Kiambu,Githunguri,Medical Clinic,Private Practice - Clinical Officer,0,0,f,f,Operational,-1.166667,36.833333
17747,Good Shepherd Ang'iya,Homa Bay,Ndhiwa,Dispensary,Kenya Episcopal Conference-Catholic Secretariat,4,2,f,f,Operational,-0.516667,34.45
12960,Good Shepherd Dispensary,Nairobi,Dagoretti South,Dispensary,Private Enterprise (Institution),0,0,f,f,Operational,-1.286389,36.817223
17836,Goodwill Medical Clinic,Nakuru,Nakuru,Medical Clinic,Private Practice - Nurse / Midwife,0,0,f,f,Operational,-0.303099,36.080026
14531,Gorgor Dispensary,Bomet,Sotik,Dispensary,Ministry of Health,0,0,f,f,Operational,-0.783333,35.35
12053,Goro Rukesa Dispensary,Marsabit,Marsabit,Dispensary,Ministry of Health,0,0,f,f,Operational,2.333333,37.983333
11403,Gorofani Medical Clinic,Mombasa,Likoni,Medical Clinic,Private Enterprise (Institution),0,0,f,f,Operational,-4.043477,39.668205
20959,Gosebe Dispensary,Migori,Kuria East,Dispensary,Ministry of Health,1,1,f,f,Operational,-1.066667,34.466667
14532,Goseta Dispensary,Trans Nzoia,Kwanza,Dispensary,Ministry of Health,0,0,f,f,Operational,1.016667,34.983333
14533,Gosheni Medical Clinic,Nakuru,Naivasha,Medical Clinic,Private Practice - Nurse / Midwife,2,1,f,f,Operational,-0.303099,36.080026
19928,Got Kachola Dispensary,Migori,Migori,Dispensary,Ministry of Health,2,0,f,f,Operational,-1.066667,34.466667
18874,Got Kamondi Dispensary,Homa Bay,Rachuonyo South,Dispensary,Ministry of Health,0,0,f,f,Operational,-0.516667,34.45
13591,Got Nyabondo Dispensary,Kisumu,Kisumu East,Dispensary,Local Authority,0,0,f,f,Operational,-0.10221,34.761711
18321,Got Osimbo Dispensary,Siaya,Ugunja,Dispensary,Ministry of Health,0,0,f,f,Operational,0.066667,34.283333
17118,Holo Dispensary,Kisumu,Nyando,Dispensary,Ministry of Health,0,0,f,f,Operational,-0.10221,34.761711
10321,Holy Cross Dispensary,Kiambu,Kikuyu,Dispensary,Kenya Episcopal Conference-Catholic Secretariat,0,0,f,f,Operational,-1.166667,36.833333
21199,Holy Family Children's Home Dispensary,Uasin Gishu,Eldoret East,Dispensary,Kenya Episcopal Conference-Catholic Secretariat,6,0,f,f,Operational,0.514277,35.269779
19963,Holy Family Mission Hospital Githunguri,Kiambu,Githunguri,Other Hospital,Kenya Episcopal Conference-Catholic Secretariat,45,3,f,f,Operational,-1.166667,36.833333
16073,Holy Family Nangina Hospital,Busia,Samia,Other Hospital,Kenya Episcopal Conference-Catholic Secretariat,96,5,f,f,Operational,0.46,34.11
13604,Holy Family Oriang Mission Dispensary,Homa Bay,Rachuonyo South,Dispensary,Kenya Episcopal Conference-Catholic Secretariat,2,0,f,f,Operational,-0.516667,34.45
14549,Holy Spirit Health Centre,Nakuru,Gilgil,Health Centre,Kenya Episcopal Conference-Catholic Secretariat,15,1,f,f,Operational,-0.303099,36.080026
14550,Holy Trinity Health Centre (Mai Mahiu),Nakuru,Naivasha,Health Centre,Kenya Episcopal Conference-Catholic Secretariat,5,2,f,f,Operational,-0.303099,36.080026
17926,Homa Bay Community Medical Clinic,Homa Bay,Homa Bay,Medical Clinic,Private Practice - Clinical Officer,1,0,f,f,Operational,-0.516667,34.45
13608,Homa Bay County Teaching and Referral Hospital,Homa Bay,Homa Bay,District Hospital,Ministry of Health,280,8,f,f,Operational,-0.516667,34.45
13605,Homa Clinic,Homa Bay,Homa Bay,Medical Clinic,Private Enterprise (Institution),0,0,f,f,Operational,-0.516667,34.45
13606,Homa Hills Health Centre,Homa Bay,Rachuonyo North,Health Centre,Non-Governmental Organizations,7,0,f,f,Operational,-0.516667,34.45
13607,Homa Lime Health Centre,Homa Bay,Rachuonyo North,Health Centre,Ministry of Health,6,2,f,f,Operational,-0.516667,34.45
21016,Homabay County Beyond Zero Mobile Clinic,Homa Bay,Homa Bay,Dispensary,Ministry of Health,0,0,f,f,Operational,-0.516667,34.45
21176,Home Ground Nursing Home,Siaya,Ugunja,Nursing Home,Private Practice - Clinical Officer,15,4,f,f,Operational,0.066667,34.283333
18056,Homebase Medical Clinic,Kwale,Kinango,Medical Clinic,Private Practice - Nurse / Midwife,0,0,f,f,Operational,-4.183333,39.45
13609,Hongo Ogosa Health Centre,Kisumu,Nyando,Health Centre,Ministry of Health,0,0,f,f,Operational,-0.10221,34.761711
11412,Hongwe Catholic Dispensary,Lamu,Lamu West,Dispensary,Kenya Episcopal Conference-Catholic Secretariat,0,0,f,f,Operational,-2.266667,40.9
12969,Hono Clinic,Nairobi,Makadara,Dispensary,Local Authority,0,0,f,f,Operational,-1.286389,36.817223
13617,Ikonge Dispensary,Nyamira,Nyamira North,Dispensary,Ministry of Health,0,0,f,f,Operational,-0.633333,34.933333
17165,Ikonzo Dispensary,Busia,Butula,Dispensary,Ministry of Health,0,0,f,f,Operational,0.46,34.11
14559,Ikumbi Health Centre,Nakuru,Kuresoi,Health Centre,Ministry of Health,10,0,f,f,Operational,-0.303099,36.080026
12079,Ikumbo Dispensary,Tharaka Nithi,Maara,Dispensary,Ministry of Health,0,0,f,f,Operational,,
12080,Ikutha Health Centre,Kitui,Ikutha,Health Centre,Ministry of Health,2,3,f,f,Operational,-1.366667,38.016667
18883,Ikuu CFW Clinic,Tharaka Nithi,Meru South,Medical Clinic,Non-Governmental Organizations,0,0,f,f,Operational,,
12081,Ikuu Dispensary,Tharaka Nithi,Meru South,Dispensary,Ministry of Health,0,0,f,f,Operational,,
12082,Ikuyuni Dispensary,Kitui,Nzambani,Dispensary,Ministry of Health,0,0,f,f,Operational,-1.366667,38.016667
16717,Ikuywa Dispensary,Kakamega,Kakamega East (Shinyalu),Dispensary,Ministry of Health,0,0,f,f,Operational,0.284767,34.752308
14562,Ilaiser Dispensary,Narok,Narok North,Dispensary,Ministry of Health,0,0,f,f,Operational,-1.083333,35.866667
12083,Ilalambyu Dispensary,Kitui,Mwingi West,Dispensary,Ministry of Health,0,0,f,f,Operational,-1.366667,38.016667
17337,Ilan Dispensary,Garissa,Lagdera,Dispensary,Ministry of Health,0,0,f,f,Operational,-0.456944,39.658333
19976,Ilatu Dispensary (Makindu),Makueni,Makindu,Dispensary,Ministry of Health,0,0,f,f,Operational,-1.8,37.616667
19269,Ilbissil Medical Clinic,Kajiado,Kajiado Central,Medical Clinic,Private Practice - General Practitioner,0,0,f,f,Operational,-1.85,36.783333
17053,Ilchalai Dispensary,Kajiado,Loitoktok,Dispensary,Ministry of Health,4,0,f,f,Operational,-1.85,36.783333
15900,Ileho Health Centre,Kakamega,Kakamega East (Shinyalu),Health Centre,Ministry of Health,7,4,f,f,Operational,0.284767,34.752308
12084,Ilengi Dispensary,Kitui,Ikutha,Dispensary,Ministry of Health,4,0,f,f,Operational,-1.366667,38.016667
12085,Ilika Dispensary,Kitui,Lower Yatta,Dispensary,Ministry of Health,0,0,f,f,Operational,-1.366667,38.016667
14563,Ilkerin Dispensary (Narok South),Narok,Narok South,Dispensary,Ministry of Health,6,4,f,f,Operational,-1.083333,35.866667
14564,Ilkerin Dispensary (Trans Mara),Narok,Trans Mara East,Dispensary,Ministry of Health,0,0,f,f,Operational,-1.083333,35.866667
14565,Ilkilinyet Dispensary,Kajiado,Mashuru,Dispensary,Ministry of Health,0,0,f,f,Operational,-1.85,36.783333
19676,Ilkilorit Dispeensary,Kajiado,Kajiado North,Dispensary,Ministry of Health,0,0,f,f,Operational,-1.85,36.783333
14586,Iten District Hospital,Elgeyo Marakwet,Keiyo,District Hospital,Ministry of Health,167,0,f,f,Operational,,
12096,Ithaeni Dispensary,Machakos,Kathiani,Dispensary,Ministry of Health,1,0,f,f,Operational,-1.516667,37.266667
10357,Ithanga Dispensary,Kiambu,Thika East,Dispensary,Ministry of Health,5,2,f,f,Operational,-1.166667,36.833333
17059,Ithangarari Dispensary,Murang'a,Gatanga,Dispensary,Ministry of Health,0,0,f,f,Operational,-0.716667,37.15
10358,Ithare Medical Clinic,Kirinyaga,Kirinyaga East,Medical Clinic,Private Practice - Nurse / Midwife,0,0,f,f,Operational,-0.5,37.283333
16653,Itheng'eli Dispensary,Kitui,Mwingi Central,Dispensary,Ministry of Health,0,0,f,f,Operational,-1.366667,38.016667
12097,Ithimbari Dispensary,Meru,Imenti South,Dispensary,Ministry of Health,0,0,f,f,Operational,0.05,37.65
19762,Ithuthi Healthcare Unit,Nyeri,Tetu,Medical Clinic,Private Practice - Clinical Officer,0,0,f,f,Operational,-0.416667,36.95
19830,Itiati University Campus Dispensary,Nyeri,Mathira West,Dispensary,Non-Governmental Organizations,0,0,f,f,Operational,-0.416667,36.95
13627,Itibo Eramani Dispensary,Kisii,Nyamache,Dispensary,Ministry of Health,0,0,f,f,Operational,-0.683333,34.766667
13628,Itibo Mission Health Centre,Nyamira,Nyamira North,Health Centre,Christian Health Association of Kenya,8,0,f,f,Operational,-0.633333,34.933333
16957,Itithini Dispensary,Makueni,Makueni,Dispensary,Ministry of Health,0,0,f,f,Operational,-1.8,37.616667
12098,Itoleka Dispenasry,Kitui,Katulani,Dispensary,Ministry of Health,0,0,f,f,Operational,-1.366667,38.016667
16934,Itoloni Dispensary,Kitui,Mwingi West,Dispensary,Ministry of Health,0,0,f,f,Operational,-1.366667,38.016667
12099,Itongolani Dispensary,Kitui,Mwingi Central,Dispensary,Ministry of Health,0,0,f,f,Operational,-1.366667,38.016667
19999,Itotia Medical Clinic,Kiambu,Lari,Medical Clinic,Private Practice - Nurse / Midwife,0,0,f,f,Operational,-1.166667,36.833333
11436,Jomvu Model Health Centre,Mombasa,Changamwe,Health Centre,Ministry of Health,0,0,f,f,Operational,-4.043477,39.668205
21076,Jomvu Wellness Centre,Mombasa,Changamwe,Medical Clinic,Non-Governmental Organizations,0,0,f,f,Operational,-4.043477,39.668205
16802,Jonalifa Clinic,Nairobi,Dagoretti North,Medical Clinic,Non-Governmental Organizations,8,0,f,f,Operational,-1.286389,36.817223
14598,Joppa Medical Clinic,Nakuru,Njoro,Medical Clinic,Private Enterprise (Institution),0,0,f,f,Operational,-0.303099,36.080026
16713,Jordan Baptist Medical Clinic,Bungoma,Bungoma South,Medical Clinic,Other Faith Based,4,0,f,f,Operational,0.566667,34.566667
12110,Jordan Hospital,Kitui,Kitui Central,Other Hospital,Private Enterprise (Institution),40,10,f,f,Operational,-1.366667,38.016667
11439,Jordan Medical Clinic,Mombasa,Kisauni,Medical Clinic,Private Enterprise (Institution),0,0,f,f,Operational,-4.043477,39.668205
18570,Jordan Medical Clinic (Ruiru),Kiambu,Ruiru,Medical Clinic,Private Practice - Nurse / Midwife,0,0,f,f,Operational,-1.166667,36.833333
12113,Josan Medical Clinic,Tharaka Nithi,Tharaka South,Medical Clinic,Private Practice - Clinical Officer,0,0,f,f,Operational,0.05,37.65
20287,Joseph Memorial Medical Centre,Nakuru,Gilgil,Medical Clinic,Private Practice - Clinical Officer,0,0,f,f,Operational,-0.303099,36.080026
10379,Joshua Memorial Mbai Dispensary,Kirinyaga,Kirinyaga East,Dispensary,Ministry of Health,0,0,f,f,Operational,-0.5,37.283333
20450,Josiah Community Medical Centre,Nairobi,Embakasi South,Medical Clinic,Private Practice - Clinical Officer,4,2,f,f,Operational,-1.286389,36.817223
10380,Joskae Clinic Kibingoti,Kirinyaga,Kirinyaga West,Medical Clinic,Private Practice - Nurse / Midwife,0,0,f,f,Operational,-0.5,37.283333
20208,Josmed Clinic,Kiambu,Kikuyu,Medical Clinic,Private Practice - Clinical Officer,0,0,f,f,Operational,-1.286389,36.817223
19300,Josnik Clinic,Nairobi,Roysambu,Medical Clinic,Private Practice - General Practitioner,0,0,f,f,Operational,-1.286389,36.817223
14600,Joster Medical Clinic,Kajiado,Kajiado North,Medical Clinic,Private Practice - General Practitioner,0,0,f,f,Operational,-1.85,36.783333
17329,Joy Bells Medical Clinic,Uasin Gishu,Eldoret West,Dispensary,Private Enterprise (Institution),0,0,f,f,Operational,0.514277,35.269779
19228,Joy Clinic Manyatta,Embu,Manyatta,Medical Clinic,Private Practice - Nurse / Midwife,0,0,f,f,Operational,-0.533333,37.45
18244,Kaewa Dispensary,Machakos,Masinga,Dispensary,Ministry of Health,0,2,f,f,Operational,-1.516667,37.266667
20931,Kaewa live care clinic,Machakos,Masinga,Medical Clinic,Private Practice - Nurse / Midwife,0,2,f,f,Operational,-1.516667,37.266667
11448,Kafuduni Dispensary,Kwale,Kinango,Dispensary,Ministry of Health,0,0,f,f,Operational,-4.183333,39.45
10394,Kagaa Dispensary,Kiambu,Lari,Dispensary,Ministry of Health,6,0,f,f,Operational,-1.166667,36.833333
12124,Kageni Med Clinic,Tharaka Nithi,Tharaka North,Medical Clinic,Private Practice - Nurse / Midwife,0,0,f,f,Operational,0.05,37.65
13642,Kageno Dispensary,Homa Bay,Mbita,Dispensary,Community,0,0,f,f,Operational,-0.516667,34.45
13643,Kager Dispensary,Homa Bay,Homa Bay,Dispensary,Non-Governmental Organizations,0,0,f,f,Operational,-0.516667,34.45
10396,Kagere Dispensary,Nyeri,Nyeri South,Dispensary,Ministry of Health,0,0,f,f,Operational,-0.416667,36.95
10397,Kagicha Dispensary,Nyeri,Nyeri South,Dispensary,Ministry of Health,0,0,f,f,Operational,-0.416667,36.95
10398,Kagio Catholic Dispensary (Mary Immucate Catholic,Kirinyaga,Kirinyaga West,Dispensary,Kenya Episcopal Conference-Catholic Secretariat,0,0,f,f,Operational,-0.5,37.283333
20811,Kagio Gyne Centre,Kirinyaga,Kirinyaga West,Medical Clinic,Private Practice - Medical Specialist,0,0,f,f,Pending Opening,-0.5,37.283333
10399,Kagio Nursing Home (Kagio),Kirinyaga,Kirinyaga West,Nursing Home,Private Practice - General Practitioner,24,0,f,f,Operational,-0.5,37.283333
19937,Kagio Nursing Home (Kerugoya),Kirinyaga,Kirinyaga Central,Medical Clinic,Private Practice - Nurse / Midwife,0,0,f,f,Operational,-0.5,37.283333
12125,Kagoji Dispensary,Meru,Meru Central,Dispensary,Ministry of Health,0,0,f,f,Operational,0.05,37.65
10400,Kagonye Dispensary,Nyeri,Nyeri South,Dispensary,Ministry of Health,0,0,f,f,Operational,-0.416667,36.95
11449,Kag-Sombo Medical Clinic,Tana River,Bura,Medical Clinic,Other Faith Based,0,0,f,f,Operational,-1.5,40.033333
10402,Kagumo Health Centre,Kirinyaga,Kirinyaga Central,Health Centre,Ministry of Health,0,0,f,f,Operational,-0.5,37.283333
21260,Kagumo Surgical and Medical Clinic,Kirinyaga,Kirinyaga Central,Medical Clinic,Private Practice - Medical Specialist,0,0,f,f,Pending Opening,-0.416667,36.95
19775,Kagumo Teachers College Dispensary,Nyeri,Tetu,Dispensary,Academic (if registered),0,0,f,f,Operational,-0.416667,36.95
10405,Kagumoini Dispensary (Muranga North),Murang'a,Mathioya,Dispensary,Ministry of Health,0,0,f,f,Operational,-0.716667,37.15
10406,Kagumoini Dispensary (Muranga South),Murang'a,Kandara,Dispensary,Ministry of Health,0,0,f,f,Operational,-0.716667,37.15
17308,Kalyongwet,Kericho,Belgut,Dispensary,Ministry of Health,0,0,f,f,Operational,-0.366667,35.283333
19312,Kam ENT Services,Nairobi,Starehe,Medical Clinic,Private Practice - Medical Specialist,0,0,f,f,Operational,-1.286389,36.817223
17660,Kama Medical Clinic,Meru,Igembe South,Medical Clinic,Private Practice - Nurse / Midwife,0,0,f,f,Operational,0.05,37.65
12158,Kamacabi Dispensary,Tharaka Nithi,Tharaka North,Dispensary,Ministry of Health,0,0,f,f,Operational,,
19727,Kamacharia Dispensary,Murang'a,Mathioya,Dispensary,Ministry of Health,0,0,f,f,Operational,-0.716667,37.15
10440,Kamae Forest Dispensary,Kiambu,Lari,Dispensary,Ministry of Health,0,0,f,f,Operational,-1.166667,36.833333
17407,Kamae Medical Clinic,Kiambu,Lari,Medical Clinic,Private Practice - Nurse / Midwife,0,0,f,f,Operational,-1.166667,36.833333
20419,Kamaembe Dispensary,Kitui,Nzambani,Dispensary,Ministry of Health,0,0,f,f,Pending Opening,-1.366667,38.016667
13649,Kamagambo Dispenasry,Migori,Rongo,Dispensary,Christian Health Association of Kenya,0,0,f,f,Operational,-1.066667,34.466667
14666,Kamaget Dispensary,Kericho,Belgut,Dispensary,Community,0,0,f,f,Operational,-0.366667,35.283333
14667,Kamaget Dispensary (Trans Mara),Narok,Trans Mara East,Dispensary,Ministry of Health,0,0,f,f,Operational,-1.083333,35.866667
16239,Kamaguna Dispensary,Tharaka Nithi,Tharaka North,Dispensary,Ministry of Health,0,0,f,f,Operational,,
17212,Kamahindu (AIC) Medical Centre,Kiambu,Lari,Medical Clinic,Christian Health Association of Kenya,0,0,f,f,Operational,-1.166667,36.833333
10441,Kamahuha Dispensary,Murang'a,Muranga South,Dispensary,Ministry of Health,0,0,f,f,Operational,-0.716667,37.15
12159,Kamaindi Dispensary,Tharaka Nithi,Meru South,Dispensary,Ministry of Health,0,0,f,f,Operational,,
10442,Kamakwa Medical Clinic,Nyeri,Nyeri Central,Medical Clinic,Private Practice - Clinical Officer,0,0,f,f,Operational,-0.416667,36.95
20948,Kamanau Dispensary,West Pokot,Pokot Central,Dispensary,Ministry of Health,0,0,f,f,Operational,1.233333,35.116667
12160,Kamandio Dispensary,Kitui,Kitui Central,Dispensary,Ministry of Health,0,0,f,f,Operational,-1.366667,38.016667
12161,Kamanyaki Dispensary,Tharaka Nithi,Tharaka South,Dispensary,Ministry of Health,0,0,f,f,Operational,,
17098,Kamar Dispensary,Baringo,Mogotio,Dispensary,Ministry of Health,0,0,f,f,Operational,0.466667,35.966667
14668,Kamara Dispensary,Nakuru,Kuresoi,Dispensary,Ministry of Health,0,0,f,f,Operational,-0.303099,36.080026
18508,Kanyongonyo,Kitui,Lower Yatta,Dispensary,Ministry of Health,0,0,f,f,Operational,-1.366667,38.016667
12185,Kanyuambora Dispensary,Embu,Mbeere North,Dispensary,Ministry of Health,1,0,f,f,Operational,-0.533333,37.45
12186,Kanyunga Health Centre,Kitui,Mwingi Central,Health Centre,Ministry of Health,3,0,f,f,Operational,-1.366667,38.016667
12187,Kanyungu Dispensary,Makueni,Kibwezi,Dispensary,Ministry of Health,2,0,f,f,Operational,-1.8,37.616667
12188,Kanyuru Dispensary,Tharaka Nithi,Tharaka South,Dispensary,Ministry of Health,0,0,f,f,Operational,,
16994,Kanzau Dispensary,Kitui,Kisasi,Dispensary,Ministry of Health,1,0,f,f,Operational,-1.366667,38.016667
18687,Kanzauwu Dispensary,Kitui,Kitui Central,Dispensary,Ministry of Health,0,0,f,f,Pending Opening,-1.366667,38.016667
20416,Kanzaw'u Dispensary,Kitui,Nzambani,Dispensary,Ministry of Health,0,0,f,f,Pending Opening,-1.366667,38.016667
12190,Kanziku Health Centre,Kitui,Mutomo,Health Centre,Ministry of Health,1,0,f,f,Operational,-1.366667,38.016667
12191,Kanzokea Health Centre,Makueni,Kathonzweni,Health Centre,Ministry of Health,10,0,f,f,Operational,-1.8,37.616667
18567,Kanzui Dispensary,Kitui,Mwingi Central,Dispensary,Ministry of Health,0,0,f,f,Operational,-1.366667,38.016667
12192,Kaongo Health Centre,Meru,Meru Central,Health Centre,Ministry of Health,12,0,f,f,Operational,0.05,37.65
17105,Kaonyweni Dispensary,Machakos,Masinga,Dispensary,Ministry of Health,0,2,f,f,Operational,-1.516667,37.266667
16335,Kaparon Health Centre,Elgeyo Marakwet,Marakwet East,Health Centre,Ministry of Health,0,0,f,f,Operational,,
14690,Kapchebar Dispensary,Elgeyo Marakwet,Keiyo,Dispensary,Ministry of Health,0,0,f,f,Operational,,
14691,Kapchebau Dispensary,Elgeyo Marakwet,Marakwet East,Dispensary,Ministry of Health,0,0,f,f,Operational,,
18064,Kapchebwai Dispensary,Kericho,Kericho,Dispensary,Ministry of Health,0,0,f,f,Operational,-0.366667,35.283333
14692,Kapchelal Dispensary,Elgeyo Marakwet,Keiyo,Dispensary,Ministry of Health,0,0,f,f,Operational,,
21242,Kapchemibei Dispensary,Bomet,Sotik,Dispensary,Ministry of Health,2,0,f,f,Operational,-0.783333,35.35
14693,Kapchemogen Dispensary,West Pokot,Pokot South,Dispensary,Ministry of Health,0,0,f,f,Operational,1.233333,35.116667
18207,Kapchemuta Dispensary,Elgeyo Marakwet,Marakwet West,Dispensary,Ministry of Health,0,0,f,f,Not-Operational,,
15921,Kapchemwani Dispensary,Vihiga,Hamisi,Dispensary,Ministry of Health,3,0,f,f,Operational,0.083333,34.716667
15925,Kaptama (Friends) Health Centre,Bungoma,Mt Elgon,Health Centre,Other Faith Based,26,0,f,f,Operational,0.566667,34.566667
15926,Kaptanai Dispensary,Bungoma,Bungoma West,Dispensary,Ministry of Health,0,0,f,f,Operational,0.566667,34.566667
14776,Kaptarakwa Sub-District Hospital,Elgeyo Marakwet,Keiyo South,Sub-District Hospital,Ministry of Health,20,2,f,f,Operational,,
14777,Kaptebengwo Dispensary,Bomet,Sotik,Dispensary,Ministry of Health,0,0,f,f,Operational,-0.783333,35.35
16456,Kaptech Dispensary,Vihiga,Hamisi,Dispensary,Ministry of Health,0,0,f,f,Operational,0.083333,34.716667
14778,Kaptel Dispensary,Nandi,Chesumei,Dispensary,Ministry of Health,0,0,f,f,Operational,0.166667,35.133333
19872,Kapteldet,Uasin Gishu,Wareng,Dispensary,Ministry of Health,2,2,f,f,Operational,0.516667,35.283333
14779,Kapteldon Health Centre,Uasin Gishu,Wareng,Health Centre,Ministry of Health,6,0,f,f,Operational,0.514277,35.269779
14780,Kaptembwo Dispensary,Bomet,Konoin,Dispensary,Ministry of Health,0,0,f,f,Operational,-0.783333,35.35
14781,Kapteren Health Centre,Elgeyo Marakwet,Keiyo,Health Centre,Ministry of Health,0,0,f,f,Operational,,
18185,Kapterit Dispensary,Elgeyo Marakwet,Marakwet West,Dispensary,Ministry of Health,0,0,f,f,Operational,,
17130,Kaptien Community Dispensary,Nandi,Nandi East,Dispensary,Ministry of Health,0,0,f,f,Operational,0.166667,35.133333
17638,Kaptildil Dispensary,Nandi,Chesumei,Dispensary,Ministry of Health,0,0,f,f,Operational,0.166667,35.133333
14784,Kaptimbor Dispensary,Baringo,Baringo Central,Dispensary,Ministry of Health,0,0,f,f,Operational,0.466667,35.966667
14785,Kaptiony Dispensary,Baringo,Baringo North,Dispensary,Ministry of Health,0,0,f,f,Operational,0.466667,35.966667
14786,Kaptiony Dispensary (Marakwet),Elgeyo Marakwet,Marakwet West,Dispensary,Ministry of Health,0,0,f,f,Operational,,
16457,Kaptisi Dispensary,Vihiga,Hamisi,Dispensary,Ministry of Health,0,0,f,f,Operational,0.083333,34.716667
14787,Kaptoboiti Dispensary,Kericho,Belgut,Dispensary,Ministry of Health,0,0,f,f,Operational,-0.366667,35.283333
14775,Kaptorokwa Dispensary,Baringo,Baringo Central,Dispensary,Ministry of Health,0,0,f,f,Pending Opening,0.466667,35.966667
17254,Kaptoror Dispensary,Elgeyo Marakwet,Marakwet West,Dispensary,Ministry of Health,0,0,f,f,Operational,,
14788,Kaptum Dispensary,Baringo,Baringo North,Dispensary,Ministry of Health,0,0,f,f,Operational,0.466667,35.966667
14790,Kaptumin Dispensary,Baringo,Baringo North,Dispensary,Ministry of Health,0,0,f,f,Operational,0.466667,35.966667
14791,Kaptumo Dispensary,Uasin Gishu,Wareng,Dispensary,Ministry of Health,0,0,f,f,Operational,0.514277,35.269779
12208,Kasikeu Dispensary,Makueni,Mukaa,Dispensary,Ministry of Health,0,0,f,f,Operational,-1.8,37.616667
12209,Kasilili Medical Clinic,Kitui,Mutitu,Medical Clinic,Private Enterprise (Institution),0,0,f,f,Operational,-1.366667,38.016667
18158,Kasimba Medical Clinic,Makueni,Kilungu,Medical Clinic,Private Practice - Clinical Officer,0,0,f,f,Operational,-1.8,37.616667
14810,Kasisit Dispensary,Baringo,Baringo North,Dispensary,Ministry of Health,0,0,f,f,Operational,0.466667,35.966667
14811,Kasitet Dispensary,Baringo,Baringo Central,Dispensary,Ministry of Health,0,0,f,f,Operational,0.466667,35.966667
20842,Kasitet Dispensary (Alale),West Pokot,North Pokot,Dispensary,Ministry of Health,0,0,f,f,Not-Operational,1.233333,35.116667
20485,Kasoiyo Dispensary,Baringo,Baringo Central,Dispensary,Ministry of Health,0,0,f,f,Operational,0.466667,35.966667
14812,Kasok Dispensary,Baringo,Baringo North,Dispensary,Ministry of Health,0,0,f,f,Operational,0.466667,35.966667
18908,Kasolina Medical Clinic,Meru,Meru Central,Medical Clinic,Private Practice - General Practitioner,0,0,f,f,Operational,0.05,37.65
16282,Kasongo Dispensary,Kisumu,Muhoroni,Dispensary,Ministry of Health,0,0,f,f,Operational,-0.10221,34.761711
17219,Kasphat Dispensary,Kiambu,Kiambu,Dispensary,Ministry of Health,0,0,f,f,Operational,-1.166667,36.833333
10509,Kasuku Health Centre,Nyandarua,Nyandarua West,Health Centre,Ministry of Health,6,0,f,f,Operational,-0.183333,36.366667
12210,Kasunguni Dispensary,Kitui,Kitui Central,Dispensary,Ministry of Health,1,0,f,f,Operational,-1.366667,38.016667
14813,Kasuroi Dispensary,Turkana,Turkana South,Dispensary,Community,0,0,f,f,Pending Opening,3.116667,35.6
12211,Kasyala Dispensary,Kitui,Kitui Central,Dispensary,Ministry of Health,4,0,f,f,Operational,-1.366667,38.016667
12212,Katagini Dispensary,Makueni,Mbooni East,Dispensary,Ministry of Health,0,0,f,f,Operational,-1.8,37.616667
12213,Katakani Dispensary,Kitui,Kyuso,Dispensary,Other Faith Based,0,0,f,f,Operational,-1.366667,38.016667
12214,Katalwa Dispensary,Kitui,Mwingi Central,Dispensary,Ministry of Health,0,0,f,f,Operational,-1.366667,38.016667
12215,Katangi Health Centre,Machakos,Yatta,Health Centre,Ministry of Health,0,0,f,f,Operational,-1.516667,37.266667
12217,Katani Dispensary,Machakos,Athi River,Dispensary,Ministry of Health,1,0,f,f,Operational,-1.516667,37.266667
14815,Kataret Dispensary,Bomet,Chepalungu,Dispensary,Ministry of Health,0,0,f,f,Operational,-0.783333,35.35
14816,Katee Dispensary,Elgeyo Marakwet,Marakwet West,Dispensary,Ministry of Health,0,0,f,f,Operational,,
17083,Kembu Dispensary,Bomet,Bomet East,Dispensary,Ministry of Health,0,0,f,f,Operational,-0.783333,35.35
14825,Kemeloi Health Centre,Nandi,Nandi South,Health Centre,Ministry of Health,8,0,f,f,Operational,0.166667,35.133333
13666,Kemera Dispensary (Manga),Nyamira,Manga,Dispensary,Christian Health Association of Kenya,3,0,f,f,Operational,-0.633333,34.933333
18301,Kemri Clinic,Kisumu,Kisumu West,Health Centre,Parastatal,0,0,f,f,Operational,-0.10221,34.761711
13019,Kemri VCT,Nairobi,Kibra,VCT Centre (Stand-Alone),Ministry of Health,40,0,f,f,Operational,-1.286389,36.817223
19084,Kemu Medical Clinic,Kajiado,Kajiado North,Medical Clinic,Private Practice - Clinical Officer,0,0,f,f,Operational,-1.85,36.783333
19871,Ken Ame Health Centre,Uasin Gishu,Wareng,Health Centre,Other Faith Based,12,12,f,f,Operational,0.516667,35.283333
18620,Kendi Medical Clinic,Meru,Igembe South,Medical Clinic,Private Practice - Nurse / Midwife,0,0,f,f,Operational,0.05,37.65
13668,Kendu Sub-District Hospital,Homa Bay,Rachuonyo North,Sub-District Hospital,Ministry of Health,28,2,f,f,Operational,-0.516667,34.45
14826,Kenegut Dispensary,Kericho,Kericho,Dispensary,Ministry of Health,0,0,f,f,Operational,-0.366667,35.283333
14827,Kenene Dispensary,Kericho,Bureti,Dispensary,Ministry of Health,0,0,f,f,Operational,-0.366667,35.283333
13669,Kengen Clinic,Kisumu,Nyakach,Medical Clinic,Parastatal,0,0,f,f,Operational,-0.10221,34.761711
17332,Kengen Staff Clinic,West Pokot,West Pokot,Dispensary,Private Enterprise (Institution),0,0,f,f,Operational,1.016667,34.983333
20282,Kenlands Health Services,Nakuru,Nakuru,Medical Clinic,Private Practice - Clinical Officer,0,0,f,f,Operational,-0.303099,36.080026
21051,Kenlands Health Services Maili Sita,Nakuru,Nakuru North,Health Centre,Private Practice - General Practitioner,15,3,f,f,Operational,-0.303099,36.080026
10512,Kenol Hospital,Murang'a,Muranga South,Nursing Home,Private Enterprise (Institution),8,0,f,f,Operational,-0.716667,37.15
17544,Kentalya Farm Cilinic,Nakuru,Naivasha,Medical Clinic,Company Medical Service,0,0,f,f,Operational,-0.303099,36.080026
10532,Kiamanyeki Dispensary,Kirinyaga,Kirinyaga South,Dispensary,Ministry of Health,0,0,f,f,Operational,-0.5,37.283333
10533,Kiamara Dispensary,Murang'a,Muranga West,Dispensary,Ministry of Health,0,0,f,f,Operational,-0.716667,37.15
10534,Kiamara Medical Clinic,Murang'a,Kiharu,Medical Clinic,Private Enterprise (Institution),0,0,f,f,Operational,-0.716667,37.15
17396,Kiambaa Medical Clinic,Kiambu,Kikuyu,Medical Clinic,Private Practice - Nurse / Midwife,0,0,f,f,Operational,-1.286389,36.817223
12271,Kiambere Dam Dispensary,Embu,Mbeere South,Dispensary,Ministry of Health,1,0,f,f,Operational,-0.533333,37.45
14845,Kiambogo Dispensary (Naivasha),Nakuru,Gilgil,Dispensary,Ministry of Health,2,0,f,f,Operational,-0.303099,36.080026
10537,Kiambogo Dispensary (Nyandarua South),Nyandarua,Kipipiri,Dispensary,Ministry of Health,0,0,f,f,Operational,-0.183333,36.366667
10539,Kiambu District Hospital,Kiambu,Kiambu,District Hospital,Ministry of Health,289,33,f,f,Operational,-1.166667,36.833333
10540,Kiambu Institute of Science and Technology Dispens,Kiambu,Kiambu,Medical Clinic,Private Practice - Nurse / Midwife,0,0,f,f,Operational,-1.166667,36.833333
18032,Kiambu Medical Centre,Kiambu,Kiambu,Medical Clinic,Private Practice - General Practitioner,0,0,f,f,Operational,-1.166667,36.833333
17016,Kiambuthia Dispensary,Murang'a,Mathioya,Dispensary,Community,0,0,f,f,Pending Opening,-0.716667,37.15
13683,Kiamokama Health Centre,Kisii,Masaba South,Health Centre,Ministry of Health,2,0,f,f,Operational,-0.683333,34.766667
12272,Kiamuchairu Health Centre,Tharaka Nithi,Maara,Health Centre,Ministry of Health,6,4,f,f,Operational,,
12273,Kiamuchii Dispensary,Tharaka Nithi,Meru South,Dispensary,Ministry of Health,0,0,f,f,Operational,,
12274,Kiamuringa Dispensary,Embu,Mbeere South,Dispensary,Ministry of Health,0,0,f,f,Operational,-0.533333,37.45
18331,Kiembeni Medical Clinic,Mombasa,Kisauni,Medical Clinic,Private Practice - Nurse / Midwife,0,0,f,f,Operational,-4.043477,39.668205
12296,Kieni Kia Ndege Dispensary,Meru,Imenti South,Dispensary,Ministry of Health,0,0,f,f,Operational,0.05,37.65
12295,Kieni Model Health Centre,Tharaka Nithi,Maara,Health Centre,Ministry of Health,0,0,f,f,Operational,,
12297,Kiereni Dispensary,Tharaka Nithi,Meru South,Dispensary,Ministry of Health,0,0,f,f,Operational,,
12298,Kigaa Dispensary,Embu,Embu East,Dispensary,Ministry of Health,0,0,f,f,Operational,-0.533333,37.45
10581,Kiganjo Dispensary,Kiambu,Gatundu,Dispensary,Ministry of Health,0,0,f,f,Operational,-1.166667,36.833333
10582,Kiganjo Health Centre,Nyeri,Nyeri Central,Health Centre,Ministry of Health,10,0,f,f,Operational,-0.416667,36.95
18878,Kiganjo Medical Centre,Kiambu,Thika West,Medical Clinic,Private Practice - Clinical Officer,0,0,f,f,Operational,-1.286389,36.817223
10584,Kigetuini Dispensary,Murang'a,Kiharu,Dispensary,Ministry of Health,0,0,f,f,Operational,-0.716667,37.15
11469,Kighombo Dispensary,Taita Taveta,Mwatate,Dispensary,Ministry of Health,0,0,f,f,Operational,,
12299,Kigogo Dispensary,Tharaka Nithi,Meru South,Dispensary,Christian Health Association of Kenya,0,0,f,f,Operational,,
10586,Kigoro Dispensary,Murang'a,Gatanga,Dispensary,Ministry of Health,0,0,f,f,Operational,-1.033333,37.066667
10587,Kigumo Health Centre (Kiambu East),Kiambu,Githunguri,Health Centre,Ministry of Health,16,0,f,f,Operational,-1.166667,36.833333
10588,Kigumo Sub County Hospital (Kigumo),Murang'a,Kigumo,Sub-District Hospital,Ministry of Health,6,1,f,f,Operational,-0.716667,37.15
13691,Kigwa Dispensary,Homa Bay,Suba,Dispensary,Ministry of Health,1,0,f,f,Operational,-0.516667,34.45
10591,Kihara Sub-District Hospital,Kiambu,Kiambu,Sub-District Hospital,Ministry of Health,84,0,f,f,Operational,-1.166667,36.833333
14860,Kihato Dispensary,Laikipia,Laikipia Central,Dispensary,Other Public Institution,0,0,f,f,Operational,0.366667,37.033333
14861,Kihia Medical Clinic,Nakuru,Nakuru North,Medical Clinic,Private Practice - Clinical Officer,0,0,f,f,Operational,-0.303099,36.080026
12314,Kilungu Sub-District Hospital,Makueni,Kilungu,Sub-District Hospital,Ministry of Health,14,4,f,f,Operational,-1.8,37.616667
15946,Kima Mission Hospital,Vihiga,Emuhaya,Other Hospital,Christian Health Association of Kenya,38,2,f,f,Operational,-0.10221,34.761711
15947,Kimaeti Dispensary,Bungoma,Bumula,Dispensary,Ministry of Health,16,0,f,f,Operational,0.566667,34.566667
14867,Kimalel Health Centre,Baringo,Marigat,Health Centre,Ministry of Health,17,0,f,f,Operational,0.466667,35.966667
15948,Kimalewa Health Centre,Bungoma,Bungoma Central,Health Centre,Ministry of Health,12,0,f,f,Operational,0.566667,34.566667
14868,Kimana Health Centre,Kajiado,Loitoktok,Health Centre,Ministry of Health,20,4,f,f,Operational,-1.85,36.783333
12316,Kimangao Dispensary,Kitui,Kyuso,Dispensary,Kenya Episcopal Conference-Catholic Secretariat,0,0,f,f,Not-Operational,-1.366667,38.016667
15949,Kimangeti Dispensary,Kakamega,Kakamega North (Malava),Dispensary,Ministry of Health,0,0,f,f,Operational,0.284767,34.752308
14869,Kimanjo Dispensary,Laikipia,Laikipia North,Dispensary,Ministry of Health,4,0,f,f,Operational,0.366667,37.033333
19967,Kimathi Dispensary,Kiambu,Githunguri,Dispensary,Ministry of Health,0,0,f,f,Operational,-1.166667,36.833333
20439,Kimaya Dispensary,Bomet,Chepalungu,Dispensary,Ministry of Health,4,2,f,f,Operational,-0.783333,35.35
10608,Kimbimbi Medical Laboratory,Kirinyaga,Kirinyaga South,Laboratory (Stand-alone),Private Enterprise (Institution),0,0,f,f,Operational,-0.5,37.283333
10609,Kimbimbi Sub-District Hospital,Kirinyaga,Kirinyaga South,Sub-District Hospital,Ministry of Health,48,1,f,f,Operational,-0.5,37.283333
20663,Kimbo Healthcare Centre,Kiambu,Ruiru,Medical Clinic,Private Practice - Clinical Officer,0,0,f,f,Operational,-1.286389,36.817223
10610,Kimende Orthodox Mission Health Centre,Kiambu,Lari,Health Centre,Other Faith Based,4,4,f,f,Operational,-1.166667,36.833333
20299,Kimeswon Health Centre,Nakuru,Kuresoi,Health Centre,Ministry of Health,22,0,f,f,Operational,-0.303099,36.080026
15950,Kimilili District Hospital,Bungoma,Kimilili Bungoma,District Hospital,Ministry of Health,68,0,f,f,Operational,0.566667,34.566667
14911,Kipsaos Dispensary,Elgeyo Marakwet,Keiyo South,Dispensary,Other Faith Based,0,0,f,f,Operational,0.514277,35.269779
14912,Kipsaraman Dispensary,Baringo,Baringo North,Dispensary,Kenya Episcopal Conference-Catholic Secretariat,4,0,f,f,Operational,0.466667,35.966667
14913,Kipsegi Dispensary,Kericho,Kipkelion,Dispensary,Ministry of Health,4,0,f,f,Operational,-0.366667,35.283333
14916,Kipsigak Dispensary (Nandi),Nandi,Nandi Central,Dispensary,Ministry of Health,0,0,f,f,Operational,0.166667,35.133333
14915,Kipsigak Health Centre,Uasin Gishu,Eldoret West,Health Centre,Ministry of Health,2,0,f,f,Operational,0.514277,35.269779
15952,Kipsigon (FGC) Health Centre,Bungoma,Mt Elgon,Health Centre,Christian Health Association of Kenya,22,0,f,f,Pending Opening,0.566667,34.566667
14918,Kipsingei Dispensary,Bomet,Sotik,Dispensary,Ministry of Health,0,0,f,f,Operational,-0.783333,35.35
19591,Kipsitet Baptist Dispensary,Kericho,Kericho,Dispensary,Other Faith Based,0,0,f,f,Operational,-0.366667,35.283333
14919,Kipsitet Dispensary,Kericho,Kericho,Dispensary,Ministry of Health,4,0,f,f,Operational,-0.366667,35.283333
17283,Kipsoen Dispensary,Elgeyo Marakwet,Keiyo,Dispensary,Ministry of Health,0,0,f,f,Operational,,
14920,Kipsonoi Health Centre,Bomet,Sotik,Health Centre,Ministry of Health,16,0,f,f,Operational,-0.783333,35.35
17637,Kipsugur Dispensary,Nandi,Nandi Central,Dispensary,Ministry of Health,0,0,f,f,Operational,0.166667,35.133333
14921,Kipsuter Dispensary,Bomet,Chepalungu,Dispensary,Ministry of Health,0,0,f,f,Operational,-0.783333,35.35
14922,Kipsyenan Dispensary,Nakuru,Rongai,Dispensary,Ministry of Health,0,0,f,f,Operational,-0.303099,36.080026
14923,Kiptagich Health Centre,Baringo,Baringo Central,Health Centre,Ministry of Health,12,1,f,f,Operational,0.466667,35.966667
14924,Kiptagich Model Health centre,Nakuru,Kuresoi,Health Centre,Ministry of Health,24,4,f,f,Operational,-0.303099,36.080026
14925,Kiptagich Tegat Dispensary,Nakuru,Kuresoi,Dispensary,Company Medical Service,0,0,f,f,Operational,-0.303099,36.080026
14926,Kiptangwanyi Dispensary,Nakuru,Gilgil,Dispensary,Ministry of Health,1,0,f,f,Operational,-0.303099,36.080026
20535,Kiptenden Bomet Dispensary,Bomet,Bomet Central,Dispensary,Ministry of Health,0,0,f,f,Operational,-0.783333,35.35
13699,Kiptenden Dispensary,Nyamira,Borabu,Dispensary,Private Enterprise (Institution),2,0,f,f,Operational,-0.633333,34.933333
14927,Kiptenden Dispensary (Buret),Bomet,Konoin,Dispensary,Ministry of Health,0,0,f,f,Operational,-0.783333,35.35
18401,Kitengela Centre of Hope Medical Clinic,Kajiado,Kajiado North,Medical Clinic,Private Practice - Nurse / Midwife,0,0,f,f,Operational,-1.286389,36.817223
19677,Kitengela ENT and Medical Centre,Kajiado,Isinya,Medical Clinic,Private Practice - Clinical Officer,0,0,f,f,Operational,-1.85,36.783333
14950,Kitengela Health Centre,Kajiado,Isinya,Health Centre,Ministry of Health,20,0,f,f,Operational,-1.85,36.783333
14951,Kitengela Medical Services,Kajiado,Isinya,Health Centre,Private Enterprise (Institution),58,5,f,f,Operational,-1.85,36.783333
18976,Kitengela Medical Services Kajiado,Kajiado,Kajiado Central,Health Centre,Private Practice - General Practitioner,20,0,f,f,Operational,-1.85,36.783333
17840,Kitengela Pona Services,Kajiado,Kajiado North,Health Centre,Private Practice - General Practitioner,17,17,f,f,Operational,-1.286389,36.817223
17341,Kitere Dispensary,Migori,Rongo,Dispensary,Ministry of Health,0,0,f,f,Pending Opening,-1.066667,34.466667
20026,Kitere Minhaj Dispensary,Tana River,Tana Delta,Dispensary,Ministry of Health,0,0,f,f,Operational,-1.5,40.033333
16849,Kithaku Medical Clinic,Meru,Meru Central,Medical Clinic,Private Enterprise (Institution),0,0,f,f,Operational,0.05,37.65
12350,Kithatu Medical Clinic,Meru,Imenti South,Medical Clinic,Private Practice - Nurse / Midwife,0,0,f,f,Operational,0.05,37.65
12352,Kithayoni Medical Clinic,Machakos,Machakos,Medical Clinic,Private Practice - Nurse / Midwife,0,0,f,f,Operational,-1.516667,37.266667
12353,Kithegi Dispensary,Embu,Manyatta,Dispensary,Ministry of Health,0,0,f,f,Operational,-0.533333,37.45
12354,Kitheo Dispensary,Meru,Tigania East,Dispensary,Ministry of Health,0,0,f,f,Operational,0.05,37.65
12355,Kitheuni Dispensary,Machakos,Yatta,Dispensary,Ministry of Health,5,3,f,f,Operational,-1.516667,37.266667
12357,Kithimani Dispensary,Machakos,Yatta,Dispensary,Ministry of Health,1,0,f,f,Operational,-1.516667,37.266667
12359,Kithimu Dispensary,Embu,Manyatta,Dispensary,Ministry of Health,24,0,f,f,Operational,-0.533333,37.45
20021,Kithito Medical Centre,Kitui,Kitui Central,Medical Clinic,Private Practice - Nurse / Midwife,7,1,f,f,Operational,-1.366667,38.016667
17445,Kithituni Health Care Clinic,Makueni,Nzaui,Medical Clinic,Other Faith Based,0,0,f,f,Operational,-1.8,37.616667
12360,Kithuki Health Centre,Makueni,Kathonzweni,Health Centre,Ministry of Health,15,0,f,f,Operational,-1.8,37.616667
14982,Kombe Dispensary (Nandi Central),Nandi,Chesumei,Dispensary,Ministry of Health,6,0,f,f,Operational,0.166667,35.133333
11498,Kombeni Dispensary,Kilifi,Rabai,Dispensary,Ministry of Health,0,0,f,f,Operational,-3.633333,39.85
13714,Kombewa District Hospital,Kisumu,Seme,District Hospital,Ministry of Health,60,0,f,f,Operational,-0.10221,34.761711
14983,Komolion Dispensary,Baringo,East Pokot,Dispensary,Ministry of Health,0,0,f,f,Operational,0.466667,35.966667
13715,Komomange Dispensary,Migori,Kuria West,Dispensary,Ministry of Health,0,0,f,f,Operational,-1.066667,34.466667
13716,Komosoko Dispensary,Migori,Kuria West,Dispensary,Ministry of Health,1,0,f,f,Operational,-1.066667,34.466667
13717,Komotobo Mission Health Centre,Migori,Kuria East,Health Centre,Christian Health Association of Kenya,15,3,f,f,Operational,-1.066667,34.466667
14984,Kondabilet Dispensary,Elgeyo Marakwet,Marakwet West,Dispensary,Ministry of Health,0,0,f,f,Operational,,
14985,Kondamet Dispensary,Narok,Trans Mara West - Dikirr,Dispensary,Ministry of Health,0,0,f,f,Operational,-1.083333,35.866667
20368,Kongelai Dispensary,West Pokot,West Pokot,Dispensary,Ministry of Health,0,0,f,f,Operational,1.233333,35.116667
20484,Kongoli Dispensary,Bungoma,Bungoma South,Dispensary,Ministry of Health,0,0,f,f,Operational,0.566667,34.566667
15955,Kongoni Health Centre,Kakamega,Likuyani,Health Centre,Ministry of Health,4,0,f,f,Operational,0.284767,34.752308
11499,Kongowea Health Centre,Mombasa,Kisauni,Dispensary,Local Authority,0,0,f,f,Operational,-4.043477,39.668205
19150,Konton Dispensary,Wajir,Wajir East,Dispensary,Ministry of Health,1,0,f,f,Operational,1.75,40.066667
12383,Konyu Dispensary,Kitui,Mumoni,Dispensary,Ministry of Health,0,0,f,f,Operational,-1.366667,38.016667
14989,Kopeeto Dispensary,Turkana,Loima,Dispensary,Ministry of Health,0,0,f,f,Operational,3.116667,35.6
18050,Kopiata Beach Dispensary (Rarieda),Siaya,Rarieda,Dispensary,Ministry of Health,0,0,f,f,Operational,0.066667,34.283333
16873,Kopolo Clinic,Siaya,Bondo,Dispensary,Private Enterprise (Institution),1,0,f,f,Operational,0.066667,34.283333
12411,Kyawalia Dispensary,Machakos,Machakos,Dispensary,Ministry of Health,4,0,f,f,Operational,-1.516667,37.266667
18168,Kyazabe Medical Clinic,Machakos,Yatta,Medical Clinic,Private Practice - Unspecified,0,0,f,f,Operational,-1.516667,37.266667
21206,KYC Transmara,Narok,Trans Mara West - Dikirr,VCT Centre (Stand-Alone),Humanitarian Agencies,0,0,f,f,Operational,-1.083333,35.866667
16438,Kyeleni Health Centre,Machakos,Matungulu,Health Centre,Ministry of Health,12,0,f,f,Operational,-1.516667,37.266667
16967,Kyenzenzeni Dispensary,Makueni,Kilungu,Dispensary,Ministry of Health,0,0,f,f,Operational,-1.8,37.616667
12414,Kyethani Health Centre,Kitui,Mwingi Central,Health Centre,Ministry of Health,5,0,f,f,Operational,-1.366667,38.016667
12416,Kyoani Dispensary,Kitui,Ikutha,Dispensary,Ministry of Health,0,0,f,f,Operational,-1.366667,38.016667
12418,Kyondoni Dispensary,Machakos,Masinga,Dispensary,Ministry of Health,2,2,f,f,Operational,-1.516667,37.266667
16254,Kyuasini Health Centre,Makueni,Makueni,Health Centre,Ministry of Health,10,6,f,f,Operational,-1.8,37.616667
12419,Kyumbe (AIC) Dispensary,Makueni,Nzaui,Dispensary,Christian Health Association of Kenya,0,0,f,f,Operational,-1.8,37.616667
21027,Kyumbi Health Centre,Machakos,Machakos,Health Centre,Ministry of Health,2,0,f,f,Operational,-1.516667,37.266667
18607,Kyumbi Sasa Centre,Machakos,Athi River,Dispensary,Non-Governmental Organizations,2,2,f,f,Operational,-1.286389,36.817223
12420,Kyuso District Hospital,Kitui,Kyuso,District Hospital,Ministry of Health,8,0,f,f,Operational,-1.366667,38.016667
12421,Kyusyani Dispensary,Kitui,Mwingi West,Dispensary,Ministry of Health,0,0,f,f,Operational,-1.366667,38.016667
19192,Laare Maternity,Meru,Igembe North,Maternity Home,Private Practice - Nurse / Midwife,14,14,f,f,Operational,0.05,37.65
20958,Labline Healthcare,Mombasa,Kisauni,Medical Clinic,Private Practice - Clinical Officer,0,0,f,f,Operational,-4.043477,39.668205
18466,Laboret Dispensary,Nandi,Nandi North,Dispensary,Ministry of Health,0,0,f,f,Not-Operational,0.166667,35.133333
13390,Ladnan Medical Clinic,Wajir,Wajir East,Medical Clinic,Private Enterprise (Institution),0,0,f,f,Operational,1.75,40.066667
10661,Limuru Health Centre,Kiambu,Limuru,Health Centre,Ministry of Health,6,0,f,f,Operational,-1.166667,36.833333
18836,Limuru Medical Clinic,Kiambu,Limuru,Medical Clinic,Private Enterprise (Institution),0,0,f,f,Operational,-1.166667,36.833333
10662,Limuru Nursing Home,Kiambu,Limuru,Nursing Home,Private Enterprise (Institution),34,4,f,f,Operational,-1.166667,36.833333
20406,Lina Medical Services,Nairobi,Embakasi East,Dispensary,Community,6,2,f,f,Operational,-1.286389,36.817223
19953,Linda Maternity,Tana River,Tana Delta,Maternity Home,Private Practice - Nurse / Midwife,0,0,f,f,Operational,-1.5,40.033333
20623,Lindi Community Clinic,Nairobi,Kibra,Dispensary,Ministry of Health,0,0,f,f,Operational,-1.286389,36.817223
15038,Lingwai Dispensary,Uasin Gishu,Wareng,Dispensary,Ministry of Health,0,0,f,f,Operational,0.516667,35.283333
21147,Lions Sightfirst Eye Hospital,Nairobi,Westlands,Other Hospital,Private Enterprise (Institution),103,0,f,f,Operational,-1.286389,36.817223
20729,Lirhanda Mission Health Centre,Kakamega,Kakamega East (Shinyalu),Medical Clinic,Other Faith Based,8,1,f,f,Operational,0.284767,34.752308
15039,Litein Dispensary,Kericho,Bureti,Dispensary,Ministry of Health,0,0,f,f,Operational,-0.366667,35.283333
15040,Liter (AIC) Dispensary,Elgeyo Marakwet,Marakwet East,Dispensary,Christian Health Association of Kenya,0,0,f,f,Operational,,
18611,Lithi Clinic,Nairobi,Kamukunji,Medical Clinic,Private Practice - Unspecified,0,0,f,f,Operational,-1.286389,36.817223
17589,Live With Hope,Kericho,Kericho,Dispensary,Other Faith Based,0,0,f,f,Operational,-0.366667,35.283333
16662,Liverpool VCT (Kisumu East),Kisumu,Kisumu East,Medical Clinic,Non-Governmental Organizations,0,0,f,f,Operational,-0.10221,34.761711
20717,Lkiloriti Dispensary,Samburu,Samburu Central,Dispensary,Ministry of Health,0,0,f,f,Pending Opening,1.316667,36.983333
17145,Lkuroto Dispensary,Samburu,Samburu Central,Dispensary,Ministry of Health,0,0,f,f,Operational,1.316667,36.983333
20744,Lmarmaroi Dispensary,Samburu,Samburu East,Dispensary,Ministry of Health,1,0,f,f,Pending Opening,1.316667,36.983333
15970,Lumani Dispensary,Kakamega,Matete,Dispensary,Ministry of Health,0,0,f,f,Operational,0.284767,34.752308
18852,Lumboka Medical Services,Bungoma,Bungoma South,District Hospital,Company Medical Service,60,12,f,f,Operational,0.566667,34.566667
18624,Lumino Dispensary,Kakamega,Likuyani,Dispensary,Ministry of Health,0,0,f,f,Operational,0.284767,34.752308
13738,Lumumba Health Centre,Kisumu,Kisumu East,Health Centre,Local Authority,15,0,f,f,Operational,-0.10221,34.761711
19481,Lumumba Medical Clinic,Nairobi,Makadara,Medical Clinic,Private Practice - Clinical Officer,0,0,f,f,Operational,-1.286389,36.817223
20156,Lunakwe Dispensary,Bungoma,Bumula,Dispensary,Ministry of Health,0,0,f,f,Operational,0.566667,34.566667
12435,Lundi Dispensary,Kitui,Mwingi East,Dispensary,Ministry of Health,0,0,f,f,Operational,-1.366667,38.016667
13053,Lunga Lunga Health Centre,Nairobi,Makadara,Dispensary,Local Authority,0,0,f,f,Operational,-1.286389,36.817223
11526,Lungalunga Dispensary,Kwale,Msambweni,Dispensary,Ministry of Health,0,0,f,f,Operational,-4.183333,39.45
15972,Lung'anyiro Dispensary,Kakamega,Matungu,Dispensary,Ministry of Health,2,0,f,f,Operational,0.284767,34.752308
15974,Lunyito Dispensary,Kakamega,Lugari,Dispensary,Ministry of Health,0,0,f,f,Operational,0.284767,34.752308
15102,Luoniek Dispensary,Laikipia,Laikipia West,Dispensary,Ministry of Health,0,0,f,f,Operational,0.366667,37.033333
15975,Lupida Health Centre,Busia,Nambale,Health Centre,Ministry of Health,0,0,f,f,Operational,0.46,34.11
15977,Lusheya Health Centre,Kakamega,Mumias,Health Centre,Ministry of Health,0,0,f,f,Operational,0.284767,34.752308
17540,Lusop Clinic,Nakuru,Gilgil,Medical Clinic,Private Practice - Nurse / Midwife,0,0,f,f,Operational,-0.303099,36.080026
10666,Lussigetti Health Centre,Kiambu,Kikuyu,Health Centre,Ministry of Health,6,6,f,f,Operational,-1.166667,36.833333
15978,Lutaso Dispensary,Kakamega,Kakamega Central (Lurambi),Dispensary,Other Faith Based,8,5,f,f,Operational,0.284767,34.752308
11527,Lutsangani Dispensary,Kwale,Kinango,Dispensary,Ministry of Health,0,0,f,f,Operational,-4.183333,39.45
17608,Luucho Dispensary,Bungoma,Bungoma Central,Dispensary,Ministry of Health,0,0,f,f,Operational,0.566667,34.566667
17116,Luuya Dispensary,Bungoma,Bungoma Central,Dispensary,Ministry of Health,0,0,f,f,Operational,0.566667,34.566667
13740,Lwala Community Health Center,Migori,Rongo,Health Centre,Community,20,1,f,f,Operational,-1.066667,34.466667
11543,Majimoto Dispensary,Kwale,Msambweni,Dispensary,Ministry of Health,0,0,f,f,Operational,-4.183333,39.45
17891,Majira Dispensary,Tharaka Nithi,Maara,Dispensary,Ministry of Health,0,0,f,f,Operational,,
15115,Majoh Medical Clinic,Trans Nzoia,Trans Nzoia East,Medical Clinic,Private Enterprise (Institution),0,0,f,f,Operational,1.016667,34.983333
11544,Majoreni Dispensary,Kwale,Msambweni,Dispensary,Ministry of Health,0,0,f,f,Operational,-4.183333,39.45
12449,Makaani Dispensary,Kitui,Kitui Central,Dispensary,Ministry of Health,0,0,f,f,Operational,-1.366667,38.016667
13056,Makadara Health Centre,Nairobi,Makadara,Health Centre,Ministry of Health,19,0,f,f,Operational,-1.286389,36.817223
13057,Makadara Mercy Sisters Dispensary,Nairobi,Makadara,Medical Clinic,Kenya Episcopal Conference-Catholic Secretariat,0,0,f,f,Operational,-1.286389,36.817223
11545,Makamini Dispensary,Kwale,Kinango,Dispensary,Ministry of Health,0,0,f,f,Operational,-4.183333,39.45
19304,Makamu Medical Clinic,Tharaka Nithi,Meru South,Medical Clinic,Private Practice - Nurse / Midwife,0,0,f,f,Operational,,
17346,Makande Healthcare Services,Mombasa,Mvita,Medical Clinic,Private Practice - Nurse / Midwife,0,0,f,f,Operational,-4.043477,39.668205
12451,Makandune Dispensary,Meru,Buuri,Dispensary,Christian Health Association of Kenya,0,0,f,f,Operational,0.05,37.65
11547,Makanzani Dispensary,Kilifi,Rabai,Dispensary,Ministry of Health,0,0,f,f,Operational,-4.043477,39.668205
13758,Makararangwe Dispensary,Migori,Kuria East,Dispensary,Ministry of Health,1,0,f,f,Operational,-1.066667,34.466667
12453,Makengi Dispensary (Embu),Embu,Manyatta,Dispensary,Ministry of Health,0,0,f,f,Operational,-0.533333,37.45
20493,Makhonge dispensary,Bungoma,Bungoma Central,Dispensary,Ministry of Health,0,0,f,f,Pending Opening,0.566667,34.566667
15990,Makhonge Health Centre,Bungoma,Kimilili Bungoma,Health Centre,Ministry of Health,20,0,f,f,Operational,0.566667,34.566667
15116,Makimeny Dispensary,Bomet,Chepalungu,Dispensary,Ministry of Health,6,0,f,f,Operational,-0.783333,35.35
13058,Makina Clinic,Nairobi,Kibra,Dispensary,Community,0,0,f,f,Operational,-1.286389,36.817223
20512,Manyatta Community Medical Clinic,Kisumu,Kisumu East,Medical Clinic,Private Practice - Clinical Officer,0,0,f,f,Operational,-0.10221,34.761711
17581,Manyatta Dispensary,Marsabit,Moyale,Dispensary,Ministry of Health,0,0,f,f,Operational,2.333333,37.983333
12470,Manyatta Jillo Health Centre,Marsabit,Marsabit,Health Centre,Ministry of Health,0,0,f,f,Operational,2.333333,37.983333
18679,Manyoeni Dispensary,Kitui,Kitui Central,Dispensary,Ministry of Health,0,0,f,f,Pending Opening,-1.366667,38.016667
15121,Manyoror Dispensary,Kericho,Kericho,Dispensary,Ministry of Health,1,0,f,f,Operational,-0.366667,35.283333
13770,Manyuanda Health Centre,Kisumu,Seme,Health Centre,Ministry of Health,16,0,f,f,Operational,-0.10221,34.761711
13771,Manyuanda Health Centre (Rarieda),Siaya,Rarieda,Health Centre,Ministry of Health,12,0,f,f,Operational,0.066667,34.283333
14126,Manyuanda St Teresas CFW Clinic (Rarieda),Siaya,Rarieda,Medical Clinic,Private Enterprise (Institution),0,0,f,f,Operational,0.066667,34.283333
20269,Manza dispensary,Makueni,Makueni,Dispensary,Ministry of Health,2,0,f,f,Operational,-1.8,37.616667
15122,Maparasha Dispensary,Kajiado,Mashuru,Dispensary,Ministry of Health,0,0,f,f,Operational,-1.85,36.783333
16000,Mapengo Dispensary,Kakamega,Lugari,Dispensary,Ministry of Health,0,0,f,f,Operational,0.284767,34.752308
17692,Mapenya Dispensary,Lamu,Lamu West,Dispensary,Ministry of Health,0,0,f,f,Operational,-2.266667,40.9
15123,Mara Serena Dispensary,Narok,Trans Mara West - Dikirr,Dispensary,Private Enterprise (Institution),0,0,f,f,Operational,-1.286389,36.817223
19387,Maraa Catholic Dispensary,Meru,Imenti South,Dispensary,Kenya Episcopal Conference-Catholic Secretariat,0,0,f,f,Operational,0.05,37.65
20727,Marachi HealthCare Clinic,Busia,Butula,Medical Clinic,Private Enterprise (Institution),5,0,f,f,Operational,0.46,34.11
21063,Marachi Medical Clinic,Busia,Butula,Medical Clinic,Private Practice - Nurse / Midwife,0,0,f,f,Operational,0.46,34.11
11562,Marafa Health Centre,Kilifi,Magarini,Health Centre,Ministry of Health,17,2,f,f,Operational,-3.216667,40.116667
17015,Maragi Dispensary,Murang'a,Kiharu,Dispensary,Community,0,0,f,f,Operational,-0.716667,37.15
10686,Maragua District Hospital,Murang'a,Muranga South,District Hospital,Ministry of Health,82,1,f,f,Operational,-0.716667,37.15
10687,Maragua Ridge Health Centre,Murang'a,Muranga South,Health Centre,Ministry of Health,16,1,f,f,Operational,-0.716667,37.15
15124,Maraigushu Dispensary,Nakuru,Naivasha,Dispensary,Ministry of Health,0,0,f,f,Operational,-0.303099,36.080026
16001,Marakusi Dispensary,Kakamega,Lugari,Dispensary,Ministry of Health,0,0,f,f,Operational,0.284767,34.752308
15125,Maralal Catholic Dispensary,Samburu,Samburu Central,Dispensary,Kenya Episcopal Conference-Catholic Secretariat,0,0,f,f,Operational,1.316667,36.983333
15126,Maralal District Hospital,Samburu,Samburu Central,District Hospital,Ministry of Health,130,3,f,f,Operational,1.316667,36.983333
14526,Maralal GK Prison Dispensary,Samburu,Samburu Central,Dispensary,Ministry of Health,0,0,f,f,Operational,1.316667,36.983333
16322,Maralal Medical Clinic,Samburu,Samburu Central,Medical Clinic,Private Practice - Clinical Officer,0,0,f,f,Operational,1.316667,36.983333
19671,Marambach Mc,Trans Nzoia,Trans Nzoia West,Medical Clinic,Private Practice - Nurse / Midwife,0,0,f,f,Operational,1.016667,34.983333
18985,Maranatha Medical Services,Nairobi,Kibra,Medical Clinic,Private Practice - General Practitioner,0,0,f,f,Operational,-1.286389,36.817223
13772,Marani District Hospital,Kisii,Marani,District Hospital,Ministry of Health,16,7,f,f,Operational,-0.683333,34.766667
10688,Maranjau Dispensary,Murang'a,Muranga South,Dispensary,Ministry of Health,0,0,f,f,Operational,-0.716667,37.15
15128,Mararianta Dispensary,Narok,Narok South,Dispensary,Other Faith Based,0,0,f,f,Operational,-1.083333,35.866667
18948,March Medicare,Kakamega,Likuyani,Medical Clinic,Private Practice - Nurse / Midwife,0,0,f,f,Operational,0.284767,34.752308
11564,Marereni Medical Clinic,Kilifi,Magarini,Medical Clinic,Private Practice - Clinical Officer,0,0,f,f,Operational,-3.633333,39.85
13061,Maria Dominica Dispensary,Nairobi,Langata,Dispensary,Kenya Episcopal Conference-Catholic Secretariat,0,0,f,f,Operational,-1.286389,36.817223
13062,Maria Immaculate Health Centre,Nairobi,Dagoretti North,Health Centre,Kenya Episcopal Conference-Catholic Secretariat,27,2,f,f,Operational,-1.286389,36.817223
20276,Maria Medical Clinic And Diadetic centre(Saika),Nairobi,Kasarani,Medical Clinic,Private Practice - General Practitioner,0,0,f,f,Operational,-1.286389,36.817223
18690,Maria Salus Infirmorum Dispensary,Makueni,Mukaa,Dispensary,Community,3,0,f,f,Operational,-1.286389,36.817223
11565,Maria Teressa Nuzzo Health Centre,Lamu,Lamu West,Health Centre,Kenya Episcopal Conference-Catholic Secretariat,6,0,f,f,Operational,-2.266667,40.9
16970,Mariaini Dispensary,Murang'a,Kandara,Dispensary,Ministry of Health,0,0,f,f,Operational,-0.716667,37.15
16188,Mariakani Community Health Care Services,Kilifi,Kaloleni,Medical Clinic,Private Practice - Nurse / Midwife,0,0,f,f,Operational,-3.633333,39.85
18838,Mariakani Cottage Clinic,Machakos,Machakos,Medical Clinic,Private Enterprise (Institution),0,0,f,f,Operational,-1.286389,36.817223
13064,Mariakani Cottage Hospital Ltd,Nairobi,Starehe,Nursing Home,Private Enterprise (Institution),44,6,f,f,Operational,-1.286389,36.817223
18084,Mariakani Cottage Hospital Ongatta Rongai,Kajiado,Kajiado North,Other Hospital,Private Enterprise (Institution),10,1,f,f,Operational,-1.286389,36.817223
19432,Mariakani Cottage Hospital Utawala Clinic,Nairobi,Embakasi East,Medical Clinic,Private Practice - Medical Specialist,5,2,f,f,Operational,-1.286389,36.817223
11566,Mariakani District Hospital,Kilifi,Kaloleni,District Hospital,Ministry of Health,72,0,f,f,Operational,-3.633333,39.85
15130,Marich Dispensary,West Pokot,Pokot Central,Dispensary,Other Faith Based,0,0,f,f,Operational,1.233333,35.116667
15131,Maridadi RCEA Medical Centre,Trans Nzoia,Kwanza,Dispensary,Other Faith Based,0,0,f,f,Operational,1.016667,34.983333
15132,Marie Stopes ( Nakuru),Nakuru,Nakuru,Dispensary,Non-Governmental Organizations,0,0,f,f,Operational,-0.303099,36.080026
15133,Marie Stopes (Naivasha),Nakuru,Naivasha,Medical Clinic,Non-Governmental Organizations,0,0,f,f,Operational,-0.303099,36.080026
17109,Marie Stopes Centre Embu,Embu,Manyatta,Medical Clinic,Non-Governmental Organizations,0,0,f,f,Operational,-0.533333,37.45
18615,Marie Stopes Clinic,Laikipia,Laikipia East,Medical Clinic,Non-Governmental Organizations,1,1,f,f,Operational,0.366667,37.033333
13774,Marie Stopes Clinic (Kisii),Kisii,Kisii Central,Dispensary,Non-Governmental Organizations,0,0,f,f,Operational,-0.683333,34.766667
11569,Marie Stopes Clinic (Kongowea),Mombasa,Kisauni,Medical Clinic,Non-Governmental Organizations,0,0,f,f,Operational,-4.043477,39.668205
16167,Marie Stopes Clinic (Langata),Nairobi,Kibra,Medical Clinic,Non-Governmental Organizations,0,0,f,f,Operational,-1.286389,36.817223
13066,Marie Stopes Clinic (Pangani),Nairobi,Starehe,Medical Clinic,Non-Governmental Organizations,0,0,f,f,Operational,-1.286389,36.817223
16002,Marie Stopes Clinic (Vihiga),Vihiga,Sabatia,Medical Clinic,Non-Governmental Organizations,0,0,f,f,Operational,0.083333,34.716667
18400,Marie Stopes Kenya Bungoma Centre,Bungoma,Bungoma South,Medical Clinic,Non-Governmental Organizations,5,0,f,f,Operational,-1.286389,36.817223
18232,Marie Stopes Kenya Bungoma Centre,Busia,Busia,Medical Clinic,Non-Governmental Organizations,0,0,f,f,Operational,-1.286389,36.817223
11567,Marie Stopes Kenya Clinic (Malindi),Kilifi,Malindi,Medical Clinic,Private Enterprise (Institution),0,0,f,f,Operational,-3.216667,40.116667
11570,Marie Stopes Mombasa Nursing Home,Mombasa,Mvita,Nursing Home,Private Practice - General Practitioner,11,3,f,f,Operational,-4.043477,39.668205
13776,Marie Stopes Nursing Home (Kisumu),Kisumu,Kisumu East,Nursing Home,Non-Governmental Organizations,32,0,f,f,Operational,-0.10221,34.761711
15137,Marigat Catholic Mission,Baringo,Marigat,Dispensary,Kenya Episcopal Conference-Catholic Secretariat,6,0,f,f,Operational,0.466667,35.966667
15138,Marigat Sub District Hospital,Baringo,Marigat,Sub-District Hospital,Ministry of Health,13,0,f,f,Operational,0.466667,35.966667
20610,Marigo Dispensary,Bungoma,Cheptais,Dispensary,Ministry of Health,1,0,f,f,Operational,0.566667,34.566667
10691,Mariine Maternity Home,Nyeri,Nyeri Central,Maternity Home,Private Enterprise (Institution),22,0,f,f,Operational,-0.416667,36.95
10692,Mariira Catholic Dispensary,Murang'a,Kigumo,Dispensary,Kenya Episcopal Conference-Catholic Secretariat,0,0,f,f,Operational,-0.716667,37.15
11571,Marikebuni Dispensary,Kilifi,Magarini,Dispensary,Ministry of Health,0,0,f,f,Operational,-3.216667,40.116667
18431,Marimani CDF Dispensary,Mombasa,Kisauni,Dispensary,Ministry of Health,0,0,f,f,Pending Opening,-4.043477,39.668205
17658,Marimanti Med Clinic,Tharaka Nithi,Tharaka South,Medical Clinic,Private Practice - Nurse / Midwife,0,0,f,f,Operational,,
20866,Marina Medical Clinic,Nyeri,Kieni West,Medical Clinic,Private Practice - Nurse / Midwife,0,0,f,f,Operational,-0.416667,36.95
13777,Marindi Sub county Hospital,Homa Bay,Homa Bay,District Hospital,Ministry of Health,12,0,f,f,Operational,-0.516667,34.45
13069,Maringo Clinic,Nairobi,Makadara,Dispensary,Local Authority,0,0,f,f,Operational,-1.286389,36.817223
15139,Marinyin Dispensary,Kericho,Belgut,Dispensary,Private Enterprise (Institution),0,0,f,f,Operational,-0.366667,35.283333
15129,Marioshoni Dispensary,Nakuru,Molo,Dispensary,Ministry of Health,0,0,f,f,Operational,-0.303099,36.080026
20089,Marist International University College Medical Clinic,Nairobi,Langata,Medical Clinic,Kenya Episcopal Conference-Catholic Secretariat,0,0,f,f,Operational,-1.286389,36.817223
20578,Maritati Dispensary,Meru,Buuri,Dispensary,Ministry of Health,0,0,f,f,Operational,0.05,37.65
13778,Mariwa Health Centre,Migori,Awendo,Health Centre,Ministry of Health,8,0,f,f,Operational,-1.066667,34.466667
15141,Maron Dispensary,Baringo,East Pokot,Dispensary,Ministry of Health,0,0,f,f,Operational,0.466667,35.966667
15142,Maron-Marichor Dispensary,Elgeyo Marakwet,Marakwet East,Dispensary,Ministry of Health,0,0,f,f,Operational,,
19882,Marps -Chuka Dice Clinic,Tharaka Nithi,Meru South,Medical Clinic,Non-Governmental Organizations,0,0,f,f,Operational,,
19879,Marps Clinic (Meru),Meru,Imenti North,Medical Clinic,Other Public Institution,0,0,f,f,Operational,0.05,37.65
20766,Marre Dispensary,Garissa,Hulugho,Dispensary,Ministry of Health,2,1,f,f,Pending Opening,-0.456944,39.658333
18160,Mars Medical Clinic,Makueni,Kilungu,Medical Clinic,Private Practice - Nurse / Midwife,0,0,f,f,Operational,-1.8,37.616667
21013,Marsabit County Beyond Zero Mobile Clinic,Marsabit,Marsabit,Medical Clinic,Ministry of Health,0,0,f,f,Operational,2.333333,37.983333
12472,Marsabit District Hospital,Marsabit,Marsabit,District Hospital,Ministry of Health,86,0,f,f,Operational,2.333333,37.983333
20747,Marti  Elepareu  Dispensary,Samburu,Samburu East,Dispensary,Ministry of Health,1,0,f,f,Pending Opening,1.316667,36.983333
16325,Mashangwa Dispensary,Narok,Trans Mara West - Dikirr,Dispensary,Ministry of Health,0,0,f,f,Operational,-1.083333,35.866667
11575,Mashauri Medical Centre,Mombasa,Kisauni,Medical Clinic,Private Practice - Clinical Officer,0,0,f,f,Operational,-4.043477,39.668205
15150,Mashuru Health Centre,Kajiado,Mashuru,Health Centre,Ministry of Health,6,0,f,f,Operational,-1.85,36.783333
12475,Masii Health Centre,Machakos,Mwala,Health Centre,Ministry of Health,4,8,f,f,Operational,-1.516667,37.266667
18509,Masimba,Kitui,Lower Yatta,Dispensary,Ministry of Health,0,0,f,f,Operational,-1.366667,38.016667
12476,Masinga Sub County Hospital,Machakos,Masinga,District Hospital,Ministry of Health,24,8,f,f,Operational,-1.516667,37.266667
17652,Masingu Health Services,Machakos,Machakos,Medical Clinic,Private Practice - Clinical Officer,0,0,f,f,Operational,-1.516667,37.266667
13784,Masogo Dispensary,Homa Bay,Rachuonyo South,Dispensary,Ministry of Health,0,0,f,f,Operational,-0.516667,34.45
17518,Masogo Dispensary (Gem),Siaya,Gem,Dispensary,Ministry of Health,0,0,f,f,Operational,0.066667,34.283333
13785,Masogo Sub District Hospital,Kisumu,Muhoroni,Sub-District Hospital,Ministry of Health,19,1,f,f,Operational,-0.10221,34.761711
17108,Masol Dispensary,West Pokot,Pokot Central,Dispensary,Ministry of Health,0,0,f,f,Operational,1.233333,35.116667
12477,Masongaleni Health Centre,Makueni,Kibwezi,Health Centre,Ministry of Health,6,1,f,f,Operational,-1.8,37.616667
13786,Masongo Dispensary,Kisii,Kisii Central,Dispensary,Ministry of Health,0,0,f,f,Operational,-0.683333,34.766667
18676,Mastoo Dispensary,Nyandarua,Nyandarua North,Dispensary,Ministry of Health,0,0,f,f,Operational,-0.183333,36.366667
15151,Masurura Dispensary,Narok,Trans Mara West - Dikirr,Dispensary,Ministry of Health,0,0,f,f,Operational,-1.083333,35.866667
10706,Matharite Dispensary,Murang'a,Kahuro,Dispensary,Ministry of Health,0,0,f,f,Operational,-0.716667,37.15
15154,Matharu Dispensary,Uasin Gishu,Wareng,Dispensary,Ministry of Health,0,0,f,f,Operational,0.514277,35.269779
18106,Mathigu Road Medical Clinic,Kiambu,Ruiru,Medical Clinic,Private Practice - Clinical Officer,0,0,f,f,Operational,-1.166667,36.833333
10707,Mathingira Medical Clinic,Nyeri,Nyeri South,Medical Clinic,Private Practice - General Practitioner,0,0,f,f,Operational,-0.416667,36.95
21267,Mathioya Medical Clinic,Murang'a,Mathioya,Medical Clinic,Private Practice - Clinical Officer,0,0,f,f,Operational,-0.716667,37.15
20363,Mathow,Wajir,Wajir West,Dispensary,Ministry of Health,2,1,f,f,Operational,1.75,40.066667
12483,Mathuki Health Centre,Kitui,Mwingi East,Health Centre,Ministry of Health,4,0,f,f,Operational,-1.366667,38.016667
16656,Mathunzini Dispensary,Kitui,Mwingi West,Dispensary,Ministry of Health,0,0,f,f,Operational,-1.366667,38.016667
16927,Mathyakani Dispensary,Kitui,Mwingi Central,Dispensary,Ministry of Health,0,0,f,f,Operational,-1.366667,38.016667
12486,Matinyani Dispensary,Kitui,Matinyani,Dispensary,Ministry of Health,4,0,f,f,Operational,-1.366667,38.016667
16006,Matioli Dispensary,Kakamega,Kakamega Central (Lurambi),Dispensary,Ministry of Health,0,0,f,f,Operational,0.284767,34.752308
15155,Matira Dispensary,Elgeyo Marakwet,Marakwet West,Dispensary,Ministry of Health,0,0,f,f,Operational,,
21187,Matisi Community Dispensary,Bungoma,Bungoma East,Dispensary,Community,0,0,f,f,Operational,0.566667,34.566667
17179,Matoi Dispensary,Kakamega,Kakamega Central (Lurambi),Dispensary,Ministry of Health,0,0,f,f,Pending Opening,0.284767,34.752308
11578,Matolani Dispensary,Kilifi,Malindi,Dispensary,Ministry of Health,0,0,f,f,Operational,-3.216667,40.116667
13790,Matongo Dispensary,Kisii,Kisii Central,Dispensary,Ministry of Health,0,0,f,f,Operational,-0.683333,34.766667
13791,Matongo Health Centre,Nyamira,Nyamira North,Health Centre,Christian Health Association of Kenya,8,0,f,f,Operational,-0.633333,34.933333
13792,Matongo Medical Clinic,Kisii,Kisii Central,Medical Clinic,Private Enterprise (Institution),0,0,f,f,Operational,-0.683333,34.766667
11580,Matsangoni Model Health Centre,Kilifi,Kilifi North,Health Centre,Ministry of Health,6,0,f,f,Operational,-3.633333,39.85
19261,Maua East Medical Clinic,Meru,Igembe South,Medical Clinic,Private Practice - Nurse / Midwife,0,0,f,f,Operational,0.05,37.65
19263,Maua Medical Clinic,Meru,Igembe South,Medical Clinic,Private Practice - Clinical Officer,0,0,f,f,Operational,0.05,37.65
15159,Mauche Dispensary,Nakuru,Njoro,Dispensary,Ministry of Health,4,0,f,f,Operational,-0.303099,36.080026
15160,Mauche Medical Clinic,Nakuru,Njoro,Medical Clinic,Private Practice - Nurse / Midwife,0,0,f,f,Operational,-0.303099,36.080026
16412,Mau-Narok Health Services,Nakuru,Njoro,Medical Clinic,Private Enterprise (Institution),0,0,f,f,Operational,-0.303099,36.080026
18858,Maungu Model Health Centre,Taita Taveta,Voi,Health Centre,Ministry of Health,0,0,f,f,Operational,,
11582,Maunguja Dispensary,Mombasa,Kisauni,Dispensary,Local Authority,0,0,f,f,Operational,-4.043477,39.668205
21128,Mausa Dispensary,Narok,Narok South,Dispensary,Ministry of Health,0,0,f,f,Operational,-1.083333,35.866667
16010,Mautuma Sub County Hospital,Kakamega,Lugari,Sub-District Hospital,Ministry of Health,15,0,f,f,Operational,0.284767,34.752308
12493,Mavindini Health Centre,Makueni,Kathonzweni,Health Centre,Ministry of Health,11,4,f,f,Operational,-1.8,37.616667
18330,Mavindu Dispensary,Makueni,Mbooni West,Dispensary,Ministry of Health,0,1,f,f,Operational,-1.8,37.616667
17256,Mavivye Model Health Centre,Makueni,Mukaa,Dispensary,Ministry of Health,0,0,f,f,Operational,-1.8,37.616667
18482,Mavueni Dispensary,Kilifi,Kilifi North,Dispensary,Ministry of Health,0,0,f,f,Operational,-3.633333,39.85
12495,Mavui Dispensary,Kitui,Mwingi West,Dispensary,Ministry of Health,0,0,f,f,Operational,-1.366667,38.016667
13795,Mawego Health Centre,Homa Bay,Rachuonyo North,Health Centre,Kenya Episcopal Conference-Catholic Secretariat,28,4,f,f,Operational,-0.516667,34.45
17233,Maweni CDF Dispensary (Kongowea),Mombasa,Kisauni,Dispensary,Ministry of Health,0,0,f,f,Operational,-4.043477,39.668205
18302,Maweni Community Clinic,Kilifi,Malindi,Medical Clinic,Private Practice - Nurse / Midwife,0,0,f,f,Operational,-3.216667,40.116667
19253,Mawenzi Care Clinics,Kajiado,Loitoktok,Medical Clinic,Private Practice - General Practitioner,1,0,f,f,Operational,-1.85,36.783333
19403,Max Family Health Care,Nairobi,Roysambu,Medical Clinic,Private Practice - General Practitioner,0,0,f,f,Operational,-1.286389,36.817223
15144,Marti Dispensary,Samburu,Samburu North,Dispensary,Ministry of Health,1,0,f,f,Operational,1.316667,36.983333
10695,Martmerg Medical Clinic,Kiambu,Ruiru,Medical Clinic,Private Practice - Nurse / Midwife,0,0,f,f,Operational,-1.286389,36.817223
19705,Maru A Pula Medical Clinic,Nyeri,Mathira East,Medical Clinic,Private Practice - Nurse / Midwife,0,0,f,f,Operational,-0.416667,36.95
10696,Marua Dispensary,Nyeri,Nyeri Central,Dispensary,Ministry of Health,0,0,f,f,Operational,-0.416667,36.95
10697,Marua Medical Clinic,Nyeri,Nyeri Central,Medical Clinic,Private Practice - Nurse / Midwife,0,0,f,f,Operational,-0.416667,36.95
21197,Marugi Medical Clinic,Kiambu,Ruiru,Medical Clinic,Private Practice - Clinical Officer,0,0,f,f,Operational,-1.166667,36.833333
11572,Marungu Health Centre,Taita Taveta,Voi,Health Centre,Ministry of Health,0,0,f,f,Operational,,
20880,Marura Medical Centre-Eldoret,Uasin Gishu,Eldoret East,Health Centre,Private Practice - Nurse / Midwife,2,0,f,f,Operational,0.516667,35.283333
13070,Marura Nursing Home,Nairobi,Ruaraka,Nursing Home,Private Enterprise (Institution),32,5,f,f,Operational,-1.286389,36.817223
18553,Marura Nursing Home (Ruiru),Kiambu,Ruiru,Medical Clinic,Private Practice - Clinical Officer,0,0,f,f,Operational,-1.166667,36.833333
19723,Marura Nursing Home Kiambu Medical Clinic,Kiambu,Kiambu,Nursing Home,Private Practice - Clinical Officer,3,2,f,f,Operational,-1.166667,36.833333
15146,Mary Finch Dispensary,Kericho,Londiani,Dispensary,Other Faith Based,4,0,f,f,Operational,-0.366667,35.283333
19598,Mary Help Mission Medical Centre,Kiambu,Gatundu North,Medical Clinic,Private Practice - Clinical Officer,0,0,f,f,Operational,-1.166667,36.833333
10698,Mary Help of The Sick Hospital,Kiambu,Thika West,Other Hospital,Kenya Episcopal Conference-Catholic Secretariat,60,22,f,f,Operational,-1.033333,37.066667
10699,Mary Hill Medical Clinic,Laikipia,Nyahururu,Medical Clinic,Private Practice - Clinical Officer,0,0,f,f,Operational,0.366667,37.033333
12982,Mary Immaculate Clinic Mukuru,Nairobi,Starehe,Medical Clinic,Other Faith Based,0,0,f,f,Operational,-1.286389,36.817223
15147,Mary Immaculate Dispensary (Eldoret East),Uasin Gishu,Eldoret East,Dispensary,Kenya Episcopal Conference-Catholic Secretariat,0,0,f,f,Operational,0.514277,35.269779
15148,Mary Immaculate Dispensary (Laikipia East),Laikipia,Laikipia East,Dispensary,Kenya Episcopal Conference-Catholic Secretariat,0,0,f,f,Operational,0.366667,37.033333
16179,Maryango Medical Clinic,Kilifi,Ganze,Medical Clinic,Private Enterprise (Institution),0,0,f,f,Operational,-3.633333,39.85
17815,Maryland Medical Clinic,Nakuru,Subukia,Medical Clinic,Private Practice - Nurse / Midwife,0,0,f,f,Operational,-0.303099,36.080026
16715,Masaba Dispensary,Kakamega,Butere,Dispensary,Other Faith Based,0,0,f,f,Operational,0.284767,34.752308
13678,Masaba District Hospital,Nyamira,North Masaba,District Hospital,Ministry of Health,34,2,f,f,Operational,-0.633333,34.933333
18414,Masaba Hospital Kisumu,Kisumu,Kisumu West,Other Hospital,Private Practice - General Practitioner,25,5,f,f,Operational,-1.286389,36.817223
13780,Masala Dispensary,Siaya,Rarieda,Dispensary,Ministry of Health,3,0,f,f,Operational,0.066667,34.283333
21191,Masaria Dispensary,Migori,Migori,Dispensary,Ministry of Health,2,0,f,f,Operational,-1.066667,34.466667
18550,Maseki Dispensary,Kitui,Matinyani,Dispensary,Ministry of Health,0,0,f,f,Operational,-1.366667,38.016667
17157,Masendebale Dispensary,Busia,Butula,Dispensary,Ministry of Health,0,0,f,f,Operational,0.46,34.11
13781,Maseno Mission Hospital,Kisumu,Kisumu West,Other Hospital,Christian Health Association of Kenya,78,30,f,f,Operational,-0.10221,34.761711
20905,Maseno University AIDS Control Unit(City Campus),Kisumu,Kisumu East,VCT Centre (Stand-Alone),Academic (if registered),0,0,f,f,Operational,-0.10221,34.761711
18663,Mashaallah Nursing Home-Habaswein,Wajir,Habaswein,Nursing Home,Private Practice - Clinical Officer,15,0,f,f,Operational,1.75,40.066667
17111,Mashambani Dispensary,Kisumu,Muhoroni,Dispensary,Community,0,0,f,f,Operational,-0.10221,34.761711
12479,Masyungwa Health Centre,Kitui,Tseikuru,Health Centre,Ministry of Health,6,2,f,f,Operational,-1.366667,38.016667
11577,Mata Dispensary (Taveta),Taita Taveta,Taveta,Dispensary,Ministry of Health,0,0,f,f,Operational,,
10703,Mataara Dispensary,Kiambu,Gatundu North,Dispensary,Ministry of Health,0,0,f,f,Operational,-1.166667,36.833333
12480,Mataka Dispensary,Kitui,Kyuso,Dispensary,Ministry of Health,0,0,f,f,Operational,-1.366667,38.016667
20544,matar-arba,Isiolo,Merti,Dispensary,Ministry of Health,2,2,f,f,Operational,0.35,37.583333
13789,Matata Nursing Hospital,Homa Bay,Rachuonyo South,Nursing Home,Other Faith Based,89,15,f,f,Operational,-0.516667,34.45
16003,Matayos Community Clinic,Busia,Busia,Medical Clinic,Private Practice - Nurse / Midwife,0,0,f,f,Operational,0.46,34.11
16004,Matayos Health Centre,Busia,Busia,Health Centre,Ministry of Health,14,0,f,f,Operational,0.46,34.11
19838,Matches Medical Clinc,Nyandarua,Kinangop,Medical Clinic,Private Practice - Clinical Officer,0,0,f,f,Operational,-0.183333,36.366667
19912,Matercare Maternity Hospital,Isiolo,Isiolo,Other Hospital,Kenya Episcopal Conference-Catholic Secretariat,50,60,f,f,Operational,0.35,37.583333
12481,Materi Girls Dispensary,Tharaka Nithi,Tharaka South,Dispensary,Other Faith Based,0,0,f,f,Operational,0.05,37.65
16005,Matete Health Centre,Kakamega,Matete,Health Centre,Ministry of Health,14,0,f,f,Operational,0.284767,34.752308
10705,Mathakwaini (PCEA) Dispensary,Nyeri,Tetu,Dispensary,Christian Health Association of Kenya,0,0,f,f,Operational,-0.416667,36.95
13077,Mathare North Health Centre,Nairobi,Ruaraka,Health Centre,Local Authority,24,4,f,f,Operational,-1.286389,36.817223
13076,Mathari Hospital,Nairobi,Mathare,District Hospital,Ministry of Health,700,0,f,f,Operational,-1.286389,36.817223
12433,Loiyangalani Health Centre,Marsabit,Loyangalani,Health Centre,Kenya Episcopal Conference-Catholic Secretariat,10,0,f,f,Operational,2.333333,37.983333
17196,Lokaburu Dispensary,Turkana,Turkana South,Dispensary,Ministry of Health,2,1,f,f,Operational,3.116667,35.6
15056,Lokapel Dispensary,Turkana,Turkana South,Dispensary,Ministry of Health,0,0,f,f,Operational,3.116667,35.6
15057,Lokichar (RCEA) Health Centre,Turkana,Turkana South,Health Centre,Christian Health Association of Kenya,22,2,f,f,Operational,3.116667,35.6
15059,Lokichogio (AIC) Health Centre,Turkana,Turkana West,Health Centre,Christian Health Association of Kenya,10,2,f,f,Operational,3.116667,35.6
15061,Lokiriama Dispensary,Turkana,Loima,Dispensary,Ministry of Health,0,0,f,f,Operational,3.116667,35.6
15062,Lokitaung Sub County Hospital,Turkana,Turkana North,District Hospital,Ministry of Health,20,1,f,f,Operational,3.116667,35.6
15063,Lokore Dispensary,Turkana,Turkana West,Dispensary,Kenya Episcopal Conference-Catholic Secretariat,0,0,f,f,Operational,3.116667,35.6
15064,Lokori (AIC) Health Centre,Turkana,Turkana East,Health Centre,Christian Health Association of Kenya,20,2,f,f,Operational,3.116667,35.6
16324,Lokori Primary Health Care Programme,Turkana,Turkana East,Health Centre,Kenya Episcopal Conference-Catholic Secretariat,0,0,f,f,Operational,3.116667,35.6
15065,Lokusero Dispensary,Laikipia,Laikipia North,Dispensary,Ministry of Health,4,1,f,f,Operational,0.366667,37.033333
15066,Lokwamosing Dispensary,Turkana,Turkana East,Dispensary,Ministry of Health,0,0,f,f,Operational,3.116667,35.6
16697,Lokwatubwa (PAG) Dispensary,Turkana,Loima,Dispensary,Christian Health Association of Kenya,0,0,f,f,Operational,3.116667,35.6
15067,Lokwii Health center,Turkana,Turkana East,Health Centre,Ministry of Health,0,0,f,f,Operational,3.116667,35.6
20719,Lolgese Dispensary,Samburu,Samburu Central,Dispensary,Ministry of Health,0,0,f,f,Pending Opening,1.316667,36.983333
15068,Lolgorian Sub District Hosp,Narok,Trans Mara West - Dikirr,Sub-District Hospital,Ministry of Health,18,7,f,f,Operational,-1.083333,35.866667
20743,Lolkuniyani  Dispensary,Samburu,Samburu East,Dispensary,Ministry of Health,1,0,f,f,Pending Opening,1.316667,36.983333
20721,Lolkunono Dispensary,Samburu,Samburu Central,Dispensary,Ministry of Health,0,0,f,f,Pending Opening,1.316667,36.983333
20698,Lolkuta North Dispensary,Wajir,Wajir West,Dispensary,Ministry of Health,0,0,f,f,Operational,1.75,40.066667
15070,Lolminingai Dispensary,Nandi,Nandi Central,Dispensary,Ministry of Health,0,0,f,f,Operational,0.166667,35.133333
17189,Lolmolog Dispensary,Samburu,Samburu Central,Dispensary,Ministry of Health,0,0,f,f,Operational,1.316667,36.983333
14504,Loltulelei Friends Dispensary,Samburu,Samburu Central,Dispensary,Christian Health Association of Kenya,0,0,f,f,Operational,1.316667,36.983333
20000,Lolupe Dispensary,Turkana,Turkana Central,Dispensary,Ministry of Health,0,0,f,f,Operational,3.116667,35.6
21262,Lolwe Dispensary,Kisumu,Seme,Dispensary,Ministry of Health,0,0,f,f,Operational,-0.10221,34.761711
16875,Lombi Medical Clinic,Homa Bay,Rachuonyo South,Medical Clinic,Private Practice - Clinical Officer,0,0,f,f,Operational,-0.516667,34.45
16698,Lomelo Dispensary,Turkana,Turkana East,Dispensary,Ministry of Health,0,0,f,f,Operational,3.116667,35.6
15072,Lomil Dispensary,Turkana,Loima,Dispensary,Ministry of Health,0,0,f,f,Operational,3.116667,35.6
20048,Lomuke Dispensary,Baringo,East Pokot,Dispensary,Ministry of Health,0,0,f,f,Operational,0.466667,35.966667
15073,Lomut Health Centre,West Pokot,Pokot Central,Health Centre,Ministry of Health,0,0,f,f,Operational,1.233333,35.116667
17479,Longech Dispensary,Turkana,Turkana Central,Dispensary,Ministry of Health,0,0,f,f,Operational,3.116667,35.6
15076,Longewan Dispensary,Samburu,Samburu Central,Dispensary,Ministry of Health,0,0,f,f,Operational,1.316667,36.983333
15077,Longisa District Hospital,Bomet,Bomet East,District Hospital,Ministry of Health,144,6,f,f,Operational,-0.783333,35.35
15078,Longonot Dispensary,Nakuru,Naivasha,Dispensary,Ministry of Health,0,0,f,f,Operational,-0.303099,36.080026
16214,Lontolio Dispensary,Marsabit,Marsabit South,Dispensary,Ministry of Health,0,0,f,f,Operational,2.333333,37.983333
15046,Loodoariak Dispensary,Kajiado,Kajiado North,Dispensary,Ministry of Health,0,0,f,f,Operational,-1.85,36.783333
15079,Loosuk GK Dispensary,Samburu,Samburu Central,Dispensary,Ministry of Health,6,2,f,f,Operational,1.316667,36.983333
16699,Lopedur Dispensary,Turkana,Turkana East,Dispensary,Community,0,0,f,f,Operational,3.116667,35.6
17246,Loperot Dispensary,Turkana,Turkana South,Dispensary,Community,0,0,f,f,Operational,3.116667,35.6
15081,Lopiding Sub-District Hospital,Turkana,Turkana West,Sub-District Hospital,Ministry of Health,40,2,f,f,Operational,3.116667,35.6
20781,Lopii Dispensary,Turkana,Turkana East,Dispensary,Ministry of Health,2,2,f,f,Pending Opening,3.116667,35.6
16815,Lord of Mercy Clinic,Nyeri,Kieni East,Medical Clinic,Private Practice - Nurse / Midwife,0,0,f,f,Operational,-0.416667,36.95
15084,Lorengelup Dispensary,Turkana,Turkana Central,Dispensary,Ministry of Health,0,0,f,f,Operational,3.116667,35.6
15085,Lorengippi Dispensary,Turkana,Loima,Dispensary,Ministry of Health,0,0,f,f,Operational,3.116667,35.6
15086,Lorien Dispensary,Laikipia,Laikipia West,Dispensary,Ministry of Health,2,0,f,f,Operational,0.366667,37.033333
20076,Lorugum Medical Services Ltd,Turkana,Turkana Central,Medical Clinic,Private Practice - General Practitioner,1,3,f,f,Operational,3.116667,35.6
15091,Loruk Dispensary (East Pokot),Baringo,East Pokot,Dispensary,Ministry of Health,0,0,f,f,Operational,0.466667,35.966667
15092,Loruth Dispensary,Turkana,Turkana North,Dispensary,Ministry of Health,0,0,f,f,Operational,3.116667,35.6
16369,Losam Dispensary,West Pokot,North Pokot,Dispensary,Ministry of Health,0,0,f,f,Operational,1.233333,35.116667
18265,Losho Dispensary,Narok,Narok South,Dispensary,Ministry of Health,0,0,f,f,Operational,-1.083333,35.866667
15093,Losogwa Dispensary,Laikipia,Nyahururu,Dispensary,Ministry of Health,2,0,f,f,Operational,0.366667,37.033333
20592,Lotubae Dispensary,Turkana,Turkana East,Dispensary,Ministry of Health,0,0,f,f,Operational,3.116667,35.6
15094,Loturerei Dispensary,Turkana,Turkana Central,Dispensary,Ministry of Health,0,0,f,f,Operational,3.116667,35.6
17755,Lovic Dermacare Clinic,Mombasa,Changamwe,Medical Clinic,Private Practice - Clinical Officer,0,0,f,f,Operational,-4.043477,39.668205
15096,Lowarengak Dispensary,Turkana,Turkana North,Dispensary,Kenya Episcopal Conference-Catholic Secretariat,0,0,f,f,Operational,3.116667,35.6
13052,Lower Kabete Dispensary (Kabete),Nairobi,Westlands,Dispensary,Local Authority,0,0,f,f,Operational,-1.286389,36.817223
15097,Lower Solai Dispensary,Nakuru,Rongai,Dispensary,Ministry of Health,6,3,f,f,Operational,-0.303099,36.080026
17276,Lpartuk Dispensary,Samburu,Samburu Central,Dispensary,Ministry of Health,0,0,f,f,Operational,1.316667,36.983333
15962,Luanda Mch/Fp Clinic,Vihiga,Emuhaya,Medical Clinic,Private Practice - Nurse / Midwife,0,0,f,f,Operational,0.083333,34.716667
15963,Luanda Town Dispensary,Vihiga,Emuhaya,Dispensary,Ministry of Health,0,0,f,f,Operational,0.083333,34.716667
17112,Luanda Wayside Clinic,Vihiga,Emuhaya,Medical Clinic,Private Practice - Clinical Officer,0,0,f,f,Operational,0.083333,34.716667
18287,Ludomic Clinic,Embu,Manyatta,Medical Clinic,Private Practice - Nurse / Midwife,0,0,f,f,Operational,-0.533333,37.45
15964,Lugari Forest Dispensary,Kakamega,Lugari,Dispensary,Ministry of Health,0,0,f,f,Operational,0.284767,34.752308
17653,Lughpharm Medical Services (Machakos),Machakos,Machakos,Medical Clinic,Private Practice - Clinical Officer,0,0,f,f,Operational,-1.516667,37.266667
15965,Lugulu Friends Mission Hospital,Bungoma,Bungoma East,Other Hospital,Other Faith Based,110,0,f,f,Operational,0.566667,34.566667
19650,Luisoi Medical Clinic,Nyeri,Kieni East,Medical Clinic,Private Practice - Clinical Officer,0,0,f,f,Operational,-0.416667,36.95
15966,Lukhome Dispensary (Bungoma West),Bungoma,Bungoma Central,Dispensary,Ministry of Health,0,0,f,f,Operational,0.566667,34.566667
15967,Lukhuna Dispensary,Bungoma,Bungoma North,Dispensary,Ministry of Health,0,0,f,f,Operational,0.566667,34.566667
18042,Lukim Medical Clinic,Mombasa,Kisauni,Medical Clinic,Private Practice - Nurse / Midwife,0,0,f,f,Operational,-4.043477,39.668205
15968,Lukolis Model Health Centre,Busia,Teso South,Health Centre,Ministry of Health,7,0,f,f,Operational,0.46,34.11
11525,Lukore Dispensary,Kwale,Matuga,Dispensary,Ministry of Health,0,0,f,f,Operational,-4.183333,39.45
17298,Lukoye Health Centre,Kakamega,Butere,Health Centre,Ministry of Health,4,2,f,f,Operational,0.284767,34.752308
18125,Lukusi Dispensary,Bungoma,Bungoma East,Dispensary,Ministry of Health,0,0,f,f,Operational,0.566667,34.566667
15969,Lumakanda Sub County Hospital,Kakamega,Lugari,District Hospital,Ministry of Health,45,3,f,f,Operational,0.284767,34.752308
17174,Lwala Kadawa Dispensary,Kisumu,Kisumu West,Dispensary,Ministry of Health,0,0,f,f,Operational,-0.10221,34.761711
20385,Lwala Nyarago Dispensary,Migori,Uriri,Dispensary,Ministry of Health,1,1,f,f,Operational,-1.066667,34.466667
15979,Lwanda Dispensary (Bungoma West),Bungoma,Bungoma Central,Dispensary,Ministry of Health,0,0,f,f,Operational,0.566667,34.566667
13742,Lwanda Gwassi Dispensary,Homa Bay,Suba,Dispensary,Ministry of Health,0,0,f,f,Operational,-0.516667,34.45
20285,Lwanda kobita,Homa Bay,Ndhiwa,Dispensary,Ministry of Health,4,4,f,f,Operational,-0.516667,34.45
20569,Lwanda Konyango VCT Centre (Nyarami),Migori,Nyatike,VCT Centre (Stand-Alone),Non-Governmental Organizations,1,0,f,f,Operational,-1.066667,34.466667
15980,Lwandanyi Dispensary,Bungoma,Bungoma West,Dispensary,Ministry of Health,0,0,f,f,Operational,0.566667,34.566667
15981,Lwandeti Dispensary,Kakamega,Matete,Dispensary,Christian Health Association of Kenya,0,0,f,f,Operational,0.284767,34.752308
17155,Lwanyange Dispensary,Busia,Nambale,Dispensary,Ministry of Health,0,0,f,f,Operational,0.46,34.11
15982,Lyanaginga Health Centre,Vihiga,Vihiga,Health Centre,Ministry of Health,20,2,f,f,Operational,0.083333,34.716667
16505,M K M Clinic,Kirinyaga,Kirinyaga East,Medical Clinic,Private Practice - Clinical Officer,0,0,f,f,Operational,-0.5,37.283333
19175,M K Medical Clinic Ewuaso,Kajiado,Kajiado North,Medical Clinic,Private Practice - Nurse / Midwife,0,0,f,f,Operational,-1.85,36.783333
19081,Maa Out Patient Centre,Kajiado,Kajiado North,Medical Clinic,Private Practice - Nurse / Midwife,0,0,f,f,Operational,-1.85,36.783333
12436,Maai Dispensary,Kitui,Mwingi East,Dispensary,Ministry of Health,0,0,f,f,Operational,-1.366667,38.016667
17339,Maalimin Dispensary,Garissa,Lagdera,Dispensary,Ministry of Health,0,0,f,f,Operational,-0.456944,39.658333
11528,Maamba Medical Clinic,Kilifi,Kilifi South,Medical Clinic,Private Enterprise (Institution),0,0,f,f,Operational,-3.633333,39.85
15103,Maasai Medical Centre,Kajiado,Kajiado North,Medical Clinic,Private Practice - Clinical Officer,0,0,f,f,Operational,-1.85,36.783333
15104,Maasai Nursing Home,Narok,Narok North,Nursing Home,Private Enterprise (Institution),27,0,f,f,Operational,-1.083333,35.866667
17502,Mabanga Medical Clinic,Bungoma,Bungoma South,Medical Clinic,Private Practice - Nurse / Midwife,0,0,f,f,Operational,0.566667,34.566667
19746,Mabariri Medical Clinic (Nyamira North),Nyamira,Nyamira North,Medical Clinic,Private Practice - Nurse / Midwife,2,2,f,f,Operational,-0.633333,34.933333
15105,Mabasi Dispensary,Kericho,Bureti,Dispensary,Ministry of Health,0,0,f,f,Operational,-0.366667,35.283333
11529,Mabati Medical Clinic,Kilifi,Kaloleni,Dispensary,Company Medical Service,0,0,f,f,Operational,-3.633333,39.85
17297,Mabole Health Centre,Kakamega,Butere,Health Centre,Ministry of Health,4,2,f,f,Operational,0.284767,34.752308
10667,Mabroukie Dispensary,Kiambu,Limuru,Dispensary,Private Enterprise (Institution),0,0,f,f,Operational,-1.166667,36.833333
15983,Mabusi Health Centre,Kakamega,Likuyani,Health Centre,Ministry of Health,7,0,f,f,Operational,0.284767,34.752308
12437,Machaka Mission Dispensary,Meru,Buuri,Dispensary,Kenya Episcopal Conference-Catholic Secretariat,0,0,f,f,Operational,0.05,37.65
12439,Machakos Health Care Centre,Machakos,Machakos,Medical Clinic,Private Practice - Clinical Officer,32,0,f,f,Operational,-1.516667,37.266667
12438,Machakos Level 5 Hospital,Machakos,Machakos,Provincial General Hospital,Ministry of Health,375,57,f,f,Operational,-1.516667,37.266667
12440,Machakos Medical Clinic,Machakos,Machakos,Medical Clinic,Private Practice - General Practitioner,0,0,f,f,Operational,-1.516667,37.266667
18970,Machengene Dispensary,Meru,Tigania West,Dispensary,Ministry of Health,0,0,f,f,Pending Opening,0.05,37.65
19892,Machinery Health Care Centre,Makueni,Kibwezi,Medical Clinic,Private Practice - Clinical Officer,0,0,f,f,Operational,-1.8,37.616667
19188,Machungulu Dispensary,Meru,Igembe Central,Dispensary,Ministry of Health,0,0,f,f,Operational,0.05,37.65
13746,Machururiati Dispensary,Nyamira,North Masaba,Dispensary,Ministry of Health,1,0,f,f,Operational,-0.633333,34.933333
15984,Machwele Dispensary,Bungoma,Bumula,Dispensary,Ministry of Health,0,0,f,f,Operational,0.566667,34.566667
11530,Mackinnon Medical Clinic,Mombasa,Likoni,Medical Centre,Private Practice - Nurse / Midwife,0,0,f,f,Operational,-4.043477,39.668205
11531,Mackinon Road Dispensary,Kwale,Kinango,Dispensary,Ministry of Health,0,0,f,f,Operational,-4.183333,39.45
11532,Madamani Dispensary,Kilifi,Ganze,Dispensary,Ministry of Health,0,0,f,f,Operational,-3.633333,39.85
18735,Madaraka Health Services,Meru,Imenti North,Medical Centre,Private Practice - Nurse / Midwife,0,0,f,f,Operational,0.05,37.65
15985,Madende Dispensary,Busia,Nambale,Dispensary,Ministry of Health,4,0,f,f,Operational,0.46,34.11
13747,Madiany Sub County  Hospital,Siaya,Rarieda,Sub-District Hospital,Ministry of Health,16,0,f,f,Operational,0.066667,34.283333
13055,Madina Nursing Home,Nairobi,Kamukunji,Dispensary,Private Enterprise (Institution),24,4,f,f,Operational,-1.286389,36.817223
17902,Madoadi Dispensary (Sololo),Marsabit,Sololo,Dispensary,Ministry of Health,0,0,f,f,Operational,2.333333,37.983333
11533,Madogo Health Centre,Tana River,Bura,Health Centre,Ministry of Health,6,0,f,f,Operational,-1.5,40.033333
11534,Madunguni Dispensary,Kilifi,Malindi,Dispensary,Ministry of Health,0,0,f,f,Operational,-3.216667,40.116667
11535,Madunguni Medical Clinic,Kilifi,Malindi,Medical Clinic,Private Practice - Nurse / Midwife,0,0,f,f,Not-Operational,-3.216667,40.116667
20871,Maemba Dispensary,Kericho,Belgut,Dispensary,Ministry of Health,0,0,f,f,Operational,-0.366667,35.283333
18890,Maendeleo Clinic,Bungoma,Cheptais,Medical Clinic,Private Practice - Nurse / Midwife,6,6,f,f,Operational,0.566667,34.566667
19473,Maendereo Medical Clinic,Nairobi,Makadara,Medical Clinic,Private Practice - Nurse / Midwife,0,0,f,f,Operational,-1.286389,36.817223
15986,Maeni Dispensary,Bungoma,Kimilili Bungoma,Dispensary,Ministry of Health,3,0,f,f,Operational,0.566667,34.566667
11536,Mafisini Dispensary,Kwale,Msambweni,Dispensary,Ministry of Health,0,0,f,f,Operational,-4.183333,39.45
20281,M-afya Medical Clinic,Kilifi,Rabai,Medical Clinic,Non-Governmental Organizations,0,0,f,f,Operational,-3.633333,39.85
15107,Magadi Hospital,Kajiado,Kajiado North,Other Hospital,Company Medical Service,40,0,f,f,Operational,-1.85,36.783333
18698,Magana Medical Clinic,Kiambu,Limuru,Medical Clinic,Private Practice - Nurse / Midwife,0,0,f,f,Operational,-1.166667,36.833333
21247,Magao Dispesnsary,Homa Bay,Rachuonyo North,Dispensary,Ministry of Health,4,1,f,f,Operational,-0.516667,34.45
20453,Magaoni Health Centre,Kwale,Msambweni,Health Centre,Ministry of Health,0,0,f,f,Operational,-4.183333,39.45
13748,Magena Dispensary,Kisii,Kenyenya,Dispensary,Ministry of Health,11,0,f,f,Operational,-0.683333,34.766667
13749,Magenche Dispensary,Kisii,Kenyenya,Dispensary,Ministry of Health,0,0,f,f,Operational,-0.683333,34.766667
12443,Magenka Dispensary,Tharaka Nithi,Meru South,Dispensary,Christian Health Association of Kenya,0,0,f,f,Operational,,
20646,Magiina Dispensary,Kiambu,Lari,Dispensary,Ministry of Health,0,0,f,f,Operational,-1.166667,36.833333
18430,Magina Health Center,Kisumu,Nyando,Health Centre,Ministry of Health,1,0,f,f,Operational,-0.10221,34.761711
21115,Mago Care Health Centre,Vihiga,Hamisi,Health Centre,Non-Governmental Organizations,5,1,f,f,Operational,0.083333,34.716667
11537,Magodzoni Dispensary,Kwale,Matuga,Dispensary,Ministry of Health,0,0,f,f,Operational,-4.183333,39.45
17134,Magombo Community Dispensary (Manga),Nyamira,Manga,Dispensary,Ministry of Health,2,2,f,f,Operational,-0.633333,34.933333
13752,Magombo Health Centre,Nyamira,North Masaba,Health Centre,Ministry of Health,10,3,f,f,Operational,-0.633333,34.933333
11538,Magongo (MCM) Dispensary,Mombasa,Changamwe,Health Centre,Local Authority,0,0,f,f,Operational,-4.043477,39.668205
20486,Magonoi Dispensary,Baringo,Baringo Central,Dispensary,Ministry of Health,0,0,f,f,Operational,0.466667,35.966667
13753,Magunga Health Centre,Homa Bay,Suba,Health Centre,Ministry of Health,19,0,f,f,Operational,-0.516667,34.45
13754,Magura Dispensary,Nyamira,Borabu,Dispensary,Private Enterprise (Institution),1,0,f,f,Operational,-0.633333,34.933333
13755,Magwagwa (SDA) Dispensary,Nyamira,Nyamira North,Dispensary,Christian Health Association of Kenya,1,0,f,f,Operational,-0.633333,34.933333
13756,Magwagwa Health Centre,Nyamira,Nyamira North,Health Centre,Ministry of Health,0,0,f,f,Operational,-0.633333,34.933333
18187,Mahandakini Dispensary,Taita Taveta,Taveta,Dispensary,Ministry of Health,0,0,f,f,Operational,,
15987,Mahanga Dispensary,Kakamega,Matete,Dispensary,Ministry of Health,0,0,f,f,Operational,0.284767,34.752308
13757,Mahaya Health Centre (Rarieda),Siaya,Rarieda,Health Centre,Ministry of Health,22,5,f,f,Operational,0.066667,34.283333
16679,Mahianyu Dispensary,Laikipia,Nyahururu,Dispensary,Ministry of Health,2,0,f,f,Operational,0.366667,37.033333
15108,Mai Mahiu Health Centre,Nakuru,Naivasha,Health Centre,Ministry of Health,6,0,f,f,Operational,-0.303099,36.080026
19139,Mai Mahiu Maternity and Hospital,Nakuru,Naivasha,Maternity Home,Private Practice - General Practitioner,9,5,f,f,Operational,-0.303099,36.080026
15106,Maiela Health Centre,Nakuru,Naivasha,Health Centre,Ministry of Health,10,4,f,f,Operational,-0.303099,36.080026
21086,Maiko Medical Clinic,Nakuru,Subukia,Medical Clinic,Private Practice - Nurse / Midwife,0,0,f,f,Operational,-0.303099,36.080026
12446,Maikona Dispensary,Marsabit,Marsabit North,Dispensary,Kenya Episcopal Conference-Catholic Secretariat,0,0,f,f,Operational,2.333333,37.983333
20002,Maili Saba Dispensary,Trans Nzoia,Trans Nzoia West,Dispensary,Ministry of Health,10,2,f,f,Operational,1.016667,34.983333
10671,Maina & Mwangi Health Centre,Nyandarua,Nyandarua West,Health Centre,Ministry of Health,0,0,f,f,Operational,-0.183333,36.366667
15110,Maina Dispensary,Elgeyo Marakwet,Marakwet East,Dispensary,Ministry of Health,0,0,f,f,Operational,,
18410,Maina Kiganjo Health Clinic,Nyeri,Nyeri Central,Medical Clinic,Private Practice - Nurse / Midwife,0,0,f,f,Operational,-0.416667,36.95
10672,Maina Village Dispensary,Laikipia,Nyahururu,Dispensary,Ministry of Health,0,0,f,f,Operational,0.366667,37.033333
21208,Mainga Dispensary,Kisumu,Kisumu West,Dispensary,Ministry of Health,1,0,f,f,Operational,-0.10221,34.761711
17862,Mainland Health Centre (Changamwe),Mombasa,Changamwe,Health Centre,Private Practice - Unspecified,10,1,f,f,Operational,-4.043477,39.668205
11539,Mainland Health Centre (Magongo),Mombasa,Changamwe,Health Centre,Private Enterprise (Institution),4,18,f,f,Operational,-4.043477,39.668205
11540,Mainview Medical Clinic,Mombasa,Changamwe,Medical Clinic,Private Enterprise (Institution),0,0,f,f,Operational,-4.043477,39.668205
17303,Mairi Dispensary,Murang'a,Kigumo,Dispensary,Ministry of Health,0,0,f,f,Operational,-0.716667,37.15
16506,Maisha Bora Clinic,Kirinyaga,Kirinyaga East,Medical Clinic,Private Practice - Nurse / Midwife,0,0,f,f,Operational,-0.5,37.283333
15988,Majengo Dispensary,Kakamega,Lugari,Dispensary,Ministry of Health,0,0,f,f,Operational,0.284767,34.752308
11541,Majengo Dispensary (Mombasa),Mombasa,Mvita,Dispensary,Local Authority,0,0,f,f,Operational,-4.043477,39.668205
15111,Maji Mazuri Dispensary,Baringo,Koibatek,Dispensary,Ministry of Health,0,0,f,f,Operational,0.466667,35.966667
15112,Maji Moto Dispensary,Baringo,Mogotio,Dispensary,Ministry of Health,0,0,f,f,Operational,0.466667,35.966667
15113,Maji Moto Dispensary (Narok South),Narok,Narok South,Dispensary,Other Faith Based,0,0,f,f,Operational,-1.083333,35.866667
15114,Maji Tamu Health Centre,Nakuru,Rongai,Health Centre,Ministry of Health,0,0,f,f,Operational,-0.303099,36.080026
20381,LIFOG Medical Clinic,Mombasa,Kisauni,Medical Clinic,Private Practice - General Practitioner,0,0,f,f,Operational,-4.043477,39.668205
19720,Lifters Community Medical Clinic,Kiambu,Ruiru,Medical Clinic,Private Practice - Clinical Officer,0,0,f,f,Pending Opening,-1.286389,36.817223
18320,Ligala Dispensary,Siaya,Ugenya,Dispensary,Ministry of Health,0,0,f,f,Operational,0.066667,34.283333
19334,Light Hospital,Nakuru,Naivasha,Other Hospital,Private Practice - General Practitioner,10,0,f,f,Operational,-0.303099,36.080026
20132,Light Medical and Side Lab Naivasha,Nakuru,Naivasha,Medical Clinic,Private Practice - Clinical Officer,0,0,f,f,Operational,-0.303099,36.080026
20874,Light Medicare Clinic,Kericho,Belgut,Medical Clinic,Private Practice - Clinical Officer,0,0,f,f,Operational,-0.366667,35.283333
17512,Lihanda Health Centre,Siaya,Gem,Health Centre,Non-Governmental Organizations,4,0,f,f,Operational,0.066667,34.283333
16684,Likia Dispensary,Nakuru,Njoro,Dispensary,Ministry of Health,0,0,f,f,Operational,-0.303099,36.080026
15035,Likii Dispensary,Laikipia,Laikipia East,Dispensary,Other Public Institution,0,0,f,f,Operational,0.366667,37.033333
15960,Likindu Dispensary,Vihiga,Hamisi,Dispensary,Ministry of Health,3,0,f,f,Operational,0.083333,34.716667
11520,Likoni Catholic Dispensary,Mombasa,Likoni,Medical Clinic,Kenya Episcopal Conference-Catholic Secretariat,0,0,f,f,Operational,-4.043477,39.668205
11522,Likoni District Hospital,Mombasa,Likoni,District Hospital,Ministry of Health,14,0,f,f,Operational,-4.043477,39.668205
15036,Likwon Dispensary,Baringo,Baringo North,Dispensary,Ministry of Health,0,0,f,f,Operational,0.466667,35.966667
17833,Lilian Wacuka Medical Clinic,Murang'a,Kiharu,Medical Centre,Private Practice - Unspecified,0,0,f,f,Operational,-0.716667,37.15
18460,Lilongwe Community Health Care,Mombasa,Changamwe,Medical Clinic,Private Practice - Nurse / Midwife,0,0,f,f,Operational,-4.043477,39.668205
19087,Lilyon Clinical Services,West Pokot,West Pokot,Medical Clinic,Private Practice - Clinical Officer,0,0,f,f,Operational,1.233333,35.116667
20624,Makina Community Clinic,Nairobi,Kibra,Dispensary,Ministry of Health,0,0,f,f,Operational,-1.286389,36.817223
11961,Makindu Catholic Dispensary,Makueni,Makindu,Dispensary,Kenya Episcopal Conference-Catholic Secretariat,0,0,f,f,Operational,-1.8,37.616667
13759,Makindu Dispensary,Kisumu,Muhoroni,Dispensary,Ministry of Health,0,0,f,f,Operational,-0.10221,34.761711
19858,Makongeni Health Centre,Homa Bay,Homa Bay,Health Centre,Ministry of Health,6,2,f,f,Operational,-0.516667,34.45
18681,Makongo Dispensary,Kitui,Kitui Central,Dispensary,Ministry of Health,0,0,f,f,Pending Opening,-1.366667,38.016667
17744,Makoror Dispensary,Wajir,Wajir East,Dispensary,Ministry of Health,0,0,f,f,Operational,1.75,40.066667
11549,Maktau Health Centre,Taita Taveta,Mwatate,Health Centre,Ministry of Health,0,0,f,f,Operational,,
12457,Makueni District Hospital,Makueni,Makueni,District Hospital,Ministry of Health,126,32,f,f,Operational,-1.8,37.616667
20722,Makueni GK Prison Dispensary,Makueni,Makueni,Dispensary,Ministry of Health,0,0,f,f,Operational,-1.8,37.616667
18139,Makueni Medical Centre,Makueni,Makueni,Medical Clinic,Private Practice - Clinical Officer,0,0,f,f,Operational,-1.8,37.616667
20989,Makueni Welmans Medical Clinic,Makueni,Makueni,Medical Clinic,Private Practice - Clinical Officer,0,0,f,f,Pending Opening,-1.8,37.616667
15991,Makunga Rhdc,Kakamega,Mumias,Health Centre,Ministry of Health,12,0,f,f,Operational,0.284767,34.752308
20903,Makuri Distensary,Tharaka Nithi,Maara,Dispensary,Ministry of Health,0,0,f,f,Operational,,
15458,Makutano (PCEA) Medical Clinic (Trans Nzoia East),Trans Nzoia,Trans Nzoia East,Dispensary,Christian Health Association of Kenya,0,0,f,f,Operational,1.016667,34.983333
18733,Makutano Medical Clinic (Meru),Meru,Imenti North,Medical Clinic,Private Practice - Unspecified,0,0,f,f,Operational,0.05,37.65
10674,Makuyu Health Centre,Murang'a,Muranga South,Health Centre,Ministry of Health,8,1,f,f,Operational,-0.716667,37.15
20855,Makwa Community Dispensary,Kiambu,Gatundu North,Dispensary,Ministry of Health,0,0,f,f,Operational,-1.166667,36.833333
11552,Makwasinyi Dispensary,Taita Taveta,Voi,Dispensary,Ministry of Health,0,0,f,f,Operational,,
18397,Makyau Dispensary,Machakos,Machakos,Dispensary,Ministry of Health,2,0,f,f,Operational,-1.516667,37.266667
15118,Makyolok Dispensary,Kericho,Kipkelion,Dispensary,Ministry of Health,4,0,f,f,Operational,-0.366667,35.283333
15993,Malaba Dispensary,Busia,Teso North,Dispensary,Ministry of Health,0,0,f,f,Operational,0.46,34.11
17150,Malaha Dispensary,Kakamega,Mumias,Dispensary,Ministry of Health,4,0,f,f,Operational,0.284767,34.752308
19622,Malaika Health Centre,Kakamega,Kakamega South (Ikolomani),Health Centre,Private Practice - Unspecified,16,0,f,f,Operational,0.284767,34.752308
15994,Malakisi Health Centre,Bungoma,Bungoma West,Health Centre,Ministry of Health,25,0,f,f,Operational,0.566667,34.566667
12459,Malalani Dispensary,Kitui,Mutitu,Dispensary,Ministry of Health,1,0,f,f,Operational,-1.366667,38.016667
11553,Malanga (AIC) Dispensary,Kilifi,Malindi,Dispensary,Christian Health Association of Kenya,0,0,f,f,Operational,-3.216667,40.116667
15995,Malanga Dispensary,Busia,Nambale,Dispensary,Ministry of Health,0,0,f,f,Operational,0.46,34.11
20342,Malanga Dispensary -Vitengeni,Kilifi,Ganze,Dispensary,Ministry of Health,10,0,f,f,Operational,-3.633333,39.85
15996,Malava District Hospital,Kakamega,Kakamega North (Malava),District Hospital,Ministry of Health,66,8,f,f,Operational,0.284767,34.752308
20521,malaylay dispensary,Garissa,Dadaab,Dispensary,Ministry of Health,2,2,f,f,Operational,-0.456944,39.658333
15997,Malekha Dispensary,Kakamega,Kakamega North (Malava),Dispensary,Ministry of Health,0,0,f,f,Operational,0.284767,34.752308
13761,Malela Dispensary,Homa Bay,Ndhiwa,Dispensary,Ministry of Health,5,0,f,f,Operational,-0.516667,34.45
20843,Malichi Dispensary,Kakamega,Kakamega North (Malava),Dispensary,Ministry of Health,0,0,f,f,Pending Opening,0.284767,34.752308
15956,Kopsiro Health Centre,Bungoma,Cheptais,Health Centre,Ministry of Health,20,2,f,f,Operational,0.566667,34.566667
13382,Korakora Health Centre,Garissa,Garissa,Health Centre,Ministry of Health,0,0,f,f,Operational,-0.456944,39.658333
16391,Korao Dispensary,Nakuru,Kuresoi,Dispensary,Ministry of Health,0,0,f,f,Operational,-0.303099,36.080026
14990,Koriema Dispensary,Baringo,Marigat,Dispensary,Ministry of Health,0,0,f,f,Operational,0.466667,35.966667
13383,Korisa Dispensary,Garissa,Ijara,Dispensary,Ministry of Health,0,0,f,f,Operational,-0.456944,39.658333
18895,Korogocho Health Centre,Nairobi,Roysambu,Health Centre,Ministry of Health,12,2,f,f,Operational,-1.286389,36.817223
14991,Korokou Dispensary,West Pokot,North Pokot,Dispensary,Other Faith Based,0,0,f,f,Operational,1.233333,35.116667
13384,Korondille Health Centre,Wajir,Buna,Health Centre,Ministry of Health,0,0,f,f,Operational,1.75,40.066667
14992,Korongoi Dispensary,Elgeyo Marakwet,Marakwet West,Dispensary,Ministry of Health,0,0,f,f,Operational,,
15958,Korosiandet Dispensary,Bungoma,Bungoma West,Dispensary,Ministry of Health,0,0,f,f,Operational,0.566667,34.566667
14993,Koroto Dispensary,Baringo,Baringo North,Dispensary,Ministry of Health,0,0,f,f,Operational,0.466667,35.966667
12385,Korr Dispensary,Marsabit,Marsabit South,Dispensary,Kenya Episcopal Conference-Catholic Secretariat,2,0,f,f,Operational,2.333333,37.983333
17110,Koru Dispensary,Kisumu,Muhoroni,Dispensary,Ministry of Health,0,0,f,f,Operational,-0.10221,34.761711
13719,Koru Mission Health Centre,Kisumu,Muhoroni,Health Centre,Kenya Episcopal Conference-Catholic Secretariat,28,6,f,f,Operational,-0.10221,34.761711
13720,Korwenje Dispensary,Kisumu,Seme,Dispensary,Ministry of Health,0,0,f,f,Operational,-0.10221,34.761711
21202,Kory Family Hospital,Bungoma,Bungoma South,Nursing Home,Private Enterprise (Institution),15,3,f,f,Operational,0.566667,34.566667
13721,Kosele Dispensary,Homa Bay,Rachuonyo North,Dispensary,Ministry of Health,0,0,f,f,Operational,-0.516667,34.45
14994,Kosikiria Dispensary,Turkana,Turkana Central,Dispensary,Ministry of Health,0,0,f,f,Operational,3.116667,35.6
14995,Kositei Dispensary,Baringo,East Pokot,Dispensary,Ministry of Health,0,0,f,f,Operational,0.466667,35.966667
13385,Kotile Health Centre,Garissa,Ijara,Health Centre,Ministry of Health,0,0,f,f,Operational,-0.456944,39.658333
13722,Kowino Dispensary,Kisumu,Kisumu East,Dispensary,Local Authority,0,0,f,f,Operational,-0.10221,34.761711
14996,Koyasa Dispensary,Turkana,Turkana North,Dispensary,Ministry of Health,0,0,f,f,Operational,3.116667,35.6
14997,Koyo Health Centre,Nandi,Nandi South,Health Centre,Ministry of Health,14,0,f,f,Operational,0.166667,35.133333
18531,Koywech Dispensary,Homa Bay,Rachuonyo South,Dispensary,Ministry of Health,0,0,f,f,Operational,-0.516667,34.45
12387,Kr Memorial Medical Clinic,Embu,Embu East,Medical Clinic,Private Enterprise (Institution),0,0,f,f,Operational,-0.533333,37.45
20456,Krezze Dispensary,Baringo,East Pokot,Dispensary,Ministry of Health,0,0,f,f,Operational,0.466667,35.966667
20730,KRICH Dispensary,West Pokot,West Pokot,Dispensary,Ministry of Health,0,0,f,f,Operational,1.233333,35.116667
19699,Krisvin Medical Clinic,Nyandarua,Nyandarua North,Medical Clinic,Private Practice - Nurse / Midwife,0,0,f,f,Operational,-0.183333,36.366667
20340,KTTID Dispensary,Nairobi,Langata,Dispensary,Ministry of Health,0,0,f,f,Operational,-1.286389,36.817223
16488,Kubura Dispensary,Bungoma,Mt Elgon,Dispensary,Ministry of Health,0,0,f,f,Pending Opening,0.566667,34.566667
13723,Kugitimo Health Centre,Migori,Kuria East,Health Centre,Ministry of Health,7,0,f,f,Operational,-1.066667,34.466667
14998,Kuikui Dispensary,Baringo,Baringo North,Dispensary,Ministry of Health,8,0,f,f,Operational,0.466667,35.966667
14999,Kuinet Dispensary,Uasin Gishu,Eldoret West,Dispensary,Ministry of Health,3,0,f,f,Operational,0.514277,35.269779
20094,Kuira District Disability Network Kuria - Isebania HTC Center,Migori,Kuria West,VCT Centre (Stand-Alone),Non-Governmental Organizations,0,0,f,f,Operational,-1.066667,34.466667
13724,Kuja Dispensary,Migori,Awendo,Dispensary,Ministry of Health,0,0,f,f,Operational,-1.066667,34.466667
12389,Kula Mawe Dispensary,Isiolo,Garbatula,Dispensary,Ministry of Health,2,0,f,f,Operational,0.35,37.583333
20651,Kulamawe Nursing Home,Isiolo,Isiolo,Nursing Home,Private Practice - Nurse / Midwife,8,10,f,f,Operational,0.35,37.583333
13386,Kulan Health Centre,Garissa,Dadaab,Health Centre,Ministry of Health,0,0,f,f,Operational,-0.456944,39.658333
16952,Kumahumato Dispensary,Garissa,Dadaab,Dispensary,Ministry of Health,0,0,f,f,Operational,-0.456944,39.658333
12391,Kunene Dispensary,Meru,Tigania West,Dispensary,Ministry of Health,0,0,f,f,Operational,0.05,37.65
13725,Kunya Dispensary,Siaya,Rarieda,Dispensary,Ministry of Health,0,0,f,f,Operational,0.066667,34.283333
15001,Kunyak Dispensary,Kericho,Kipkelion,Dispensary,Ministry of Health,4,0,f,f,Operational,-0.366667,35.283333
17171,Kuoyo Kaila Dispensary,Kisumu,Seme,Dispensary,Ministry of Health,0,0,f,f,Operational,-0.10221,34.761711
15002,Kurangurik Dispensary,Narok,Trans Mara East,Dispensary,Ministry of Health,3,0,f,f,Operational,-1.083333,35.866667
16326,Kuresiet Dispensary,Narok,Trans Mara East,Dispensary,Ministry of Health,0,0,f,f,Operational,-1.083333,35.866667
16683,Kuresoi Health Centre,Nakuru,Kuresoi,Health Centre,Ministry of Health,15,0,f,f,Operational,-0.303099,36.080026
13726,Kuria District Hospital,Migori,Kuria West,District Hospital,Ministry of Health,70,4,f,f,Operational,-1.066667,34.466667
13387,Kursin Health Centre,Wajir,Wajir South,Health Centre,Ministry of Health,0,0,f,f,Operational,1.75,40.066667
20191,Kurum Dispensary,Laikipia,Laikipia North,Dispensary,Ministry of Health,2,2,f,f,Operational,0.366667,37.033333
13727,Kusa Health Centre,Kisumu,Nyakach,Health Centre,Ministry of Health,8,2,f,f,Operational,-0.10221,34.761711
13389,Kutulo Health Centre (Wajir East),Wajir,Tarbaj,Health Centre,Ministry of Health,3,0,f,f,Operational,1.75,40.066667
10646,Kutus Catholic Dispensary,Kirinyaga,Kirinyaga South,Dispensary,Kenya Episcopal Conference-Catholic Secretariat,0,0,f,f,Operational,-0.5,37.283333
10647,Kutus Dispensary,Kirinyaga,Kirinyaga South,Dispensary,Ministry of Health,0,0,f,f,Operational,-0.5,37.283333
15959,Kuvasali Health Centre,Kakamega,Kakamega North (Malava),Health Centre,Ministry of Health,0,0,f,f,Operational,0.284767,34.752308
19242,Kwa Kilui Dispensary,Kitui,Kitui Central,Dispensary,Ministry of Health,0,0,f,f,Pending Opening,-1.366667,38.016667
17499,Kwa Mbekenya Dispensary,Nyandarua,Nyandarua South,Dispensary,Ministry of Health,0,0,f,f,Operational,-0.183333,36.366667
12393,Kwa Mulungu Dispensary,Kitui,Matinyani,Dispensary,Ministry of Health,0,0,f,f,Operational,-1.366667,38.016667
14973,Kojonga Dispensary,Narok,Narok North,Dispensary,Ministry of Health,2,0,f,f,Operational,-1.083333,35.866667
21212,Kokech Mirondo Health Center,Homa Bay,Rachuonyo South,Health Centre,Ministry of Health,0,0,f,f,Operational,-0.516667,34.45
17017,Kokotoni Dispensary,Kilifi,Rabai,Dispensary,Ministry of Health,0,0,f,f,Operational,-3.633333,39.85
14975,Kokuro Dispensary,Turkana,Turkana North,Dispensary,Ministry of Health,0,0,f,f,Operational,3.116667,35.6
14976,Kokwa Dispensary,Baringo,Marigat,Dispensary,Ministry of Health,0,0,f,f,Operational,-0.303099,36.080026
13712,Kokwanyo Health Centre,Homa Bay,Rachuonyo South,Health Centre,Ministry of Health,0,0,f,f,Operational,-0.516667,34.45
17633,Kokwet Medical Clinic,Nandi,Chesumei,Medical Clinic,Private Practice - Nurse / Midwife,0,0,f,f,Operational,0.166667,35.133333
18204,Kokwongoi Dispensary,Elgeyo Marakwet,Marakwet West,Dispensary,Ministry of Health,0,0,f,f,Pending Opening,,
20316,Kokwotendwo Dispensary,West Pokot,Pokot Central,Dispensary,Ministry of Health,0,0,f,f,Operational,1.233333,35.116667
14978,Kokwototo Dispensary,Baringo,East Pokot,Dispensary,Christian Health Association of Kenya,0,0,f,f,Operational,0.466667,35.966667
12381,Kola Health Centre,Machakos,Machakos,Health Centre,Ministry of Health,12,0,f,f,Operational,-1.516667,37.266667
15953,Kolanya Salvation Army Dispensary,Busia,Teso North,Dispensary,Christian Health Association of Kenya,0,0,f,f,Operational,0.46,34.11
17172,Kolenyo Dispensary,Kisumu,Seme,Dispensary,Ministry of Health,0,0,f,f,Operational,-0.10221,34.761711
14980,Koloch Dispensary,Nandi,Nandi South,Dispensary,Other Faith Based,0,0,f,f,Operational,0.166667,35.133333
14981,Kolongolo C.M Dispensary,Trans Nzoia,Kwanza,Dispensary,Other Faith Based,0,0,f,f,Operational,1.016667,34.983333
17038,Koloo Dispensary,Migori,Uriri,Dispensary,Community Development Fund,6,0,f,f,Operational,-1.066667,34.466667
14979,Kolowa Health Centre,Baringo,East Pokot,Health Centre,Ministry of Health,0,0,f,f,Operational,0.466667,35.966667
17344,Kolwal Dispensary,Migori,Uriri,Dispensary,Community Development Fund,0,0,f,f,Operational,-1.066667,34.466667
21203,Koma Hill Medical Centre,Machakos,Matungulu,Medical Clinic,Private Practice - Clinical Officer,0,0,f,f,Operational,-1.516667,37.266667
17717,Komarock Morden Medical Care,Nairobi,Embakasi Central,Health Centre,Private Practice - General Practitioner,40,0,f,f,Operational,-1.286389,36.817223
21068,Komba Belio Dispensary Kiptabus,Elgeyo Marakwet,Keiyo,Dispensary,Ministry of Health,0,0,f,f,Operational,,
12394,Kwa Mutonga Dispenasry,Kitui,Matinyani,Dispensary,Ministry of Health,0,0,f,f,Operational,-1.366667,38.016667
17104,Kwa Mwatu Dispensary,Machakos,Yatta,Dispensary,Ministry of Health,0,0,f,f,Operational,-1.516667,37.266667
11506,Kwa Ndomo Medical Clinic,Kilifi,Malindi,Medical Clinic,Private Practice - Nurse / Midwife,0,0,f,f,Operational,-3.216667,40.116667
10651,Kwa Ng'ang'a Medicare,Murang'a,Muranga South,Medical Clinic,Private Practice - Nurse / Midwife,0,0,f,f,Operational,-0.716667,37.15
12395,Kwa Nguu Dispensary,Machakos,Matungulu,Dispensary,Ministry of Health,4,0,f,f,Operational,-1.516667,37.266667
12396,Kwa Vonza Dispensary,Kitui,Lower Yatta,Dispensary,Ministry of Health,8,0,f,f,Operational,-1.366667,38.016667
18682,Kwa-Amutei Dispensary,Kitui,Kitui Central,Dispensary,Ministry of Health,0,0,f,f,Pending Opening,-1.366667,38.016667
20214,Kwakalui dispensary,Makueni,Makueni,Dispensary,Ministry of Health,2,2,f,f,Operational,-1.8,37.616667
20197,Kwakalusya Dispensary,Machakos,Machakos,Dispensary,Ministry of Health,2,1,f,f,Operational,-1.516667,37.266667
12398,Kwakavisi Dispensary,Makueni,Kathonzweni,Dispensary,Ministry of Health,2,1,f,f,Operational,-1.8,37.616667
12399,Kwale Dispensary,Makueni,Mukaa,Dispensary,Ministry of Health,6,1,f,f,Operational,-1.8,37.616667
11507,Kwale District Hospital,Kwale,Matuga,District Hospital,Ministry of Health,62,3,f,f,Operational,-4.183333,39.45
19926,Kwamaiko Health Clinic,Kiambu,Githunguri,Medical Clinic,Private Practice - Nurse / Midwife,1,1,f,f,Operational,-1.166667,36.833333
11508,Kwa-Mnegwa Dispensary,Taita Taveta,Mwatate,Dispensary,Ministry of Health,0,0,f,f,Operational,,
20412,Kwa-Mutei Dispensary,Kitui,Nzambani,Dispensary,Ministry of Health,0,0,f,f,Pending Opening,-1.366667,38.016667
20783,Kwamutula(Kaliini) dispensary,Makueni,Makueni,Dispensary,Ministry of Health,0,0,f,f,Pending Opening,-1.8,37.616667
15003,Kwanza Sub County Hospital,Trans Nzoia,Kwanza,Sub-District Hospital,Ministry of Health,18,0,f,f,Operational,1.016667,34.983333
18521,Kwenik-Ab-Ilet Dispensary,Bomet,Bomet Central,Dispensary,Ministry of Health,0,0,f,f,Not-Operational,-0.783333,35.35
19372,Kwetu Medical Clinic,Nairobi,Kasarani,Medical Clinic,Private Practice - General Practitioner,0,0,f,f,Operational,-1.286389,36.817223
18558,Kwihota Medical Clinic,Kiambu,Ruiru,Medical Clinic,Private Practice - Nurse / Midwife,0,0,f,f,Operational,-1.286389,36.817223
12401,Kwitu Medical Clinic,Machakos,Matungulu,Medical Clinic,Private Enterprise (Institution),0,0,f,f,Not-Operational,-1.516667,37.266667
13729,Kwoyo Kodalo Dispensary,Migori,Awendo,Dispensary,Ministry of Health,1,0,f,f,Operational,-1.066667,34.466667
17939,Kyaango Dispensary,Kitui,Mutomo,Dispensary,Ministry of Health,0,0,f,f,Operational,-1.366667,38.016667
12402,Kyaani Dispensary,Makueni,Kibwezi,Dispensary,Ministry of Health,2,0,f,f,Operational,-1.8,37.616667
20033,Kyaani Dispensary (Matinyani),Kitui,Kitui Central,Dispensary,Ministry of Health,0,0,f,f,Pending Opening,-1.366667,38.016667
17005,Kyalilini Dispensary,Kitui,Kitui Central,Dispensary,Ministry of Health,0,0,f,f,Operational,-1.366667,38.016667
12403,Kyamatu Dispensary,Kitui,Mutitu,Dispensary,Ministry of Health,1,0,f,f,Operational,-1.366667,38.016667
18083,Kyambiti Dispensary,Kitui,Katulani,Dispensary,Ministry of Health,0,0,f,f,Operational,-1.366667,38.016667
19195,Kyandu Medical Clinic,Machakos,Kangundo,Medical Clinic,Private Practice - Clinical Officer,0,0,f,f,Operational,-1.516667,37.266667
12405,Kyandui Dispensary,Kitui,Katulani,Dispensary,Ministry of Health,0,0,f,f,Operational,-1.366667,38.016667
20196,Kyanganda Dispensary,Makueni,Kilungu,Dispensary,Ministry of Health,1,0,f,f,Operational,-1.8,37.616667
18674,Kyango Dispensary,Kitui,Kitui Central,Dispensary,Ministry of Health,0,0,f,f,Pending Opening,-1.366667,38.016667
12406,Kyangunga Dispensary,Kitui,Katulani,Dispensary,Ministry of Health,0,0,f,f,Operational,-1.366667,38.016667
12407,Kyanika Dispensary,Kitui,Kitui Central,Dispensary,Other Faith Based,0,0,f,f,Not-Operational,-1.366667,38.016667
12408,Kyanzavi Medical Clinic,Machakos,Matungulu,Medical Clinic,Private Enterprise (Institution),0,0,f,f,Operational,-1.516667,37.266667
12409,Kyasila (AIC) Dispensary,Machakos,Machakos,Dispensary,Christian Health Association of Kenya,4,0,f,f,Operational,-1.516667,37.266667
17161,Kyasioni Dispensary,Machakos,Yatta,Dispensary,Ministry of Health,0,0,f,f,Operational,-1.516667,37.266667
12410,Kyatune Health Centre,Kitui,Mutomo,Health Centre,Ministry of Health,0,0,f,f,Operational,-1.366667,38.016667
16965,Kyau Dispensary,Makueni,Makueni,Dispensary,Ministry of Health,0,0,f,f,Operational,-1.8,37.616667
20013,Maliera Mission Dispensary,Siaya,Gem,Dispensary,Other Faith Based,2,0,f,f,Operational,0.066667,34.283333
20511,Malikini Dispensary,Embu,Mbeere South,Dispensary,Ministry of Health,0,0,f,f,Operational,-0.533333,37.45
12460,Maliku Health Centre,Kitui,Katulani,Health Centre,Ministry of Health,0,0,f,f,Operational,-1.366667,38.016667
11556,Malindi Care Services Limited,Kilifi,Malindi,Medical Clinic,Private Practice - Medical Specialist,6,0,f,f,Operational,-3.216667,40.116667
11555,Malindi District Hospital,Kilifi,Malindi,District Hospital,Ministry of Health,183,17,f,f,Operational,-3.216667,40.116667
11557,Malindi Sea Breeze,Kilifi,Malindi,Nursing Home,Private Enterprise (Institution),0,0,f,f,Not-Operational,-3.216667,40.116667
12461,Malka Daka Dispensary,Isiolo,Garbatula,Dispensary,Ministry of Health,2,0,f,f,Operational,0.35,37.583333
13400,Malkagufu Dispensary,Wajir,Buna,Dispensary,Ministry of Health,0,0,f,f,Operational,1.75,40.066667
13401,Malkamari Health Centre,Mandera,Mandera West,Dispensary,Ministry of Health,0,0,f,f,Operational,3.933333,41.866667
18487,Malkamari Health Centre,Mandera,Banisa,Health Centre,Ministry of Health,0,0,f,f,Operational,3.933333,41.866667
18118,Malkich Dispensary,Elgeyo Marakwet,Marakwet East,Dispensary,Ministry of Health,0,0,f,f,Operational,,
17853,Maloba Health Clinic,Kakamega,Butere,Medical Clinic,Private Practice - Nurse / Midwife,1,1,f,f,Operational,0.284767,34.752308
20585,Malomani Medical Clinic,Kwale,Kinango,Medical Clinic,Private Practice - Clinical Officer,0,0,f,f,Operational,-4.183333,39.45
20379,Malongo Dispensary,Homa Bay,Suba,Dispensary,Ministry of Health,2,2,f,f,Operational,-0.516667,34.45
18912,Mama Anns Odede Community Health Centre,Siaya,Rarieda,Health Centre,Other Public Institution,4,0,f,f,Operational,0.066667,34.283333
20012,Mama Clinic,Migori,Migori,Medical Clinic,Private Practice - General Practitioner,40,4,f,f,Operational,-1.066667,34.466667
13764,Mama Josphene Clinic,Homa Bay,Suba,Medical Clinic,Private Practice - Nurse / Midwife,0,0,f,f,Operational,-0.516667,34.45
17411,Mama Lucy Kibaki Hospital - Embakasi,Nairobi,Embakasi West,District Hospital,Ministry of Health,112,12,f,f,Operational,-1.286389,36.817223
20228,Ladopharma Medical Center,Migori,Kuria West,Medical Clinic,Private Practice - Unspecified,2,0,f,f,Operational,-1.066667,34.466667
18898,Ladopharma Medical Centre,Migori,Migori,Medical Clinic,Private Practice - General Practitioner,2,0,f,f,Operational,-1.066667,34.466667
13391,Lafaley Dispensary,Wajir,Wajir East,Dispensary,Ministry of Health,0,0,f,f,Operational,1.75,40.066667
16293,Lafey Nomadic Dispensary,Mandera,Lafey,Dispensary,Ministry of Health,0,0,f,f,Operational,3.933333,41.866667
13392,Lafey Sub-District Hospital,Mandera,Lafey,Sub-District Hospital,Ministry of Health,2,0,f,f,Operational,3.933333,41.866667
17463,Lagboqol Dispensary,Wajir,Wajir West,Dispensary,Ministry of Health,0,0,f,f,Operational,1.75,40.066667
13039,Lagos Road Dispensary,Nairobi,Starehe,Dispensary,Local Authority,0,0,f,f,Operational,-1.286389,36.817223
21005,Laikipia county Beyond Zero mobile clinic,Laikipia,Laikipia East,Medical Clinic,Ministry of Health,0,0,f,f,Operational,0.366667,37.033333
19688,Laini Moja Mc & Lab,Trans Nzoia,Trans Nzoia West,Dispensary,Private Practice - General Practitioner,0,0,f,f,Operational,1.016667,34.983333
18856,Laisamis Health Centre (Marsabit South),Marsabit,Marsabit South,Health Centre,Ministry of Health,4,2,f,f,Operational,2.333333,37.983333
13730,Lake Basin Development Authority (Lbda) Dispensary,Kisumu,Kisumu West,Dispensary,Company Medical Service,0,0,f,f,Operational,-0.10221,34.761711
18991,Lakeside Medical,Nairobi,Langata,Medical Clinic,Private Practice - Clinical Officer,0,0,f,f,Operational,-1.286389,36.817223
15004,Lakeview Nursing Home,Nakuru,Naivasha,Nursing Home,Private Practice - General Practitioner,5,4,f,f,Operational,-0.303099,36.080026
20690,Lakole Dispensary,Wajir,Eldas,Dispensary,Ministry of Health,0,0,f,f,Operational,1.75,40.066667
15005,Laliat Dispensary,Kericho,Kericho,Dispensary,Ministry of Health,0,0,f,f,Operational,-0.366667,35.283333
13731,Lambwe Dispensary,Homa Bay,Mbita,Dispensary,Ministry of Health,0,0,f,f,Operational,-0.516667,34.45
16376,Lamorna Farm Clinic,Nakuru,Naivasha,Medical Clinic,Company Medical Service,0,0,f,f,Operational,-0.303099,36.080026
11512,Lamu District Hospital,Lamu,Lamu West,District Hospital,Ministry of Health,60,20,f,f,Operational,-2.266667,40.9
15007,Lamuria Dispensary (Laikipia East),Laikipia,Laikipia Central,Dispensary,Ministry of Health,0,0,f,f,Operational,0.366667,37.033333
13040,Landmawe Medical Services,Nairobi,Makadara,Medical Clinic,Private Enterprise (Institution),10,0,f,f,Operational,-1.286389,36.817223
15008,Lanet Health Centre,Nakuru,Nakuru,Health Centre,Local Authority,10,6,f,f,Operational,-0.303099,36.080026
19180,Lanet Kiondoo Medical Clinic,Nakuru,Nakuru,Medical Clinic,Private Practice - Clinical Officer,0,0,f,f,Operational,-0.303099,36.080026
15009,Langa Langa Health Centre,Nakuru,Nakuru,Health Centre,Local Authority,0,0,f,f,Operational,-0.303099,36.080026
15010,Langa Medical Care,Nakuru,Nakuru,Medical Clinic,Private Practice - Clinical Officer,0,0,f,f,Operational,-0.303099,36.080026
15011,Langas RCEA,Uasin Gishu,Wareng,Health Centre,Other Faith Based,14,0,f,f,Operational,0.514277,35.269779
17384,Lang'ata Comprehensive Medical Service,Nairobi,Langata,Medical Clinic,Private Practice - Medical Specialist,0,0,f,f,Operational,-1.286389,36.817223
18762,Lang'ata Dispensary (Ruiru),Kiambu,Ruiru,Dispensary,Ministry of Health,0,0,f,f,Operational,-1.166667,36.833333
15012,Langata Enkima Dispensary,Kajiado,Loitoktok,Dispensary,Ministry of Health,4,0,f,f,Operational,-1.85,36.783333
13041,Langata Health Centre,Nairobi,Langata,Health Centre,Local Authority,20,0,f,f,Operational,-1.286389,36.817223
13042,Langata Hospital,Nairobi,Langata,Other Hospital,Private Enterprise (Institution),20,0,f,f,Operational,-1.286389,36.817223
13044,Langata Women Prison Dispensary,Nairobi,Langata,Dispensary,Ministry of Health,0,0,f,f,Operational,-1.286389,36.817223
18250,Langi Kawino Dispensary,Kisumu,Seme,Dispensary,Ministry of Health,0,0,f,f,Operational,-0.10221,34.761711
10654,Lankia (PCEA) Dispensary,Kiambu,Kikuyu,Dispensary,Christian Health Association of Kenya,0,0,f,f,Operational,-1.166667,36.833333
17644,Lanyiru Dispensary,Meru,Tigania East,Dispensary,Ministry of Health,0,0,f,f,Operational,0.05,37.65
15013,Lare Health Centre,Nakuru,Njoro,Health Centre,Ministry of Health,6,0,f,f,Operational,-0.303099,36.080026
10655,Lari Health Centre,Kiambu,Lari,Health Centre,Ministry of Health,5,0,f,f,Operational,-1.166667,36.833333
15014,Latakweny Dispensary,Samburu,Samburu North,Dispensary,Ministry of Health,1,0,f,f,Operational,1.316667,36.983333
11516,Latulla Medical Centre,Mombasa,Changamwe,Medical Clinic,Private Enterprise (Institution),2,0,f,f,Operational,-4.043477,39.668205
20764,Lchakwai  Dispensary,Samburu,Samburu Central,Dispensary,Ministry of Health,0,0,f,f,Operational,1.316667,36.983333
17720,Lea Toto Community Mukuru Reuben,Nairobi,Embakasi South,Dispensary,Other Faith Based,0,0,f,f,Operational,-1.286389,36.817223
13046,Lea Toto Dagoretti,Nairobi,Dagoretti South,VCT Centre (Stand-Alone),Non-Governmental Organizations,0,0,f,f,Operational,-1.286389,36.817223
19914,Lea Toto Kawangware,Nairobi,Dagoretti South,Medical Clinic,Non-Governmental Organizations,0,0,f,f,Operational,-1.286389,36.817223
13048,Lea Toto Kibera,Nairobi,Kibra,Medical Clinic,Non-Governmental Organizations,0,0,f,f,Operational,-1.286389,36.817223
18964,Leah Njoki Ndegwa Dispensary,Murang'a,Muranga South,Dispensary,Ministry of Health,0,0,f,f,Pending Opening,-0.716667,37.15
15016,Lebolos Dispensary,Baringo,Koibatek,Dispensary,Ministry of Health,0,0,f,f,Operational,0.466667,35.966667
15017,Ledero Dispensary,Samburu,Samburu Central,Dispensary,Ministry of Health,0,0,f,f,Operational,1.316667,36.983333
18533,Legacy Medical Centre,Trans Nzoia,Trans Nzoia West,Dispensary,Private Enterprise (Institution),4,2,f,f,Operational,1.016667,34.983333
13394,Leheley Sub District Hospital,Wajir,Wajir South,Sub-District Hospital,Ministry of Health,0,0,f,f,Operational,1.75,40.066667
13733,Lela (Community) Dispensary,Homa Bay,Rachuonyo North,Dispensary,Ministry of Health,0,0,f,f,Operational,-0.516667,34.45
20384,LELA Dispensary,Migori,Uriri,Dispensary,Ministry of Health,1,1,f,f,Operational,-1.066667,34.466667
18665,Lelaitich Dispensary,Bomet,Chepalungu,Dispensary,Ministry of Health,0,0,f,f,Operational,-0.783333,35.35
15019,Lelboinet Health Centre (Keiyo),Elgeyo Marakwet,Keiyo South,Health Centre,Ministry of Health,5,1,f,f,Operational,0.514277,35.269779
15020,Lelechwet Dispensary (Kipkelion),Kericho,Kipkelion,Dispensary,Ministry of Health,4,0,f,f,Operational,-0.366667,35.283333
15021,Lelechwet Dispensary (Rongai),Nakuru,Rongai,Dispensary,Ministry of Health,8,0,f,f,Operational,-0.303099,36.080026
20488,Lelgut Dispensary,Baringo,Baringo Central,Dispensary,Ministry of Health,0,0,f,f,Operational,0.466667,35.966667
16337,Lelmolok Nursing Home,Uasin Gishu,Wareng,Nursing Home,Private Enterprise (Institution),10,0,f,f,Operational,0.514277,35.269779
15023,Lelu Dispensary,Kericho,Kipkelion,Dispensary,Ministry of Health,4,0,f,f,Operational,-0.366667,35.283333
15024,Lemook Clinic,Uasin Gishu,Wareng,Medical Clinic,Private Enterprise (Institution),0,0,f,f,Operational,0.514277,35.269779
15025,Lemoru Ngeny Dispensary,Uasin Gishu,Eldoret West,Dispensary,Ministry of Health,0,0,f,f,Operational,0.516667,35.283333
19116,Lemoru Trinity,Uasin Gishu,Eldoret West,Dispensary,Kenya Episcopal Conference-Catholic Secretariat,0,0,f,f,Operational,0.516667,35.283333
15026,Lemotit Dispensary,Kericho,Londiani,Dispensary,Ministry of Health,4,0,f,f,Operational,-0.366667,35.283333
11517,Lenga Dispensary,Kilifi,Rabai,Dispensary,Ministry of Health,0,0,f,f,Operational,-3.633333,39.85
15027,Lengenet Dispensary,Nakuru,Rongai,Dispensary,Ministry of Health,0,0,f,f,Operational,-0.303099,36.080026
18590,Lengo Medical Clinic,Nairobi,Starehe,Medical Clinic,Private Practice - Nurse / Midwife,0,0,f,f,Operational,-1.286389,36.817223
20841,Leng'orok Dispensary,West Pokot,North Pokot,Dispensary,Ministry of Health,0,0,f,f,Operational,1.233333,35.116667
20919,Lenmek Hospital,Kisii,Sameta,Other Hospital,Private Practice - Medical Specialist,10,10,f,f,Operational,-0.683333,34.766667
18538,Leo Surgery,Kajiado,Kajiado Central,Dispensary,Private Practice - General Practitioner,2,1,f,f,Operational,-1.85,36.783333
16220,Leparua Dispensary,Isiolo,Isiolo,Dispensary,Community,2,0,f,f,Operational,0.35,37.583333
20725,Lerds medical Clinic,Kwale,Msambweni,Medical Clinic,Private Practice - Nurse / Midwife,0,0,f,f,Operational,-4.183333,39.45
16806,Lereshwa Dispensary,Nyandarua,Kipipiri,Dispensary,Ministry of Health,0,0,f,f,Operational,-0.183333,36.366667
15028,Lerrata Dispensary,Samburu,Samburu East,Dispensary,Ministry of Health,4,0,f,f,Operational,1.316667,36.983333
10657,Leshau Pondo Health Centre,Nyandarua,Nyandarua North,Health Centre,Ministry of Health,0,0,f,f,Operational,-0.183333,36.366667
17275,Lesidai Dispensary,Samburu,Samburu Central,Dispensary,Ministry of Health,0,0,f,f,Operational,1.316667,36.983333
15029,Lesirikan Health Centre,Samburu,Samburu North,Health Centre,Non-Governmental Organizations,14,3,f,f,Operational,1.316667,36.983333
15030,Lessos Community Dispensary,Nandi,Nandi East,Dispensary,Ministry of Health,0,0,f,f,Operational,0.166667,35.133333
15031,Letea Dispensary,Turkana,Turkana West,Dispensary,Kenya Episcopal Conference-Catholic Secretariat,0,0,f,f,Operational,3.116667,35.6
18470,Levice Medical Clinic,Mombasa,Kisauni,Medical Clinic,Private Practice - General Practitioner,0,0,f,f,Operational,-4.043477,39.668205
12426,Lewa Downs Dispensary,Meru,Buuri,Dispensary,Private Enterprise (Institution),0,0,f,f,Operational,0.05,37.65
20348,Lewa's Family Nursing Home,Kilifi,Rabai,Medical Clinic,Private Practice - Nurse / Midwife,2,0,f,f,Operational,-4.043477,39.668205
13049,Lianas Clinic Health Centre,Nairobi,Westlands,Medical Clinic,Private Enterprise (Institution),9,3,f,f,Operational,-1.286389,36.817223
15032,Liavo Medical Clinic (Kwanza),Trans Nzoia,Kwanza,Medical Clinic,Private Practice - Unspecified,0,0,f,f,Operational,1.016667,34.983333
16288,Libahlow Nomadic Clinic,Garissa,Balambala,Dispensary,Ministry of Health,0,0,f,f,Operational,-0.456944,39.658333
17895,Liban Medical Clinic,Marsabit,Moyale,Medical Centre,Private Practice - Nurse / Midwife,0,0,f,f,Operational,2.333333,37.983333
13395,Liban Pharmacy,Wajir,Wajir East,Medical Clinic,Private Enterprise (Institution),0,0,f,f,Operational,1.75,40.066667
13396,Libehiya Dispensary,Mandera,Mandera East,Dispensary,Ministry of Health,0,0,f,f,Operational,3.933333,41.866667
12427,Liberty Maternity and Nursing Home,Embu,Manyatta,Maternity Home,Private Enterprise (Institution),12,0,f,f,Operational,-0.533333,37.45
18048,Liberty Medical Clinic,Kiambu,Kiambu,Medical Clinic,Private Practice - Nurse / Midwife,0,0,f,f,Operational,-1.166667,36.833333
13398,Liboi Health Centre,Garissa,Dadaab,Health Centre,Ministry of Health,7,2,f,f,Operational,-0.456944,39.658333
17525,Lidha Dispensary,Siaya,Gem,Dispensary,Ministry of Health,0,0,f,f,Operational,0.066667,34.283333
17439,Lieta Health Centre (Rarieda),Siaya,Rarieda,Health Centre,Ministry of Health,0,0,f,f,Operational,0.066667,34.283333
10659,Life Care Ministry Clinic,Kiambu,Ruiru,Dispensary,Other Faith Based,0,0,f,f,Operational,-1.286389,36.817223
18172,Life Water Ndege Mobile Clinic,Nakuru,Nakuru,Dispensary,Other Faith Based,0,0,f,f,Operational,-0.303099,36.080026
10676,Mama Margaret Medical Clinic,Kiambu,Gatundu North,Medical Clinic,Private Practice - Nurse / Midwife,0,0,f,f,Operational,-1.166667,36.833333
17121,Mama Plister Blair Health Centre,Kisumu,Muhoroni,Health Centre,Private Enterprise (Institution),3,0,f,f,Operational,-0.10221,34.761711
12464,Mama Vero Clinic,Kitui,Kitui West,Medical Clinic,Private Enterprise (Institution),3,0,f,f,Operational,-1.366667,38.016667
11558,Mamba Dispensary,Kwale,Msambweni,Dispensary,Ministry of Health,0,0,f,f,Operational,-4.183333,39.45
12465,Mamba Dispensary (Yatta),Machakos,Yatta,Dispensary,Ministry of Health,0,0,f,f,Operational,-1.516667,37.266667
18417,Mamboleo Medical Clinic,Kisumu,Kisumu East,Medical Clinic,Private Practice - Nurse / Midwife,2,0,f,f,Operational,-0.10221,34.761711
11559,Mambrui Dispensary,Kilifi,Magarini,Dispensary,Ministry of Health,4,0,f,f,Operational,-3.216667,40.116667
20562,Mamlaka Medical Centre,Nakuru,Nakuru,Medical Clinic,Private Practice - General Practitioner,0,0,f,f,Operational,-0.303099,36.080026
17734,Mamu Medical Clinic,Migori,Migori,Medical Clinic,Private Practice - General Practitioner,2,0,f,f,Operational,-1.066667,34.466667
10677,Mamuki Medical Clinic,Kirinyaga,Kirinyaga South,Medical Clinic,Private Practice - Nurse / Midwife,0,0,f,f,Operational,-0.5,37.283333
19659,Mana Medical Clinic,Trans Nzoia,Trans Nzoia West,Medical Clinic,Private Practice - Nurse / Midwife,0,0,f,f,Operational,1.016667,34.983333
21265,Mananga Dispensary,Murang'a,Mathioya,Dispensary,Christian Health Association of Kenya,0,0,f,f,Operational,-0.716667,37.15
12466,Mananja Health Centre,Machakos,Masinga,Health Centre,Ministry of Health,2,2,f,f,Operational,-1.516667,37.266667
19374,Manasco Medical Centre (Roysambu),Nairobi,Roysambu,Medical Clinic,Private Practice - General Practitioner,0,0,f,f,Operational,-1.286389,36.817223
17681,Manda Dispensary,Kakamega,Kakamega North (Malava),Dispensary,Ministry of Health,0,0,f,f,Operational,0.284767,34.752308
13402,Mandera District Hospital,Mandera,Mandera East,District Hospital,Ministry of Health,128,5,f,f,Operational,3.933333,41.866667
18851,Mandera West Nursing Home,Mandera,Mandera West,Nursing Home,Private Practice - Clinical Officer,10,2,f,f,Operational,3.933333,41.866667
10678,Manesh Clinic,Kirinyaga,Kirinyaga Central,Medical Clinic,Private Enterprise (Institution),0,0,f,f,Operational,-0.5,37.283333
13766,Manga District Hospital,Nyamira,Manga,District Hospital,Ministry of Health,24,2,f,f,Operational,-0.633333,34.933333
14872,Kiminini Cottage Hospital,Trans Nzoia,Trans Nzoia West,Other Hospital,Other Faith Based,33,2,f,f,Operational,1.016667,34.983333
16362,Kiminini Health Centre,Trans Nzoia,Trans Nzoia West,Health Centre,Ministry of Health,0,0,f,f,Operational,1.016667,34.983333
19681,Kiminini Medical Centre & Laboratory,Trans Nzoia,Trans Nzoia West,Medical Clinic,Private Practice - Clinical Officer,0,0,f,f,Operational,1.016667,34.983333
14873,Kimintet Dispensary,Narok,Trans Mara West - Dikirr,Dispensary,Ministry of Health,0,0,f,f,Operational,-1.083333,35.866667
18885,Kimkan Health Services,Murang'a,Kiharu,Medical Clinic,Private Practice - Medical Specialist,0,0,f,f,Operational,-0.716667,37.15
17198,Kimlea Medical Clinic,Kiambu,Limuru,Medical Clinic,Private Enterprise (Institution),0,0,f,f,Operational,-1.166667,36.833333
14874,Kimnai Dispensary,Elgeyo Marakwet,Marakwet West,Dispensary,Ministry of Health,0,0,f,f,Operational,,
16458,Kimogoi Dispensary,Vihiga,Hamisi,Dispensary,Ministry of Health,0,0,f,f,Operational,0.083333,34.716667
16334,Kimoloi Dispensary,Elgeyo Marakwet,Keiyo South,Dispensary,Ministry of Health,0,0,f,f,Operational,,
14875,Kimolwet Dispensary,Bomet,Sotik,Dispensary,Ministry of Health,0,0,f,f,Operational,-0.783333,35.35
14876,Kimondi Forest Dispensary,Nandi,Nandi Central,Dispensary,Ministry of Health,0,0,f,f,Operational,0.166667,35.133333
14877,Kimondo Dispensary,Trans Nzoia,Kwanza,Dispensary,Ministry of Health,0,0,f,f,Operational,1.016667,34.983333
13693,Kimonge Dispensary,Homa Bay,Rachuonyo South,Dispensary,Ministry of Health,5,0,f,f,Operational,-0.516667,34.45
14879,Kimoning Dispensary,Uasin Gishu,Eldoret East,Dispensary,Ministry of Health,0,0,f,f,Operational,0.514277,35.269779
11477,Kimorigho Dispensary,Taita Taveta,Taveta,Dispensary,Ministry of Health,0,0,f,f,Operational,,
20009,Kimose Dispenary,Baringo,Mogotio,Dispensary,Ministry of Health,0,0,f,f,Operational,0.466667,35.966667
19644,Kims Medical Clinic,Nyeri,Mathira East,Medical Clinic,Private Practice - Nurse / Midwife,0,0,f,f,Operational,-0.416667,36.95
14880,Kimsaw Medical Clinic,Nakuru,Nakuru,Medical Clinic,Private Practice - Clinical Officer,8,0,f,f,Operational,-0.303099,36.080026
18524,Kimuchul Dispensary,Bomet,Bomet East,Dispensary,Ministry of Health,0,0,f,f,Not-Operational,-0.783333,35.35
18914,Kimue Medical Clinic and Laboratory,Meru,Igembe South,Medical Clinic,Private Practice - Nurse / Midwife,0,0,f,f,Operational,0.05,37.65
18129,Kimugu Dispensary,Kericho,Londiani,Dispensary,Company Medical Service,4,0,f,f,Operational,-0.366667,35.283333
14881,Kimugul Dispensary (Baringo North),Baringo,Baringo North,Dispensary,Ministry of Health,0,0,f,f,Operational,0.466667,35.966667
14882,Kimugul Dispensary (Kipkelion),Kericho,Londiani,Dispensary,Ministry of Health,4,0,f,f,Operational,-0.366667,35.283333
17999,Kimulot Dispensary,Bomet,Konoin,Dispensary,Ministry of Health,0,0,f,f,Operational,-0.783333,35.35
14884,Kimuren Dispensary,Elgeyo Marakwet,Marakwet East,Dispensary,Ministry of Health,0,0,f,f,Operational,,
17028,Kimuri Dispensary,Trans Nzoia,Trans Nzoia East,Dispensary,Ministry of Health,0,0,f,f,Operational,1.016667,34.983333
12317,Kimutwa Dispensary,Machakos,Machakos,Dispensary,Ministry of Health,4,0,f,f,Operational,-1.516667,37.266667
12318,Kimutwa Medical Clinic,Machakos,Athi River,Medical Clinic,Private Practice - Nurse / Midwife,0,0,f,f,Not-Operational,-1.516667,37.266667
17605,Kimweli Dispensary,Kitui,Ikutha,Dispensary,Ministry of Health,0,0,f,f,Operational,-1.366667,38.016667
12320,Kinakoni Dispensary,Kitui,Mutomo,Dispensary,Ministry of Health,0,0,f,f,Operational,-1.366667,38.016667
10613,Kinale Forest Dispensary,Kiambu,Lari,Dispensary,Ministry of Health,4,0,f,f,Operational,-1.166667,36.833333
19790,Kinamba Medical Clinic,Nyandarua,Kinangop,Medical Clinic,Private Practice - Nurse / Midwife,0,0,f,f,Operational,-0.183333,36.366667
11480,Kinango Hospital,Kwale,Kinango,District Hospital,Ministry of Health,94,15,f,f,Operational,-4.183333,39.45
11481,Kinarani Dispensary,Kilifi,Kaloleni,Dispensary,Ministry of Health,0,0,f,f,Operational,-3.633333,39.85
13694,Kinasia Dispensary,Kisumu,Nyando,Dispensary,Ministry of Health,2,0,f,f,Operational,-0.10221,34.761711
13695,Kineni Dispensary,Nyamira,Borabu,Dispensary,Ministry of Health,1,0,f,f,Operational,-0.633333,34.933333
19623,Kinga Medical Clinic (Dandora),Nairobi,Embakasi North,Medical Clinic,Private Practice - General Practitioner,0,0,f,f,Not-Operational,-1.286389,36.817223
20003,Kingorani Community Clinic,Mombasa,Mvita,Medical Clinic,Private Practice - General Practitioner,0,0,f,f,Operational,-4.043477,39.668205
11303,King'orani Prison Dispensary,Mombasa,Mvita,Dispensary,Ministry of Health,0,0,f,f,Operational,-4.043477,39.668205
17545,Kings Clinic,Nakuru,Naivasha,Medical Clinic,Private Practice - Nurse / Midwife,0,0,f,f,Operational,-0.303099,36.080026
19436,Kings Cross Medical Clinic,Nairobi,Embakasi Central,Medical Clinic,Private Practice - Nurse / Midwife,2,1,f,f,Operational,-1.286389,36.817223
14886,Kings Medical Centre (Delivarance) Nakuru,Nakuru,Nakuru,Medical Clinic,Christian Health Association of Kenya,0,0,f,f,Operational,-0.303099,36.080026
14887,King'wal Dispensary,Nandi,Chesumei,Dispensary,Ministry of Health,0,0,f,f,Operational,0.166667,35.133333
12322,Kinisa Dispensary,Marsabit,Moyale,Dispensary,Ministry of Health,0,0,f,f,Operational,2.333333,37.983333
12323,Kinna Health Centre,Isiolo,Garbatula,Health Centre,Ministry of Health,15,3,f,f,Operational,0.35,37.583333
16547,Kinondo Kwetu Community Clinic,Kwale,Msambweni,Dispensary,Community,0,0,f,f,Operational,-4.183333,39.45
21139,Kinoo Dispensary,Kiambu,Kikuyu,Dispensary,Ministry of Health,0,0,f,f,Operational,-1.166667,36.833333
12324,Kinoro Medical Clinic,Meru,Imenti South,Medical Clinic,Private Practice - Nurse / Midwife,0,0,f,f,Operational,0.05,37.65
12325,Kinoro Sub-District Hospital,Meru,Imenti South,Sub-District Hospital,Ministry of Health,0,0,f,f,Operational,0.05,37.65
12326,Kinoru Dispensary,Meru,Imenti North,Dispensary,Ministry of Health,0,0,f,f,Operational,0.05,37.65
10615,Kinunga Health Centre,Nyeri,Nyeri Central,Health Centre,Ministry of Health,8,0,f,f,Operational,-0.416667,36.95
12327,Kinyaata Dispensary,Machakos,Yatta,Dispensary,Ministry of Health,0,0,f,f,Operational,-1.516667,37.266667
14888,Kinyach Dispensary,Baringo,Baringo North,Dispensary,Ministry of Health,0,0,f,f,Operational,0.466667,35.966667
20108,Kinyambu Kwitu Medical Clinic,Makueni,Kibwezi,Medical Clinic,Private Practice - Clinical Officer,0,0,f,f,Operational,-1.8,37.616667
13698,Kipkebe Health Centre,Nyamira,Borabu,Health Centre,Company Medical Service,6,0,f,f,Operational,-0.633333,34.933333
14895,Kipkeikei Dispensary,Trans Nzoia,Trans Nzoia East,Dispensary,Ministry of Health,0,0,f,f,Operational,1.016667,34.983333
14896,Kipkelion (CHFC) Dispensary,Kericho,Kipkelion,Dispensary,Private Enterprise (Institution),0,0,f,f,Operational,-0.366667,35.283333
14897,Kipkelion Sub District Hospital,Kericho,Kipkelion,Sub-District Hospital,Ministry of Health,6,0,f,f,Operational,-0.366667,35.283333
14898,Kipkenyo Dispensary,Uasin Gishu,Wareng,Dispensary,Local Authority,0,0,f,f,Operational,0.514277,35.269779
14899,Kipketer Dispensary,Kericho,Belgut,Dispensary,Private Enterprise (Institution),0,0,f,f,Operational,-0.366667,35.283333
17091,Kipkitur Dispensary,Baringo,Mogotio,Dispensary,Ministry of Health,0,0,f,f,Operational,0.466667,35.966667
14900,Kipkoigen Tea Dispensary,Nandi,Nandi East,Dispensary,Company Medical Service,0,0,f,f,Operational,0.166667,35.133333
14901,Kipkoimet Tea Dispensary,Nandi,Nandi East,Dispensary,Company Medical Service,0,0,f,f,Operational,0.166667,35.133333
19883,Kipkonyo Dispensary,Nakuru,Naivasha,Dispensary,Ministry of Health,2,0,f,f,Operational,-0.303099,36.080026
17014,Kipkoror Dispensary,Nandi,Nandi East,Dispensary,Ministry of Health,0,0,f,f,Operational,0.166667,35.133333
14902,Kiplalmat Dispensary,Kericho,Belgut,Dispensary,Ministry of Health,0,0,f,f,Operational,-0.366667,35.283333
17316,Kiplelgutik Dispensary,Kericho,Belgut,Dispensary,Ministry of Health,0,0,f,f,Operational,-0.366667,35.283333
14903,Kiplelji Dispensary,Bomet,Bomet Central,Dispensary,Ministry of Health,0,0,f,f,Operational,-0.783333,35.35
18525,Kiplobotwa Dispensary,Bomet,Bomet Central,Dispensary,Ministry of Health,0,0,f,f,Not-Operational,-0.783333,35.35
17299,Kiplobotwo Dispensary,Elgeyo Marakwet,Marakwet West,Dispensary,Ministry of Health,0,0,f,f,Operational,,
14904,Kiplombe AIC Dispensary,Uasin Gishu,Eldoret West,Dispensary,Ministry of Health,0,0,f,f,Operational,0.514277,35.269779
17154,Kiplombe Dispensary (Koibatek),Baringo,Koibatek,Dispensary,Ministry of Health,0,0,f,f,Operational,0.466667,35.966667
14905,Kipngchoch Medical Clinic,Nakuru,Nakuru North,Medical Clinic,Private Practice - Nurse / Midwife,0,0,f,f,Operational,-0.303099,36.080026
16473,Kiprengwet Dispensary,Kericho,Londiani,Dispensary,Ministry of Health,0,0,f,f,Operational,-0.366667,35.283333
14907,Kipsacho Dispensary,Baringo,Baringo Central,Dispensary,Ministry of Health,0,0,f,f,Operational,0.466667,35.966667
14909,Kipsaiya Dispensary,Elgeyo Marakwet,Marakwet West,Dispensary,Ministry of Health,0,0,f,f,Operational,,
11560,Mangai Dispensary,Lamu,Lamu East,Dispensary,Ministry of Health,0,0,f,f,Operational,-2.266667,40.9
12468,Mangala Dispensary,Makueni,Makueni,Dispensary,Ministry of Health,0,0,f,f,Operational,-1.8,37.616667
17697,Mangani Clinic,Tana River,Galole,Medical Clinic,Private Practice - Clinical Officer,0,0,f,f,Operational,-1.5,40.033333
13768,Mangima SDA Health Centre,Homa Bay,Rachuonyo South,Health Centre,Christian Health Association of Kenya,8,2,f,f,Operational,-0.516667,34.45
19147,Mangina Dispensary,Kitui,Katulani,Dispensary,Ministry of Health,0,0,f,f,Operational,-1.366667,38.016667
10019,Mangu (Aip) Dispensary,Kiambu,Gatundu North,Dispensary,Other Faith Based,0,0,f,f,Operational,-1.033333,37.066667
15119,Mangu Dispensary (Rongai),Nakuru,Rongai,Dispensary,Ministry of Health,0,0,f,f,Operational,-0.303099,36.080026
10679,Manguo Medical Clinic,Nyandarua,Nyandarua North,Medical Clinic,Private Practice - Nurse / Midwife,0,0,f,f,Operational,-0.183333,36.366667
10680,Manjo Health Clinic,Nyeri,Mukurweini,Medical Clinic,Private Practice - Nurse / Midwife,0,0,f,f,Operational,-0.416667,36.95
19347,Manna Medical Clinic Isinya,Kajiado,Isinya,Medical Clinic,Private Practice - Nurse / Midwife,0,0,f,f,Operational,-1.85,36.783333
17127,Manoa Dispensary,Taita Taveta,Mwatate,Dispensary,Ministry of Health,0,0,f,f,Operational,,
13404,Mansa Health Centre,Wajir,Tarbaj,Health Centre,Ministry of Health,25,0,f,f,Operational,1.75,40.066667
16292,Mansa Nomadic Clinic,Wajir,Tarbaj,Dispensary,Ministry of Health,0,0,f,f,Operational,1.75,40.066667
13405,Mansabubu Health Centre,Garissa,Fafi,Health Centre,Ministry of Health,0,0,f,f,Operational,-0.456944,39.658333
16218,Mansile Dispensary,Marsabit,Moyale,Dispensary,Ministry of Health,0,0,f,f,Operational,2.333333,37.983333
20912,Manthi Healthcare Medical Clinic,Machakos,Mwala,Medical Clinic,Private Practice - Clinical Officer,0,0,f,f,Pending Opening,-1.516667,37.266667
10681,Manunga Health Centre,Nyandarua,Kipipiri,Health Centre,Ministry of Health,10,2,f,f,Operational,-0.183333,36.366667
15999,Manyala Sub-District Hospital,Kakamega,Butere,Sub-District Hospital,Ministry of Health,24,3,f,f,Operational,0.284767,34.752308
11561,Manyani Dispensary,Taita Taveta,Voi,Dispensary,Ministry of Health,2,1,f,f,Operational,,
13769,Manyatta (SDA) Dispensary,Homa Bay,Homa Bay,Dispensary,Christian Health Association of Kenya,0,0,f,f,Operational,-0.516667,34.45
20077,Manyatta Clinic,Kakamega,Kakamega East (Shinyalu),Medical Clinic,Private Practice - Nurse / Midwife,6,0,f,f,Operational,0.284767,34.752308
19282,Kiptenden Dspensary (Nandi Central),Nandi,Nandi Central,Dispensary,Ministry of Health,0,0,f,f,Operational,0.166667,35.133333
14928,Kiptere Dispensary,Kericho,Belgut,Dispensary,Ministry of Health,3,0,f,f,Operational,-0.366667,35.283333
14929,Kiptewit Dispensary,Kericho,Bureti,Dispensary,Ministry of Health,0,0,f,f,Operational,-0.366667,35.283333
20011,Kiptoim Dispensary,Baringo,Mogotio,Dispensary,Ministry of Health,0,0,f,f,Operational,0.466667,35.966667
14930,Kiptome Dispensary,Kericho,Bureti,Dispensary,Ministry of Health,7,0,f,f,Operational,-0.366667,35.283333
18742,Kiptome Dispensary (Belgut),Kericho,Kericho,Dispensary,Ministry of Health,4,0,f,f,Operational,-0.366667,35.283333
14932,Kiptulwa Dispensary,Bomet,Sotik,Dispensary,Ministry of Health,4,0,f,f,Operational,-0.783333,35.35
14933,Kiptuno Dispensary,Baringo,Koibatek,Dispensary,Ministry of Health,8,0,f,f,Operational,0.466667,35.966667
14934,Kipture Dispensary,Nandi,Nandi Central,Dispensary,Ministry of Health,0,0,f,f,Operational,0.166667,35.133333
11485,Kipungani Dispensary,Lamu,Lamu West,Dispensary,Ministry of Health,0,0,f,f,Not-Operational,-2.266667,40.9
14935,Kipwastuiyo Health Centre,Kericho,Bureti,Health Centre,Ministry of Health,15,3,f,f,Operational,-0.366667,35.283333
18526,Kipyosit Dispensary,Bomet,Bomet East,Dispensary,Ministry of Health,0,0,f,f,Not-Operational,-0.783333,35.35
18881,Kiracha CFW Clinic,Tharaka Nithi,Meru South,Medical Clinic,Non-Governmental Organizations,0,0,f,f,Operational,,
17003,Kiraone Dispensary,Meru,Igembe South,Dispensary,Ministry of Health,0,0,f,f,Operational,0.05,37.65
14936,Kiratina Medical Clinic,Nakuru,Nakuru North,Medical Clinic,Private Practice - Nurse / Midwife,0,0,f,f,Operational,-0.303099,36.080026
10624,Kiria Health Centre,Murang'a,Kahuro,Health Centre,Ministry of Health,0,0,f,f,Operational,-0.716667,37.15
10625,Kiria-Ini Dispensary,Murang'a,Mathioya,Dispensary,Ministry of Health,0,0,f,f,Operational,-0.716667,37.15
12332,Kiriari (ACK) Dispensary,Embu,Manyatta,Dispensary,Christian Health Association of Kenya,0,0,f,f,Operational,-0.533333,37.45
20517,Kiriba Dispensary,Bomet,Chepalungu,Dispensary,Ministry of Health,4,1,f,f,Operational,-0.783333,35.35
14937,Kiribwet Dispensary,Narok,Trans Mara East,Dispensary,Ministry of Health,0,0,f,f,Operational,-1.083333,35.866667
14938,Kiricha Dispensary,Bomet,Sotik,Dispensary,Ministry of Health,0,0,f,f,Operational,-0.783333,35.35
10628,Kirichu Market Medical Clinic,Nyeri,Nyeri Central,Medical Clinic,Private Practice - Nurse / Midwife,0,0,f,f,Operational,-0.416667,36.95
10630,Kirima Dispensary,Nyandarua,Nyandarua North,Dispensary,Ministry of Health,0,0,f,f,Operational,-0.183333,36.366667
19143,Kirimampio Dispensary,Meru,Igembe South,Dispensary,Ministry of Health,0,0,f,f,Operational,0.05,37.65
10631,Kirimara Clinic,Kirinyaga,Kirinyaga South,Medical Clinic,Private Practice - Nurse / Midwife,0,0,f,f,Not-Operational,-0.533333,37.45
16842,Kirimara Medical Clinic,Meru,Meru Central,Medical Clinic,Private Enterprise (Institution),0,0,f,f,Operational,0.05,37.65
10632,Kirimukuyu Medical Clinic,Nyeri,Mathira West,Medical Clinic,Private Practice - Clinical Officer,0,0,f,f,Operational,-0.416667,36.95
14515,Kirimun GK Dispensary,Samburu,Samburu Central,Dispensary,Ministry of Health,0,0,f,f,Operational,1.316667,36.983333
20676,Kirinyaga University College Dispensary,Kirinyaga,Kirinyaga Central,Dispensary,Other Public Institution,0,0,f,f,Operational,-0.5,37.283333
20654,Kiriri Dispensary,Kiambu,Limuru,Dispensary,Ministry of Health,0,0,f,f,Operational,-1.166667,36.833333
16466,Kiritiri Health Centre,Embu,Mbeere South,Health Centre,Ministry of Health,9,0,f,f,Operational,-0.533333,37.45
12337,Kirogine Dispensary,Meru,Imenti South,Dispensary,Ministry of Health,0,0,f,f,Operational,0.05,37.65
10635,Kirogo Dispensary,Kirinyaga,Kirinyaga South,Dispensary,Ministry of Health,0,0,f,f,Operational,-0.5,37.283333
10636,Kirogo Health Centre,Murang'a,Kahuro,Health Centre,Ministry of Health,6,6,f,f,Operational,-0.716667,37.15
14939,Kiromwok Dispensary,Bomet,Bomet East,Dispensary,Ministry of Health,0,0,f,f,Operational,-0.783333,35.35
14906,Kiropket Dispensary,Nandi,Nandi Central,Dispensary,Ministry of Health,0,0,f,f,Operational,0.166667,35.133333
16678,Kiruri Dispensary (Laikipia West),Laikipia,Laikipia West,Dispensary,Ministry of Health,0,0,f,f,Operational,0.366667,37.033333
10637,Kiruri Dispensary (Muranga North),Murang'a,Muranga West,Dispensary,Ministry of Health,0,0,f,f,Operational,-0.716667,37.15
10638,Kirurumi Dispensary,Nyeri,Tetu,Dispensary,Ministry of Health,0,0,f,f,Operational,-0.416667,36.95
10639,Kirwara Sub District,Murang'a,Gatanga,Sub-District Hospital,Ministry of Health,16,0,f,f,Operational,-1.033333,37.066667
19345,Kisaju Health Care Isinya,Kajiado,Isinya,Medical Clinic,Private Enterprise (Institution),3,0,f,f,Operational,-1.85,36.783333
19346,Kisaju Medical Clinic,Kajiado,Isinya,Medical Clinic,Private Practice - Nurse / Midwife,0,0,f,f,Operational,-1.85,36.783333
13700,Kisaku Dispensary,Homa Bay,Suba,Dispensary,Ministry of Health,6,0,f,f,Operational,-0.516667,34.45
14940,Kisanana Health Centre,Baringo,Mogotio,Health Centre,Ministry of Health,5,0,f,f,Operational,0.466667,35.966667
12340,Kisasi Dispensary (Kitui),Kitui,Kisasi,Dispensary,Ministry of Health,0,0,f,f,Operational,-1.366667,38.016667
16744,Kisasi Medical Clinic,Kitui,Kisasi,Dispensary,Private Enterprise (Institution),0,0,f,f,Operational,-1.366667,38.016667
12341,Kisau Sub District Hospital,Makueni,Mbooni East,Sub-District Hospital,Ministry of Health,50,2,f,f,Operational,-1.8,37.616667
17911,Kisauni Dispensary,Mombasa,Kisauni,Dispensary,Local Authority,0,0,f,f,Operational,-4.043477,39.668205
12342,Kisayani Health Centre,Kitui,Mutomo,Health Centre,Ministry of Health,2,0,f,f,Operational,-1.366667,38.016667
13701,Kisegi Sub-District Hospital,Homa Bay,Suba,Sub-District Hospital,Ministry of Health,24,2,f,f,Operational,-0.516667,34.45
20044,Kisembe Dispensary,Kakamega,Kakamega Central (Lurambi),Dispensary,Ministry of Health,5,2,f,f,Operational,0.284767,34.752308
13035,Kisembo Dispensary,Nairobi,Kibra,Dispensary,Private Enterprise (Institution),0,0,f,f,Operational,-1.286389,36.817223
20677,Kisera Dispensary,West Pokot,Pokot Central,Dispensary,Ministry of Health,0,0,f,f,Operational,1.233333,35.116667
14941,Kiserian Dispensary,Baringo,Marigat,Dispensary,Other Faith Based,0,0,f,f,Operational,0.466667,35.966667
12343,Kisesini Dispensary,Machakos,Yatta,Dispensary,Ministry of Health,0,0,f,f,Operational,-1.516667,37.266667
12345,Kiseuni Dispensary,Machakos,Masinga,Dispensary,Ministry of Health,0,1,f,f,Operational,-1.516667,37.266667
12344,Kiseuni Dispensary (Kitui),Kitui,Lower Yatta,Dispensary,Ministry of Health,0,0,f,f,Operational,-1.366667,38.016667
12346,Kiseveni Dispensary,Kitui,Kitui West,Dispensary,Ministry of Health,0,0,f,f,Operational,-1.366667,38.016667
19736,Kishon,Narok,Narok South,Health Centre,Non-Governmental Organizations,6,2,f,f,Operational,-1.083333,35.866667
11488,Kishushe Dispensary,Taita Taveta,Wundanyi,Dispensary,Ministry of Health,0,0,f,f,Operational,,
21049,Kisii Blood Satellite,Kisii,Kisii Central,Regional Blood Transfusion Centre,Ministry of Health,0,0,f,f,Operational,-0.683333,34.766667
13702,Kisii Campus Dispensary,Kisii,Kisii Central,Dispensary,Other Public Institution,3,0,f,f,Operational,-0.683333,34.766667
21018,Kisii County Beyond Zero Mobile Clinic,Kisii,Kisii Central,Medical Clinic,Ministry of Health,0,0,f,f,Operational,-0.683333,34.766667
13703,Kisii Hospital (Level 5),Kisii,Kisii Central,District Hospital,Ministry of Health,379,20,f,f,Operational,-0.683333,34.766667
12347,Kisiiki Dispensary,Machakos,Yatta,Dispensary,Ministry of Health,2,0,f,f,Operational,-1.516667,37.266667
19291,Kisima Community Medical Clinic,Samburu,Samburu Central,Medical Clinic,Private Practice - Nurse / Midwife,0,0,f,f,Unknown,1.316667,36.983333
14943,Kisima Health Centre,Samburu,Samburu Central,Dispensary,Ministry of Health,6,2,f,f,Operational,1.316667,36.983333
14944,Kisok Dispensary,Baringo,Baringo Central,Dispensary,Community,0,0,f,f,Pending Opening,0.466667,35.966667
16672,Kisonei Dispensary,Baringo,Baringo Central,Dispensary,Ministry of Health,0,0,f,f,Operational,0.466667,35.966667
14945,Kisor Dispensary,Uasin Gishu,Wareng,Dispensary,Ministry of Health,0,0,f,f,Operational,0.514277,35.269779
20965,Kisumu Beyond Zero Mobile Clinic,Kisumu,Kisumu East,Dispensary,Ministry of Health,0,0,f,f,Operational,-0.10221,34.761711
13704,Kisumu District Hospital,Kisumu,Kisumu East,District Hospital,Ministry of Health,195,0,f,f,Operational,-0.10221,34.761711
17553,Kisumu International Airport Dispensary,Kisumu,Kisumu West,Dispensary,Ministry of Health,0,0,f,f,Operational,-0.10221,34.761711
19869,Kisumu Police Lines Dispensary,Kisumu,Kisumu East,Dispensary,Ministry of Health,0,0,f,f,Operational,-0.10221,34.761711
18522,Kitaima Dispensary,Bomet,Bomet Central,Dispensary,Ministry of Health,0,0,f,f,Operational,-0.783333,35.35
19743,Kitale Cottage Hospital,Trans Nzoia,Trans Nzoia West,Nursing Home,Private Practice - Medical Specialist,0,0,f,f,Operational,1.016667,34.983333
19670,Kitale Eye Care Clinic,Trans Nzoia,Trans Nzoia West,Eye Clinic,Private Practice - Clinical Officer,0,0,f,f,Operational,1.016667,34.983333
19744,Kitale Medical Centre - Dr Kamau's MC,Trans Nzoia,Trans Nzoia West,Medical Clinic,Private Practice - Medical Specialist,0,0,f,f,Operational,1.016667,34.983333
19745,Kitale Medical Centre - Dr Kiprop's MC,Trans Nzoia,Trans Nzoia West,Dental Clinic,Private Practice - Medical Specialist,0,0,f,f,Operational,1.016667,34.983333
19691,Kitale Medical Centre - Dr Omunyin,Trans Nzoia,Trans Nzoia West,Medical Clinic,Private Practice - General Practitioner,0,0,f,f,Operational,1.016667,34.983333
19747,Kitale Medical Centre - Dr Onyango's MC,Trans Nzoia,Trans Nzoia West,Medical Clinic,Private Practice - General Practitioner,0,0,f,f,Operational,1.016667,34.983333
19847,Kitale Medical Centre - Sloam CBO,Trans Nzoia,Trans Nzoia West,Medical Clinic,Non-Governmental Organizations,0,0,f,f,Operational,1.016667,34.983333
19684,Kitale Sch Sanatorium,Trans Nzoia,Trans Nzoia West,Dispensary,Other Public Institution,0,0,f,f,Operational,1.016667,34.983333
17451,Kitamwiki Community Dispensary,Kitui,Kitui West,Dispensary,Community,0,0,f,f,Pending Opening,-1.366667,38.016667
12349,Kitangani Dispensary,Machakos,Masinga,Dispensary,Ministry of Health,0,1,f,f,Operational,-1.516667,37.266667
13705,Kitare Health Centre,Homa Bay,Mbita,Health Centre,Ministry of Health,8,0,f,f,Operational,-0.516667,34.45
17469,Kiteje Dispensary,Kwale,Matuga,Dispensary,Ministry of Health,0,0,f,f,Operational,-4.183333,39.45
20324,kitende Dispensary,Makueni,Makindu,Dispensary,Ministry of Health,0,0,f,f,Operational,-1.8,37.616667
18737,Lobei Health Centre,Turkana,Loima,Health Centre,Ministry of Health,20,0,f,f,Operational,3.116667,35.6
15042,Loboi Dispensary,Baringo,Marigat,Dispensary,Ministry of Health,0,0,f,f,Operational,0.466667,35.966667
19508,Local Aid Organization,Nairobi,Dagoretti North,Dispensary,Private Enterprise (Institution),0,0,f,f,Operational,-1.286389,36.817223
17034,Location Medical Clinic,Laikipia,Laikipia West,Medical Clinic,Private Practice - Nurse / Midwife,2,0,f,f,Operational,0.366667,37.033333
15043,Locheremoit Dispensary,Turkana,Turkana South,Dispensary,Ministry of Health,0,0,f,f,Operational,3.116667,35.6
15044,Lochoraikeny Dispensary,Turkana,Turkana Central,Dispensary,Ministry of Health,0,0,f,f,Operational,3.116667,35.6
17480,Lochorekuyen Dispensary,Turkana,Loima,Dispensary,Ministry of Health,0,0,f,f,Operational,3.116667,35.6
13051,Loco Dispensary,Nairobi,Starehe,Dispensary,Other Public Institution,0,0,f,f,Operational,-1.286389,36.817223
20890,Lodeng'o Health Centre,Baringo,East Pokot,Health Centre,Christian Health Association of Kenya,24,2,f,f,Operational,0.466667,35.966667
15047,Lodokejek Dispensary,Samburu,Samburu Central,Dispensary,Kenya Episcopal Conference-Catholic Secretariat,0,0,f,f,Operational,1.316667,36.983333
15048,Lodungokwe Health Centre,Samburu,Samburu East,Dispensary,Ministry of Health,4,0,f,f,Operational,1.316667,36.983333
15049,Lodwar District Hospital,Turkana,Turkana Central,District Hospital,Ministry of Health,270,36,f,f,Operational,3.116667,35.6
16213,Logologo AIC Dispensary,Marsabit,Marsabit South,Dispensary,Christian Health Association of Kenya,3,0,f,f,Operational,2.333333,37.983333
18857,Logologo Model Health Centre (Marsabit South),Marsabit,Marsabit South,Health Centre,Ministry of Health,4,3,f,f,Operational,2.333333,37.983333
20720,Logorate Dispensary,Samburu,Samburu Central,Dispensary,Ministry of Health,0,0,f,f,Pending Opening,1.316667,36.983333
15050,Loima Medical Clinic,Turkana,Turkana Central,Medical Clinic,Private Practice - Clinical Officer,0,0,f,f,Operational,3.116667,35.6
15051,Loitokitok District Hospital,Kajiado,Loitoktok,District Hospital,Ministry of Health,75,10,f,f,Operational,-1.85,36.783333
15052,Loitokitok Medical Clinic,Kajiado,Loitoktok,Medical Clinic,Private Practice - Clinical Officer,4,0,f,f,Operational,-1.85,36.783333
19254,Loitokitok Medicare Centre,Kajiado,Loitoktok,Medical Clinic,Private Practice - General Practitioner,1,0,f,f,Operational,-1.85,36.783333
15053,Loiwat Dispensary,Baringo,East Pokot,Dispensary,Ministry of Health,0,0,f,f,Operational,0.466667,35.966667
20505,Kithunguthia Dispensary,Embu,Embu East,Dispensary,Ministry of Health,0,0,f,f,Operational,-0.533333,37.45
16959,Kithuni Dispensary,Makueni,Makueni,Dispensary,Ministry of Health,0,0,f,f,Operational,-1.8,37.616667
12362,Kithyoko Health Centre,Machakos,Masinga,Health Centre,Ministry of Health,5,4,f,f,Operational,-1.516667,37.266667
12364,Kithyululu Dispensary,Makueni,Kibwezi,Dispensary,Ministry of Health,2,0,f,f,Operational,-1.8,37.616667
17742,Kiti Dispensary,Nakuru,Nakuru,Dispensary,Ministry of Health,8,0,f,f,Operational,-0.303099,36.080026
12365,Kitise Health Centre,Makueni,Kathonzweni,Health Centre,Ministry of Health,14,4,f,f,Operational,-1.8,37.616667
17643,Kititu Dispensary,Machakos,Machakos,Dispensary,Ministry of Health,0,0,f,f,Operational,-1.516667,37.266667
14952,Kitoben Dispensary,Bomet,Bomet Central,Dispensary,Ministry of Health,0,0,f,f,Operational,-0.783333,35.35
11491,Kitobo Dispensary (Taveta),Taita Taveta,Taveta,Dispensary,Ministry of Health,1,0,f,f,Operational,,
20682,Kitogo Dispensary,Nyandarua,Kinangop,Dispensary,Ministry of Health,0,0,f,f,Operational,-0.183333,36.366667
16253,Kitonyoni Dispensary,Makueni,Makueni,Dispensary,Ministry of Health,0,1,f,f,Operational,-1.8,37.616667
18905,Kitui Afya Medical,Kitui,Kitui Central,Medical Clinic,Private Practice - Clinical Officer,0,0,f,f,Operational,-1.366667,38.016667
12366,Kitui District Hospital,Kitui,Kitui Central,District Hospital,Ministry of Health,200,44,f,f,Operational,-1.366667,38.016667
12367,Kitui Quality Care,Kitui,Kitui Central,Nursing Home,Private Enterprise (Institution),10,0,f,f,Operational,-1.366667,38.016667
16437,Kituluni Dispensary,Machakos,Matungulu,Dispensary,Ministry of Health,4,0,f,f,Operational,-1.516667,37.266667
18216,Kitum Dispensary,Trans Nzoia,Kwanza,Dispensary,Ministry of Health,0,0,f,f,Operational,1.016667,34.983333
19145,Kitundu Dispensary (Katulani District),Kitui,Katulani,Dispensary,Ministry of Health,0,0,f,f,Operational,-1.366667,38.016667
12370,Kitunduni Dispensary,Machakos,Kathiani,Dispensary,Ministry of Health,1,0,f,f,Operational,-1.516667,37.266667
12372,Kitungati Dispensary,Kitui,Kisasi,Dispensary,Ministry of Health,0,0,f,f,Operational,-1.366667,38.016667
14953,Kituro Health Centre,Baringo,Baringo Central,Health Centre,Ministry of Health,8,0,f,f,Operational,0.466667,35.966667
12373,Kituruni Dispensary,Marsabit,Marsabit,Dispensary,Ministry of Health,0,0,f,f,Operational,2.333333,37.983333
12374,Kiu (AIC) Dispensary,Makueni,Mukaa,Dispensary,Christian Health Association of Kenya,2,0,f,f,Operational,-1.8,37.616667
10641,Kiumbu Health Centre,Kirinyaga,Kirinyaga South,Health Centre,Ministry of Health,10,0,f,f,Operational,-0.5,37.283333
21179,Kiungururia Afya Medical Clinic,Nakuru,Gilgil,Medical Clinic,Private Practice - Clinical Officer,0,0,f,f,Operational,-0.303099,36.080026
10643,Kiuu Dispensary,Nyeri,Mukurweini,Dispensary,Ministry of Health,0,0,f,f,Operational,-0.416667,36.95
12375,Kivaa Health Centre,Machakos,Masinga,Health Centre,Ministry of Health,32,4,f,f,Operational,-1.516667,37.266667
12377,Kivani Dispensary,Makueni,Makueni,Dispensary,Ministry of Health,2,0,f,f,Operational,-1.8,37.616667
18529,Kivani Dispensary (Kitui West),Kitui,Kitui Central,Dispensary,Ministry of Health,0,0,f,f,Operational,-1.366667,38.016667
20978,Kiveetyo Dispensary,Makueni,Mbooni West,Dispensary,Ministry of Health,1,1,f,f,Not-Operational,-1.8,37.616667
12378,Kiviu Dispensary,Kitui,Kitui Central,Dispensary,Ministry of Health,0,0,f,f,Operational,-1.366667,38.016667
13036,Kivuli Dispensary,Nairobi,Dagoretti South,Dispensary,Kenya Episcopal Conference-Catholic Secretariat,0,0,f,f,Operational,-1.286389,36.817223
12379,Kivuuni Dispensary,Kitui,Kisasi,Dispensary,Ministry of Health,0,0,f,f,Operational,-1.366667,38.016667
13707,Kiwa Island Dispensary,Homa Bay,Suba,Dispensary,Ministry of Health,0,0,f,f,Operational,-0.516667,34.45
20728,Kiwa Laboratory,Murang'a,Muranga South,Laboratory (Stand-alone),Private Practice - Unspecified,0,0,f,f,Operational,-0.716667,37.15
16203,Kiwalwa Dispensary,Taita Taveta,Taveta,Dispensary,Ministry of Health,3,0,f,f,Operational,,
10514,Kenwa-Nyeri,Nyeri,Nyeri Central,Medical Clinic,Non-Governmental Organizations,0,0,f,f,Operational,-0.416667,36.95
18261,Kenya Airports Employees Association,Nairobi,Embakasi East,Medical Clinic,Company Medical Service,4,1,f,f,Operational,-1.286389,36.817223
13021,Kenya Airways Medical Centre,Nairobi,Starehe,Medical Clinic,Private Practice - Unspecified,0,0,f,f,Operational,-1.286389,36.817223
18732,Kenya Assemblies of God Medical Clinic,Meru,Imenti North,Medical Clinic,Other Faith Based,0,0,f,f,Operational,0.05,37.65
18575,Kenya Assemblies of God Medical Clinic (Kag Naivas,Nakuru,Naivasha,Dispensary,Christian Health Association of Kenya,0,0,f,f,Operational,-0.303099,36.080026
18385,Kenya Association of Pofessional Counsellors (Kapc,Nairobi,Westlands,Training Institution in Health (Stand-alone),Non-Governmental Organizations,0,0,f,f,Operational,-1.286389,36.817223
20303,Kenya Institute of Special Education Dispensary,Nairobi,Kasarani,Dispensary,Academic (if registered),0,0,f,f,Operational,-1.286389,36.817223
17040,Kenya Medical Training College Lodwar,Turkana,Turkana Central,Training Institution in Health (Stand-alone),Ministry of Health,0,0,f,f,Operational,3.116667,35.6
20371,Kenya Police Staff College Clinic,Nairobi,Westlands,Dispensary,Academic (if registered),0,0,f,f,Operational,-1.286389,36.817223
14828,Kenyagoro Dispensary,Bomet,Konoin,Dispensary,Ministry of Health,12,0,f,f,Operational,-0.783333,35.35
13671,Kenyambi Health Centre,Kisii,Nyamache,Health Centre,Ministry of Health,0,0,f,f,Operational,-0.683333,34.766667
16980,Kenyambi Health Centre (Nyamira),Nyamira,Nyamira,Health Centre,Ministry of Health,2,0,f,f,Operational,-0.633333,34.933333
13023,Kenyatta National Hospital,Nairobi,Kibra,National Referral Hospital,Ministry of Health,1455,427,f,f,Operational,-1.286389,36.817223
20665,Kenyatta Road Medical Centre,Kiambu,Ruiru,Medical Clinic,Private Practice - Medical Specialist,0,0,f,f,Operational,-1.286389,36.817223
17534,Kenyatta University Health Unit Mombasa Campus,Mombasa,Mvita,Dispensary,State Coorporation,0,0,f,f,Operational,-4.043477,39.668205
18879,Kenyatta University Kitui Campus Health Unit,Kitui,Kitui Central,Medical Clinic,Academic (if registered),0,0,f,f,Operational,-1.286389,36.817223
13673,Kenyenya District Hospital,Kisii,Kenyenya,District Hospital,Ministry of Health,40,0,f,f,Operational,-0.683333,34.766667
17712,Kenyenya Medical Centre (Kenyenya),Kisii,Kenyenya,Medical Clinic,Private Practice - Clinical Officer,0,0,f,f,Operational,-0.683333,34.766667
17677,Kenyenya Medical Clinic (Kenyenya),Kisii,Kenyenya,Medical Clinic,Private Practice - Clinical Officer,0,0,f,f,Operational,-0.683333,34.766667
13674,Kenyerere Dispensary (Sameta),Kisii,Sameta,Dispensary,Ministry of Health,0,0,f,f,Operational,-0.683333,34.766667
16280,Kenyerere Health Centre (Nyamira),Nyamira,Nyamira,Health Centre,Ministry of Health,0,0,f,f,Operational,-0.633333,34.933333
19996,Kenyoro Dispensary,Kisii,Sameta,Dispensary,Ministry of Health,2,2,f,f,Operational,-0.683333,34.766667
13676,Kenyoro Health Centre,Nyamira,Nyamira North,Health Centre,Ministry of Health,0,0,f,f,Operational,-0.633333,34.933333
14829,Kepchomo Tea Dispensary,Nandi,Nandi East,Dispensary,Company Medical Service,0,0,f,f,Operational,0.166667,35.133333
18336,Keragia Dispensary (Gucha),Kisii,Gucha,Dispensary,Ministry of Health,0,0,f,f,Operational,-0.683333,34.766667
14830,Kerenga Dispensary,Kericho,Belgut,Dispensary,Private Enterprise (Institution),0,0,f,f,Operational,-0.366667,35.283333
19257,Kerer Dispensary,Elgeyo Marakwet,Marakwet West,Dispensary,Community,0,0,f,f,Operational,,
21001,Kericho County Beyond Zero Mobile Clinic,Kericho,Kericho,Medical Clinic,Ministry of Health,0,0,f,f,Operational,-0.366667,35.283333
14831,Kericho District Hospital,Kericho,Kericho,District Hospital,Ministry of Health,250,7,f,f,Operational,-0.366667,35.283333
14832,Kericho Forest Dispensary,Kericho,Londiani,Dispensary,Ministry of Health,4,0,f,f,Operational,-0.366667,35.283333
14833,Kericho Municipal Health Centre,Kericho,Kericho,Health Centre,Local Authority,3,0,f,f,Operational,-0.366667,35.283333
14834,Kericho Nursing Home,Kericho,Kericho,Other Hospital,Private Enterprise (Institution),0,0,f,f,Operational,-0.366667,35.283333
21098,Kericho Teachers Training College Medical Clinic,Kericho,Kericho,Medical Clinic,Academic (if registered),0,0,f,f,Operational,-0.366667,35.283333
17598,Yaathi Dispensary,Kitui,Mutomo,Dispensary,Ministry of Health,0,0,f,f,Operational,-1.366667,38.016667
17579,Yaballo Dispensary,Marsabit,Sololo,Dispensary,Ministry of Health,0,0,f,f,Operational,2.333333,37.983333
13456,Yabicho Health Centre,Mandera,Mandera North,Health Centre,Ministry of Health,4,0,f,f,Operational,3.933333,41.866667
20334,Yago Community Dispensary,Kisumu,Muhoroni,Dispensary,Ministry of Health,0,0,f,f,Operational,-0.10221,34.761711
12851,Yakalia Dispensary,Kitui,Katulani,Dispensary,Ministry of Health,0,0,f,f,Operational,-1.366667,38.016667
17069,Yala Dispensary,Homa Bay,Rachuonyo South,Dispensary,Ministry of Health,0,0,f,f,Operational,-0.516667,34.45
12852,Yanzuu Health Centre,Kitui,Nzambani,Health Centre,Ministry of Health,0,0,f,f,Operational,-1.366667,38.016667
18206,Yatoi,Elgeyo Marakwet,Marakwet West,Dispensary,Ministry of Health,0,0,f,f,Not-Operational,,
12853,Yatta Health Centre,Kitui,Lower Yatta,Health Centre,Ministry of Health,5,8,f,f,Operational,-1.366667,38.016667
12854,Yatwa Dispensary,Kitui,Mwingi East,Dispensary,Ministry of Health,2,0,f,f,Operational,-1.366667,38.016667
15785,Yatya Dispensary,Baringo,Baringo North,Dispensary,Ministry of Health,0,0,f,f,Operational,0.466667,35.966667
16963,Yekanga Dispensary,Makueni,Kathonzweni,Dispensary,Ministry of Health,0,0,f,f,Operational,-1.8,37.616667
17550,Yikivumbu Dispensary,Makueni,Nzaui,Dispensary,Ministry of Health,0,0,f,f,Not-Operational,-1.8,37.616667
12855,Yimwaa Dispensary,Makueni,Makindu,Dispensary,Ministry of Health,6,0,f,f,Operational,-1.8,37.616667
20270,Yinthungu Dispensary,Makueni,Makueni,Dispensary,Ministry of Health,2,0,f,f,Operational,-1.8,37.616667
20221,Yoef Mediacl Clinic,Kisumu,Kisumu East,Medical Clinic,Private Practice - General Practitioner,0,0,f,f,Operational,-0.10221,34.761711
14176,Yokia Dispensary,Homa Bay,Mbita,Dispensary,Ministry of Health,0,0,f,f,Operational,-0.516667,34.45
18677,Yoonye Dispensary,Kitui,Kitui Central,Dispensary,Ministry of Health,0,0,f,f,Pending Opening,-1.366667,38.016667
12863,AAR Thika Road Clinic,Nairobi,Roysambu,Medical Clinic,Private Enterprise (Institution),0,0,f,f,Operational,-1.286389,36.817223
18821,Abakaile Dispensary,Garissa,Dadaab,Dispensary,Ministry of Health,0,0,f,f,Operational,-0.456944,39.658333
13265,Abakore Sub District Hospital,Wajir,Habaswein,Sub-District Hospital,Ministry of Health,0,0,f,f,Operational,1.75,40.066667
12864,Abandoned Child Care,Nairobi,Dagoretti South,Dispensary,Non-Governmental Organizations,0,0,f,f,Operational,-1.286389,36.817223
19117,Abby Health Services,Kitui,Kitui Central,Medical Clinic,Private Practice - General Practitioner,0,0,f,f,Operational,-1.366667,38.016667
12126,ABC Thange Dispensary,Makueni,Kibwezi,Dispensary,Other Faith Based,0,0,f,f,Operational,-1.8,37.616667
19354,Abdallah Dental Clinic (Barclays Plaza-Nairobi),Nairobi,Starehe,Dental Clinic,Private Practice - Unspecified,0,0,f,f,Operational,-1.286389,36.817223
17009,Abdisamad Dispensary,Garissa,Garissa,Dispensary,Ministry of Health,0,0,f,f,Operational,-0.456944,39.658333
20689,Abdiwaqo Dispensary,Wajir,Eldas,Dispensary,Ministry of Health,0,0,f,f,Operational,1.75,40.066667
13461,Abidha Health Centre,Siaya,Rarieda,Health Centre,Ministry of Health,16,0,f,f,Operational,0.066667,34.283333
16716,Able Medical Clinic,Kakamega,Kakamega East (Shinyalu),Medical Clinic,Private Practice - Nurse / Midwife,0,0,f,f,Operational,0.284767,34.752308
15789,Aboloi Dispensary,Busia,Teso North,Dispensary,Ministry of Health,0,0,f,f,Operational,0.46,34.11
20524,Absalom Wangulu Dispensary,Kisumu,Nyando,Dispensary,Ministry of Health,1,0,f,f,Operational,-0.10221,34.761711
19897,Abundant Life Clinic,Kisumu,Kisumu East,Medical Clinic,Private Enterprise (Institution),2,0,f,f,Operational,-0.10221,34.761711
19467,Access Afya,Nairobi,Starehe,Medical Clinic,Private Practice - General Practitioner,0,0,f,f,Operational,-1.286389,36.817223
21158,Access Afya Medical Centre Viwandani,Nairobi,Makadara,Medical Clinic,Private Practice - Medical Specialist,4,1,f,f,Operational,-1.286389,36.817223
11581,Matuga Dispensary,Kwale,Matuga,Dispensary,Ministry of Health,0,0,f,f,Operational,-4.183333,39.45
16389,Matulo Dispensary,Bungoma,Bungoma East,Dispensary,Other Public Institution,0,0,f,f,Operational,0.566667,34.566667
16410,Matumaini Dispensary,Nakuru,Molo,Dispensary,Other Faith Based,0,0,f,f,Operational,-0.303099,36.080026
18095,Matumbi Dispensary,Kwale,Kinango,Dispensary,Non-Governmental Organizations,2,2,f,f,Operational,-4.183333,39.45
16008,Matunda Sub-District Hospital,Kakamega,Lugari,Sub-District Hospital,Ministry of Health,10,0,f,f,Operational,0.284767,34.752308
20245,Matungu Medical Clinic,Kakamega,Matungu,Medical Clinic,Private Practice - Clinical Officer,4,1,f,f,Operational,0.284767,34.752308
18292,Matungulu Medical Centre,Machakos,Matungulu,Medical Clinic,Private Practice - Nurse / Midwife,2,0,f,f,Operational,-1.516667,37.266667
16009,Maturu Dispensary,Kakamega,Matete,Dispensary,Ministry of Health,0,0,f,f,Operational,0.284767,34.752308
13794,Matutu Dispensary,Nyamira,Borabu,Dispensary,Christian Health Association of Kenya,1,0,f,f,Operational,-0.633333,34.933333
17551,Matutu Dispensary (Nzaui),Makueni,Nzaui,Dispensary,Ministry of Health,0,0,f,f,Not-Operational,-1.8,37.616667
18379,Matutu Medical Clinic,Nakuru,Nakuru,Medical Clinic,Private Practice - Nurse / Midwife,0,0,f,f,Operational,-0.303099,36.080026
12488,Matuu District Hospital,Machakos,Yatta,District Hospital,Ministry of Health,40,10,f,f,Operational,-1.516667,37.266667
12489,Matuu Mission Health Centre,Machakos,Yatta,Health Centre,Kenya Episcopal Conference-Catholic Secretariat,0,0,f,f,Operational,-1.516667,37.266667
15157,Mau Summit Medical Clinic,Nakuru,Kuresoi,Medical Clinic,Private Enterprise (Institution),0,0,f,f,Operational,-0.303099,36.080026
15158,Mau Tea Dispensary,Kericho,Londiani,Dispensary,Company Medical Service,4,0,f,f,Operational,-0.366667,35.283333
20360,Maximum medical centre,Nairobi,Kasarani,Medical Clinic,Private Practice - Unspecified,0,0,f,f,Operational,-1.286389,36.817223
15162,Maximum Medical Services,Nakuru,Njoro,Medical Clinic,Private Enterprise (Institution),0,0,f,f,Operational,-0.303099,36.080026
16489,Mayanja Dispensary,Bungoma,Bungoma South,Dispensary,Ministry of Health,0,0,f,f,Operational,0.566667,34.566667
21251,Mayanja St. Pauls Medical Services,Bungoma,Bungoma South,Medical Clinic,Private Practice - General Practitioner,4,0,f,f,Operational,0.566667,34.566667
21042,Mayenje Dispensary,Busia,Busia,Dispensary,Ministry of Health,0,0,f,f,Operational,0.46,34.11
21271,Maylaurels Medical Centre,Nairobi,Embakasi East,Medical Clinic,Private Practice - Clinical Officer,0,0,f,f,Operational,-1.286389,36.817223
18701,Mayo Clinic,Meru,Imenti North,Medical Clinic,Private Practice - Unspecified,0,0,f,f,Operational,0.05,37.65
10710,Mayos Medical Clinic,Nyeri,Nyeri South,Medical Clinic,Private Practice - Nurse / Midwife,0,0,f,f,Operational,-0.416667,36.95
20856,Mayuge Dispensary,Kakamega,Kakamega North (Malava),Dispensary,Ministry of Health,0,0,f,f,Pending Opening,0.284767,34.752308
11585,Mazeras Dispensary,Kwale,Kinango,Dispensary,Ministry of Health,0,0,f,f,Operational,-4.183333,39.45
11586,Maziwa Dispensary,Tana River,Tana Delta,Dispensary,Ministry of Health,2,0,f,f,Operational,-1.5,40.033333
11587,Mazumalume Dispensary,Kwale,Matuga,Dispensary,Ministry of Health,0,0,f,f,Operational,-4.183333,39.45
17672,Mbaga Dispensary,Taita Taveta,Mwatate,Dispensary,Ministry of Health,0,0,f,f,Operational,,
16011,Mbagara Dispensary,Kakamega,Lugari,Dispensary,Ministry of Health,0,0,f,f,Operational,0.284767,34.752308
13080,Mbagathi District Hospital,Nairobi,Kibra,District Hospital,Ministry of Health,200,10,f,f,Operational,-1.286389,36.817223
20199,Mbaka Oromo Dispensary,Kisumu,Kisumu West,Dispensary,Ministry of Health,0,0,f,f,Operational,-0.10221,34.761711
11589,Mbale Health Centre,Taita Taveta,Wundanyi,Health Centre,Ministry of Health,10,0,f,f,Operational,,
16012,Mbale Rural Health Training Centre,Vihiga,Vihiga,Health Centre,Ministry of Health,24,6,f,f,Operational,0.083333,34.716667
21106,Mbale Specialist Health Centre,Vihiga,Vihiga,Health Centre,Private Practice - Medical Specialist,24,5,f,f,Operational,0.083333,34.716667
16013,Mbaleway Side Clinic,Vihiga,Vihiga,Medical Clinic,Private Practice - Clinical Officer,0,0,f,f,Operational,0.083333,34.716667
19964,Mbari Ya Igi Dispensary,Kiambu,Githunguri,Dispensary,Ministry of Health,0,0,f,f,Operational,-1.166667,36.833333
18824,Mbaruk Dispensary,Nakuru,Gilgil,Dispensary,Ministry of Health,0,0,f,f,Operational,-0.303099,36.080026
17260,Mbau-Ini Dispensary,Kiambu,Lari,Dispensary,Community Development Fund,0,0,f,f,Operational,-1.166667,36.833333
16467,Mbeere District Hospital,Embu,Mbeere North,District Hospital,Ministry of Health,25,0,f,f,Operational,-0.533333,37.45
20088,Mbeere south DHMT,Embu,Mbeere South,District Health Office,Ministry of Health,0,0,f,f,Operational,-0.533333,37.45
21254,Mbegani Dispensary,Kwale,Matuga,Dispensary,Ministry of Health,0,0,f,f,Operational,-4.183333,39.45
12498,Mbembani Dispensary,Machakos,Yatta,Dispensary,Ministry of Health,0,0,f,f,Operational,-1.516667,37.266667
18174,Mbiri (ACK) Dispensary,Kirinyaga,Kirinyaga East,Dispensary,Christian Health Association of Kenya,0,0,f,f,Operational,-0.533333,37.45
13798,Mbita District Hospital,Homa Bay,Mbita,District Hospital,Ministry of Health,21,0,f,f,Operational,-0.516667,34.45
16996,Mbitini (ACK) Dispensary,Kitui,Kitui Central,Dispensary,Christian Health Association of Kenya,0,0,f,f,Pending Opening,-1.366667,38.016667
12502,Mbitini Catholic Dispensary,Makueni,Nzaui,Dispensary,Kenya Episcopal Conference-Catholic Secretariat,0,0,f,f,Operational,-1.8,37.616667
12521,Mbitini Health Centre,Kitui,Kisasi,Health Centre,Ministry of Health,8,0,f,f,Operational,-1.366667,38.016667
15165,Mbogoini Dispensary,Nakuru,Subukia,Dispensary,Ministry of Health,0,0,f,f,Operational,-0.303099,36.080026
16246,Mbondoni Dispensary (Mwingi),Kitui,Mwingi Central,Dispensary,Ministry of Health,0,0,f,f,Operational,-1.366667,38.016667
12508,Mbooni District Hospital,Makueni,Mbooni West,District Hospital,Ministry of Health,41,5,f,f,Operational,-1.8,37.616667
17287,Mboroga Dispensary,Meru,Buuri,Dispensary,Ministry of Health,0,0,f,f,Operational,0.05,37.65
13081,Mbotela Clinic,Nairobi,Makadara,Medical Clinic,Local Authority,0,0,f,f,Operational,-1.286389,36.817223
17061,Mbugiti Dispensary,Murang'a,Gatanga,Dispensary,Ministry of Health,0,0,f,f,Operational,-0.716667,37.15
11590,Mbuguni Dispensary,Kwale,Matuga,Dispensary,Ministry of Health,0,0,f,f,Operational,-4.183333,39.45
16968,Mbuini Dispensary,Makueni,Kilungu,Dispensary,Ministry of Health,0,0,f,f,Operational,-1.8,37.616667
11591,Mbulia Dispensary,Taita Taveta,Voi,Dispensary,Ministry of Health,0,0,f,f,Operational,,
12509,Mbusyani Dispensary,Kitui,Kisasi,Dispensary,Ministry of Health,0,0,f,f,Operational,-1.366667,38.016667
11592,Mbuta Model Health Centre,Mombasa,Likoni,Dispensary,Ministry of Health,4,0,f,f,Operational,-4.043477,39.668205
20271,Mbuvo Health Centre,Makueni,Makueni,Health Centre,Ministry of Health,10,6,f,f,Operational,-1.8,37.616667
11593,Mbuwani Dispensary,Kwale,Msambweni,Dispensary,Ministry of Health,0,0,f,f,Operational,-4.183333,39.45
18480,Mbuyu Dispensary,Nyandarua,Nyandarua North,Dispensary,Ministry of Health,0,0,f,f,Operational,-0.183333,36.366667
11594,Mbwajumwali Dispensary,Lamu,Lamu East,Dispensary,Ministry of Health,0,0,f,f,Operational,-2.266667,40.9
18242,Mbwinjeru Methodist Dispensary,Meru,Meru Central,Dispensary,Christian Health Association of Kenya,0,0,f,f,Operational,0.05,37.65
10715,Mchana Estate Dispensary,Kiambu,Ruiru,Dispensary,Private Enterprise (Institution),0,0,f,f,Operational,-1.166667,36.833333
17927,MCK Kiirigu Dispensary,Tharaka Nithi,Maara,Dispensary,Christian Health Association of Kenya,0,0,f,f,Operational,,
13800,Mecheo Dispensary,Nyamira,Borabu,Dispensary,Ministry of Health,1,0,f,f,Operational,-0.633333,34.933333
16014,Mechimeru Dispensary,Bungoma,Bungoma South,Dispensary,Ministry of Health,6,0,f,f,Operational,0.566667,34.566667
20573,Medanta AfriCare krishna Park,Nairobi,Westlands,Laboratory (Stand-alone),Private Practice - Medical Specialist,0,0,f,f,Operational,-1.286389,36.817223
19505,Medanta Africare Medical Centre,Nairobi,Westlands,Medical Centre,Private Enterprise (Institution),13,0,f,f,Operational,-1.286389,36.817223
20451,Medecins Du Monde/France (Kangemi Kang'ora),Nairobi,Westlands,Health Programme,Humanitarian Agencies,0,0,f,f,Operational,-1.286389,36.817223
20901,Medhiram Medical Centre (Masaba North),Nyamira,North Masaba,Medical Clinic,Private Practice - General Practitioner,6,2,f,f,Operational,-0.633333,34.933333
19099,Medical and Dental Clinic,Nairobi,Langata,Medical Clinic,Private Practice - Medical Specialist,0,0,f,f,Operational,-1.286389,36.817223
10716,Medical Centre Clinic,Kirinyaga,Kirinyaga Central,Medical Clinic,Private Practice - Clinical Officer,0,0,f,f,Operational,-0.5,37.283333
19496,Medical Clinic,Nairobi,Westlands,Medical Clinic,Private Practice - Clinical Officer,0,0,f,f,Operational,-1.286389,36.817223
19493,Medical Link Integrated Health Program,Nairobi,Makadara,Medical Clinic,Non-Governmental Organizations,0,0,f,f,Pending Opening,-1.286389,36.817223
19834,Medical Plaza Clinic Banana,Kiambu,Kiambu,Medical Clinic,Private Practice - Clinical Officer,0,0,f,f,Operational,-1.166667,36.833333
13801,Medicare Medical Clinic (Manga),Nyamira,Manga,Medical Clinic,Private Enterprise (Institution),8,0,f,f,Operational,-0.633333,34.933333
21274,Medicure Medical Clinic,Kirinyaga,Kirinyaga South,Medical Clinic,Private Practice - General Practitioner,0,0,f,f,Operational,-0.5,37.283333
15167,Mediheal Hospital,Uasin Gishu,Eldoret East,Other Hospital,Private Enterprise (Institution),40,6,f,f,Operational,0.514277,35.269779
13408,Medina Health Centre,Garissa,Garissa,Health Centre,Ministry of Health,0,0,f,f,Operational,-0.456944,39.658333
20599,Medisol Clinic,Machakos,Athi River,Medical Clinic,Private Practice - Nurse / Midwife,0,0,f,f,Operational,-1.516667,37.266667
18040,Meditrust Health Care Services,Mombasa,Kisauni,Medical Clinic,Private Practice - General Practitioner,10,0,f,f,Operational,-4.043477,39.668205
21195,Medizone Medical Centre,Kiambu,Ruiru,Medical Clinic,Private Practice - Clinical Officer,0,0,f,f,Operational,-1.166667,36.833333
19176,Meds Pharmaciticals Ongata Rongai,Kajiado,Kajiado North,Medical Clinic,Private Practice - General Practitioner,0,0,f,f,Operational,-1.85,36.783333
21216,Medstops Healthcare Kenya (Masaba north),Nyamira,North Masaba,Medical Clinic,Private Practice - Clinical Officer,10,1,f,f,Operational,-0.633333,34.933333
16688,Meguara Dispensary,Narok,Trans Mara West - Dikirr,Dispensary,Ministry of Health,0,0,f,f,Operational,-1.083333,35.866667
15168,Megwara Dispensary,Narok,Narok South,Dispensary,Ministry of Health,0,0,f,f,Operational,-1.083333,35.866667
15169,Meibeki Dispensary,Uasin Gishu,Eldoret East,Dispensary,Ministry of Health,0,0,f,f,Operational,0.516667,35.283333
13086,Melchezedek Hospital,Nairobi,Dagoretti North,Other Hospital,Private Enterprise (Institution),20,4,f,f,Operational,-1.286389,36.817223
20072,Melchizedek Hospital Karen,Nairobi,Langata,Medical Clinic,Private Enterprise (Institution),0,0,f,f,Operational,-1.286389,36.817223
18290,Melkasons Clinic,Kisumu,Seme,Medical Clinic,Private Practice - Nurse / Midwife,0,0,f,f,Operational,-0.10221,34.761711
15170,Melwa Health Centre,Laikipia,Laikipia West,Health Centre,Ministry of Health,0,0,f,f,Operational,0.366667,37.033333
11205,Memon Medical Centre,Mombasa,Mvita,Medical Clinic,Private Practice - Unspecified,0,0,f,f,Operational,-4.043477,39.668205
17025,Menegai Medical Clinic,Nakuru,Nakuru North,Medical Clinic,Private Practice - Clinical Officer,0,0,f,f,Operational,-0.303099,36.080026
18688,Menengai Crator Dispensary,Nakuru,Nakuru North,Dispensary,Ministry of Health,0,0,f,f,Operational,-0.303099,36.080026
17021,Menengai Health Care Services,Kilifi,Kilifi South,Medical Clinic,Private Practice - Nurse / Midwife,0,0,f,f,Operational,-4.043477,39.668205
20138,Menengai Health Centre,Nakuru,Nakuru,Health Centre,Ministry of Health,0,0,f,f,Pending Opening,-0.303099,36.080026
15171,Menet Dispensary,Bomet,Bomet Central,Dispensary,Ministry of Health,0,0,f,f,Operational,-0.783333,35.35
15172,Mentera Dispensary,Kericho,Kipkelion,Dispensary,Ministry of Health,4,0,f,f,Operational,-0.366667,35.283333
19019,Mephi Medical Clinic,Kilifi,Kilifi South,Medical Clinic,Private Practice - Nurse / Midwife,0,0,f,f,Operational,-3.633333,39.85
20566,Mephibosheth Medical Clinic,Kitui,Kyuso,Medical Clinic,Private Practice - Clinical Officer,2,2,f,f,Operational,-1.366667,38.016667
13088,Mercillin Afya Centre,Nairobi,Kibra,Maternity Home,Community,5,0,f,f,Operational,-1.286389,36.817223
20232,Mercy Clinic,Nakuru,Gilgil,Medical Clinic,Private Practice - Nurse / Midwife,0,0,f,f,Operational,-0.303099,36.080026
12511,Mercy Clinic (Ikutha),Kitui,Ikutha,Medical Clinic,Private Enterprise (Institution),0,0,f,f,Operational,-1.366667,38.016667
17466,Mercy Health Centre,Uasin Gishu,Eldoret West,Health Centre,Other Faith Based,0,0,f,f,Operational,0.514277,35.269779
10563,Mercy Medical (Kianugu) Clinic,Kirinyaga,Kirinyaga South,Medical Clinic,Private Practice - Nurse / Midwife,0,0,f,f,Operational,-0.5,37.283333
18135,Mercy Medical Clinic,Makueni,Makueni,Medical Clinic,Private Practice - Clinical Officer,0,0,f,f,Operational,-1.8,37.616667
19179,Mercy Medical Clinic,Meru,Igembe North,Medical Clinic,Private Practice - Nurse / Midwife,0,0,f,f,Operational,0.05,37.65
12512,Mercy Medical Clinic (Embu),Embu,Manyatta,Medical Clinic,Private Enterprise (Institution),0,0,f,f,Operational,-0.533333,37.45
18904,Mercy Medical Clinic (Kitui Central),Kitui,Kitui Central,Medical Clinic,Private Practice - Clinical Officer,0,0,f,f,Operational,-1.366667,38.016667
18974,Mercy Medical Clinic Engineer,Nyandarua,Nyandarua South,Medical Clinic,Private Practice - Nurse / Midwife,0,0,f,f,Operational,-0.183333,36.366667
18691,Mercy Mission Medical Dispensary,Makueni,Mukaa,Dispensary,Kenya Episcopal Conference-Catholic Secretariat,2,0,f,f,Operational,-1.8,37.616667
15175,Mercy Mobile Clinic (Kipkelion),Kericho,Kipkelion,Dispensary,Kenya Episcopal Conference-Catholic Secretariat,4,0,f,f,Operational,-0.366667,35.283333
15177,Merewet Dispensary,Uasin Gishu,Eldoret West,Dispensary,Ministry of Health,0,0,f,f,Operational,0.514277,35.269779
13409,Meri Health Centre,Wajir,Habaswein,Health Centre,Ministry of Health,0,0,f,f,Operational,1.75,40.066667
13109,Meridian Equator Hospital,Nairobi,Langata,Other Hospital,Private Enterprise (Institution),54,0,f,f,Operational,-1.286389,36.817223
20827,Meridian Hospital Kiserian,Kajiado,Kajiado North,Other Hospital,Private Practice - General Practitioner,23,2,f,f,Operational,-1.286389,36.817223
18351,Meridian Medical Centre,Mombasa,Mvita,Medical Clinic,Private Practice - General Practitioner,0,0,f,f,Operational,-1.286389,36.817223
13084,Meridian Medical Centre (Buruburu),Nairobi,Makadara,Medical Clinic,Private Enterprise (Institution),0,0,f,f,Operational,-1.286389,36.817223
18631,Meridian Medical Centre (Meru),Meru,Imenti North,Medical Clinic,Private Practice - General Practitioner,0,0,f,f,Operational,-1.286389,36.817223
19696,Meridian Medical Centre Kitengela,Kajiado,Isinya,Medical Clinic,Private Practice - General Practitioner,0,0,f,f,Operational,-1.85,36.783333
18371,Meridian Medical Centre Nakuru,Nakuru,Nakuru,Medical Clinic,Private Enterprise (Institution),0,0,f,f,Operational,-1.286389,36.817223
19799,Meridian Medical Centre Nyeri,Nyeri,Nyeri Central,Medical Clinic,Private Enterprise (Institution),0,0,f,f,Operational,-0.416667,36.95
18528,Meridian Medical Centre- Nyeri Town,Nyeri,Nyeri South,Medical Clinic,Private Practice - General Practitioner,0,0,f,f,Operational,-1.286389,36.817223
18085,Meridian Medical Centre Ongata Rongai,Kajiado,Kajiado North,Medical Clinic,Private Practice - General Practitioner,0,0,f,f,Operational,-1.286389,36.817223
20104,Meridian Medical centre(Nation Centre Bldg ),Nairobi,Starehe,Medical Centre,Private Practice - General Practitioner,0,0,f,f,Operational,-1.286389,36.817223
20957,Meridian Medical Centre-Kisumu,Kisumu,Kisumu East,Medical Clinic,Private Practice - General Practitioner,0,0,f,f,Operational,-1.286389,36.817223
17727,Meridian Medical Donholm Clinic,Nairobi,Embakasi West,Medical Clinic,Private Practice - General Practitioner,1,0,f,f,Operational,-1.286389,36.817223
15178,Merigi Dispensary,Bomet,Bomet East,Dispensary,Ministry of Health,0,0,f,f,Operational,-0.783333,35.35
16217,Merille Dispensary,Marsabit,Marsabit South,Dispensary,Ministry of Health,0,0,f,f,Operational,2.333333,37.983333
15179,Merto Dispensary,Kericho,Kericho,Dispensary,Ministry of Health,0,0,f,f,Operational,-0.366667,35.283333
21015,Meru Beyond Zero Mobile Clinic,Meru,Imenti North,Medical Clinic,Ministry of Health,0,0,f,f,Operational,0.05,37.65
18731,Meru Consultant Clinic,Meru,Imenti North,Medical Clinic,Private Enterprise (Institution),0,0,f,f,Operational,0.05,37.65
16602,Meru Dental Services,Meru,Imenti North,Medical Clinic,Private Enterprise (Institution),0,0,f,f,Operational,0.05,37.65
16603,Meru Diagnostic Centre,Meru,Imenti North,Medical Clinic,Private Enterprise (Institution),0,0,f,f,Operational,0.05,37.65
18700,Meru Diagnostic Centre,Meru,Imenti North,Not in List,Private Practice - Unspecified,0,0,f,f,Operational,0.05,37.65
12516,Meru District Hospital,Meru,Imenti North,District Hospital,Ministry of Health,306,17,f,f,Operational,0.05,37.65
18653,Meru Eye Care Services,Meru,Imenti North,Eye Clinic,Private Practice - Unspecified,0,0,f,f,Operational,0.05,37.65
19113,Meru Funeral Home,Meru,Imenti North,Funeral Home (Stand-alone),Private Practice - Medical Specialist,0,0,f,f,Operational,0.05,37.65
19102,Meru Gynecologist Centre,Meru,Imenti North,Medical Clinic,Private Practice - Medical Specialist,0,0,f,f,Operational,0.05,37.65
20053,Meru Kmtc Student/Staff Clinic,Meru,Imenti North,Medical Clinic,Ministry of Health,0,0,f,f,Operational,0.05,37.65
17266,Meru Technical Training College Clinic,Meru,Imenti North,Medical Clinic,Academic (if registered),2,1,f,f,Operational,0.05,37.65
20034,Mesedith Medical Clinic,Kiambu,Kiambu,Medical Clinic,Private Practice - Nurse / Midwife,0,0,f,f,Operational,-1.166667,36.833333
17251,Meswo Medical Clinic,Nandi,Chesumei,Medical Clinic,Private Practice - Unspecified,0,0,f,f,Operational,0.166667,35.133333
13802,Metaburo Health Centre,Kisii,South Gucha,Dispensary,Kenya Episcopal Conference-Catholic Secretariat,7,0,f,f,Operational,-0.683333,34.766667
15181,Meteitei Sub-District Hospital,Nandi,Tinderet,Sub-District Hospital,Ministry of Health,28,5,f,f,Operational,0.166667,35.133333
17079,Meti Dispensary,Tana River,Bura,Dispensary,Ministry of Health,0,0,f,f,Operational,-1.5,40.033333
19463,Metropolitan Dr Plaza,Nairobi,Makadara,Medical Clinic,Private Practice - General Practitioner,0,0,f,f,Operational,-1.286389,36.817223
13090,Metropolitan Hospital Nairobi,Nairobi,Makadara,Other Hospital,Private Enterprise (Institution),46,8,f,f,Operational,-1.286389,36.817223
20200,Metropolitan Medical Clinic - Kehancha,Migori,Kuria West,Medical Clinic,Private Practice - Clinical Officer,1,0,f,f,Operational,-1.066667,34.466667
15183,Metta Dispensary,Nakuru,Njoro,Health Centre,Ministry of Health,0,0,f,f,Not-Operational,-0.303099,36.080026
11600,Mewa Hospital,Mombasa,Mvita,Other Hospital,Other Faith Based,30,20,f,f,Operational,-4.043477,39.668205
20192,Meyan Dispensary,Turkana,Turkana North,Dispensary,Ministry of Health,0,0,f,f,Not-Operational,3.116667,35.6
19303,Mfariji Medical Clinic,Kitui,Kitui Central,Medical Clinic,Private Practice - Nurse / Midwife,0,0,f,f,Operational,-1.366667,38.016667
11601,Mgamboni Dispensary,Kilifi,Kaloleni,Dispensary,Ministry of Health,0,0,f,f,Operational,-3.633333,39.85
11602,Mgange Dawida Dispensary,Taita Taveta,Wundanyi,Dispensary,Ministry of Health,0,0,f,f,Operational,,
12518,Miambani Catholic,Kitui,Kitui Central,Dispensary,Kenya Episcopal Conference-Catholic Secretariat,0,0,f,f,Operational,-1.366667,38.016667
12519,Miambani Health Centre,Kitui,Kitui Central,Health Centre,Ministry of Health,14,0,f,f,Operational,-1.366667,38.016667
12520,Miangeni Dispensary (Mbooni),Makueni,Mbooni East,Dispensary,Ministry of Health,0,0,f,f,Operational,-1.8,37.616667
11605,Miasenyi Dispensary,Taita Taveta,Voi,Dispensary,Ministry of Health,0,0,f,f,Operational,,
16234,Miathene District Hospital,Meru,Tigania West,District Hospital,Ministry of Health,42,0,f,f,Operational,0.05,37.65
20583,Microbiology Reference Lab,Nairobi,Kibra,Laboratory (Stand-alone),Ministry of Health,0,0,f,f,Operational,-1.286389,36.817223
13091,Mid Hill Medical Clinic,Nairobi,Dagoretti North,Health Centre,Private Enterprise (Institution),10,0,f,f,Operational,-1.286389,36.817223
17342,Midida Dispensary,Migori,Uriri,Dispensary,Community Development Fund,0,0,f,f,Operational,-1.066667,34.466667
21184,Midodo Obuya Joy Haugesend,Homa Bay,Ndhiwa,Dispensary,Christian Health Association of Kenya,3,3,f,f,Operational,-0.516667,34.45
11609,Midoina Dispensary,Kilifi,Ganze,Dispensary,Ministry of Health,0,0,f,f,Operational,-3.633333,39.85
19633,Mid-Point Health Services,Nairobi,Roysambu,Medical Clinic,Private Practice - General Practitioner,0,0,f,f,Operational,-1.286389,36.817223
18605,Mid-Town Reoproductive Health and Youth Friendly,Nakuru,Nakuru,Medical Clinic,Private Practice - Nurse / Midwife,0,0,f,f,Operational,-0.303099,36.080026
17737,Migori Health Station Clinic,Migori,Migori,Medical Clinic,Private Practice - General Practitioner,2,0,f,f,Operational,-1.066667,34.466667
13807,Migosi Health Centre,Kisumu,Kisumu East,Health Centre,Local Authority,12,0,f,f,Operational,-0.10221,34.761711
12523,Migwani Sub-District Hospital,Kitui,Mwingi West,Sub-District Hospital,Ministry of Health,47,0,f,f,Operational,-1.366667,38.016667
10727,Mihang'o Dispensary,Murang'a,Muranga South,Dispensary,Ministry of Health,0,0,f,f,Operational,-0.716667,37.15
19791,Miharate Medical Clinic,Nyandarua,Kipipiri,Medical Clinic,Private Practice - Clinical Officer,0,0,f,f,Operational,-0.183333,36.366667
10729,Mihuti Dispensary (Nyeri South),Nyeri,Mukurweini,Dispensary,Ministry of Health,0,0,f,f,Operational,-0.416667,36.95
20852,Miiri Community Dispensary,Kiambu,Gatundu North,Dispensary,Ministry of Health,0,0,f,f,Operational,-1.166667,36.833333
11610,Mijomboni Dispensary,Kilifi,Kilifi North,Dispensary,Ministry of Health,2,0,f,f,Operational,-3.216667,40.116667
11611,Mikanjuni Family Medical Clinic,Mombasa,Changamwe,Medical Clinic,Private Enterprise (Institution),0,0,f,f,Operational,-4.043477,39.668205
11612,Mikanjuni Medical Clinic,Mombasa,Changamwe,Medical Clinic,Private Enterprise (Institution),0,0,f,f,Operational,-4.043477,39.668205
10731,Mikaro Dispensary,Nyandarua,Kinangop,Dispensary,Ministry of Health,0,0,f,f,Operational,-0.183333,36.366667
19050,Mikeu PCEA Medical Centre,Nakuru,Molo,Dispensary,Other Faith Based,0,0,f,f,Operational,-0.303099,36.080026
11613,Mikindani (MCM) Dispensary,Mombasa,Changamwe,Dispensary,Local Authority,0,0,f,f,Operational,-4.043477,39.668205
11615,Mikindani Medical Clinic,Mombasa,Changamwe,Medical Clinic,Private Enterprise (Institution),0,0,f,f,Operational,-4.043477,39.668205
17599,Mikongoni Dispensary,Kitui,Ikutha,Dispensary,Ministry of Health,0,0,f,f,Operational,-1.366667,38.016667
12526,Mikumbune Sub-District Hospital,Meru,Imenti South,Sub-District Hospital,Ministry of Health,22,2,f,f,Operational,0.05,37.65
17004,Mikuyuni Dispensary,Kitui,Kitui Central,Dispensary,Ministry of Health,0,0,f,f,Operational,-1.366667,38.016667
19924,Mikuyuni Dispensary-Masinga,Machakos,Masinga,Dispensary,Ministry of Health,0,1,f,f,Pending Opening,-1.516667,37.266667
18247,Milaani Dispensary,Machakos,Masinga,Dispensary,Ministry of Health,0,2,f,f,Operational,-1.516667,37.266667
18552,Milcelt Medical Clinic,Kiambu,Ruiru,Medical Clinic,Private Practice - Nurse / Midwife,0,0,f,f,Operational,-0.533333,37.45
20018,Milele Integrated Medical Services,Nairobi,Roysambu,Medical Clinic,Private Practice - General Practitioner,0,0,f,f,Operational,-1.286389,36.817223
20332,Milenye Dispensary,Kisumu,Muhoroni,Dispensary,Ministry of Health,0,0,f,f,Operational,-0.10221,34.761711
19059,Miliki Afya,Kajiado,Kajiado North,Medical Clinic,Private Enterprise (Institution),0,0,f,f,Operational,-1.85,36.783333
20537,Miliki Afya Limited,Nairobi,Dagoretti South,Medical Clinic,Private Practice - General Practitioner,0,0,f,f,Operational,-1.286389,36.817223
15186,Milima Tatu Dispensary,Turkana,Turkana North,Dispensary,Ministry of Health,0,0,f,f,Operational,3.116667,35.6
19262,Milimani Eye Clinic,Meru,Igembe South,Medical Clinic,Private Practice - Clinical Officer,0,0,f,f,Operational,0.05,37.65
13808,Milimani Hospital,Kisumu,Kisumu East,Other Hospital,Private Enterprise (Institution),26,4,f,f,Operational,-0.10221,34.761711
12527,Milimani Nursing Home,Meru,Imenti North,Nursing Home,Private Enterprise (Institution),21,0,f,f,Operational,0.05,37.65
19478,Millenium Dental Clinic,Nairobi,Makadara,Medical Clinic,Private Practice - General Practitioner,0,0,f,f,Operational,-1.286389,36.817223
16018,Milo Health Centre,Bungoma,Bungoma East,Health Centre,Ministry of Health,4,0,f,f,Operational,0.566667,34.566667
17792,Miloreni Dispensary,Nakuru,Subukia,Dispensary,Ministry of Health,0,0,f,f,Operational,-0.303099,36.080026
16019,Miluki Dispensary,Bungoma,Bumula,Dispensary,Ministry of Health,0,0,f,f,Operational,0.566667,34.566667
16766,Miniambo Dispensary,Homa Bay,Homa Bay,Dispensary,Ministry of Health,0,0,f,f,Operational,-0.516667,34.45
15187,Minjore Dispensary,Laikipia,Laikipia West,Dispensary,Ministry of Health,2,0,f,f,Operational,0.366667,37.033333
19103,Minoptic Eye Clinic,Meru,Imenti North,Medical Clinic,Private Practice - Clinical Officer,0,0,f,f,Operational,0.05,37.65
13809,Minyenya Dispensary,Migori,Rongo,Dispensary,Ministry of Health,5,0,f,f,Operational,-1.066667,34.466667
19030,Miraj Medical Centre,Wajir,Habaswein,Medical Clinic,Private Practice - Clinical Officer,0,0,f,f,Operational,1.75,40.066667
20907,Miranga Dispensary,Kisumu,Muhoroni,Dispensary,Ministry of Health,1,0,f,f,Operational,-0.10221,34.761711
11616,Miranga Medical Clinic,Mombasa,Changamwe,Medical Clinic,Private Enterprise (Institution),0,0,f,f,Not-Operational,-4.043477,39.668205
13810,Miranga Sub District Hospital,Kisumu,Seme,Sub-District Hospital,Ministry of Health,13,0,f,f,Operational,-0.10221,34.761711
10732,Mirangine Health Centre,Nyandarua,Mirangine,Health Centre,Ministry of Health,10,0,f,f,Operational,-0.183333,36.366667
17931,Mirere Health Centre,Kakamega,Matungu,Health Centre,Ministry of Health,10,0,f,f,Operational,0.284767,34.752308
18702,Mirigamieru Health Services,Meru,Imenti North,Medical Clinic,Private Practice - Nurse / Midwife,0,0,f,f,Operational,0.05,37.65
11618,Mirihini Dispensary,Kilifi,Ganze,Dispensary,Ministry of Health,0,0,f,f,Operational,-3.633333,39.85
13811,Miriri Dispensary,Nyamira,North Masaba,Dispensary,Ministry of Health,3,0,f,f,Operational,-0.633333,34.933333
17822,Miritini (MCM) Dispensary,Mombasa,Changamwe,Dispensary,Local Authority,0,0,f,f,Operational,-4.043477,39.668205
11620,Miritini CDF Dispensary,Mombasa,Changamwe,Dispensary,Ministry of Health,0,0,f,f,Operational,-4.043477,39.668205
13812,Miriu Health Centre,Homa Bay,Rachuonyo North,Health Centre,Ministry of Health,5,0,f,f,Operational,-0.516667,34.45
15188,Mirugi Kariuki Dispensary,Nakuru,Nakuru,Dispensary,Ministry of Health,0,0,f,f,Operational,-0.303099,36.080026
13814,Misesi Dispensary (Gucha),Kisii,Gucha,Dispensary,Ministry of Health,0,0,f,f,Operational,-0.683333,34.766667
19950,Misikhu Main Medical Clinic,Bungoma,Bungoma East,Medical Clinic,Private Practice - Clinical Officer,0,0,f,f,Operational,0.566667,34.566667
17679,Misikhu Medicalcclinic,Bungoma,Bungoma East,Medical Clinic,Private Practice - General Practitioner,0,0,f,f,Operational,0.566667,34.566667
15189,Miskwony Dispensary,West Pokot,West Pokot,Dispensary,Ministry of Health,0,0,f,f,Operational,1.233333,35.116667
13815,Misori Dispensary,Siaya,Rarieda,Dispensary,Ministry of Health,3,0,f,f,Operational,0.066667,34.283333
11622,Mission K Clinic,Lamu,Lamu West,Medical Clinic,Private Practice - Nurse / Midwife,0,0,f,f,Operational,-2.266667,40.9
20943,Mission of Hope International Medical Centre,Machakos,Machakos,Health Centre,Other Faith Based,4,2,f,f,Pending Opening,-1.516667,37.266667
12529,Misyani Catholic Health Centre,Machakos,Kangundo,Health Centre,Kenya Episcopal Conference-Catholic Secretariat,16,10,f,f,Operational,-1.516667,37.266667
12530,Mitaboni Health Centre,Machakos,Kathiani,Health Centre,Ministry of Health,6,0,f,f,Operational,-1.516667,37.266667
12732,Mitaboni Mission Dispensary,Machakos,Kathiani,Medical Clinic,Other Faith Based,0,0,f,f,Operational,-1.516667,37.266667
12531,Mitamisyi Dispensary,Kitui,Kyuso,Dispensary,Ministry of Health,0,0,f,f,Operational,-1.366667,38.016667
20032,Mithikwani Dispensary,Kitui,Kitui Central,Dispensary,Ministry of Health,0,0,f,f,Pending Opening,-1.366667,38.016667
15190,Miti-Mingi Dispensary,Nakuru,Gilgil,Dispensary,Ministry of Health,6,0,f,f,Operational,-0.303099,36.080026
20207,Mitini Miracle Revival Church Clinic,Makueni,Kilungu,Medical Clinic,Other Faith Based,2,0,f,f,Operational,-1.8,37.616667
18752,Mitume Dispensary,Trans Nzoia,Trans Nzoia West,Dispensary,Local Authority,10,4,f,f,Pending Opening,1.016667,34.983333
19260,Mitume Dispensary Kitale,Trans Nzoia,Trans Nzoia West,Dispensary,Ministry of Health,2,1,f,f,Operational,1.016667,34.983333
17129,Mitunguu Catholic Dispensary,Meru,Imenti South,Dispensary,Kenya Episcopal Conference-Catholic Secretariat,0,0,f,f,Operational,0.05,37.65
12533,Mitunguu Ccs Dispensary,Meru,Imenti South,Dispensary,Christian Health Association of Kenya,0,0,f,f,Operational,0.05,37.65
12534,Mitunguu Dispensary,Meru,Imenti South,Dispensary,Ministry of Health,0,0,f,f,Operational,0.05,37.65
12535,Mitunguu Medical Services,Meru,Imenti South,Medical Clinic,Private Practice - Nurse / Midwife,0,0,f,f,Operational,0.05,37.65
16236,Mituntu Cottage Hospital,Meru,Tigania West,Other Hospital,Private Enterprise (Institution),0,0,f,f,Operational,0.05,37.65
20981,Mituvu Dispensary,Makueni,Mbooni East,Dispensary,Ministry of Health,2,2,f,f,Not-Operational,-1.8,37.616667
12538,Miumbuni Dispensary,Machakos,Kathiani,Dispensary,Ministry of Health,1,0,f,f,Operational,-1.516667,37.266667
12539,Mivukoni Health Centre,Kitui,Kyuso,Health Centre,Ministry of Health,0,0,f,f,Operational,-1.366667,38.016667
11624,Mivumoni (Catholic) Dispensary,Kwale,Msambweni,Dispensary,Kenya Episcopal Conference-Catholic Secretariat,0,0,f,f,Operational,-4.183333,39.45
13816,Miwani Dispensary,Kisumu,Muhoroni,Dispensary,Ministry of Health,0,0,f,f,Operational,-0.10221,34.761711
11625,Mizijini Dispensary,Kilifi,Magarini,Dispensary,Ministry of Health,0,0,f,f,Operational,-3.216667,40.116667
21213,Mjanaheri Dispensary,Kilifi,Magarini,Dispensary,Ministry of Health,0,0,f,f,Operational,-3.633333,39.85
11626,Mjeni Medical Clinic,Mombasa,Kisauni,Medical Clinic,Private Enterprise (Institution),0,0,f,f,Operational,-4.043477,39.668205
13093,Mji Wa Huruma Dispensary,Nairobi,Westlands,Dispensary,Local Authority,0,0,f,f,Operational,-1.286389,36.817223
11627,Mkang'ombe Dispensary,Kwale,Kinango,Dispensary,Ministry of Health,0,0,f,f,Operational,-4.183333,39.45
11628,Mkokoni Dispensary,Lamu,Lamu East,Dispensary,Ministry of Health,0,0,f,f,Operational,-2.266667,40.9
11629,Mkongani Dispensary,Kwale,Matuga,Health Centre,Ministry of Health,0,0,f,f,Operational,-4.183333,39.45
11630,Mkundi Dispensary,Kwale,Matuga,Dispensary,Ministry of Health,0,0,f,f,Operational,-4.183333,39.45
13094,Mkunga Clinic,Nairobi,Embakasi North,Medical Clinic,Private Enterprise (Institution),6,0,f,f,Operational,-1.286389,36.817223
11631,Mkunumbi Dispensary,Lamu,Lamu West,Dispensary,Ministry of Health,0,0,f,f,Operational,-2.266667,40.9
11633,Mkwiro Dispensary,Kwale,Msambweni,Dispensary,Ministry of Health,0,0,f,f,Operational,-4.183333,39.45
11634,Mlaleo Health Centre,Mombasa,Kisauni,Nursing Home,Private Enterprise (Institution),12,0,f,f,Operational,-4.043477,39.668205
18625,Mlimani Dispensary,Kakamega,Likuyani,Dispensary,Ministry of Health,0,0,f,f,Operational,0.284767,34.752308
18581,Mlolongo Health Centre,Machakos,Athi River,Health Centre,Ministry of Health,0,0,f,f,Operational,-1.516667,37.266667
20036,Mmangani Dispensary,Kilifi,Malindi,Dispensary,Ministry of Health,0,0,f,f,Operational,-3.216667,40.116667
13817,Mnara Dispensary,Kisumu,Muhoroni,Dispensary,Ministry of Health,0,0,f,f,Operational,-0.10221,34.761711
11636,Mnarani Dispensary,Kilifi,Kilifi North,Dispensary,Ministry of Health,0,0,f,f,Operational,-3.633333,39.85
11637,Mnazini Dispensary,Tana River,Tana Delta,Dispensary,Ministry of Health,1,0,f,f,Operational,-1.5,40.033333
11639,Moa Dispensary,Lamu,Lamu West,Dispensary,Ministry of Health,0,0,f,f,Operational,-2.266667,40.9
15191,Mobet Dispensary,Uasin Gishu,Eldoret West,Dispensary,Ministry of Health,0,0,f,f,Operational,0.514277,35.269779
13818,Mochenwa Dispensary,Nyamira,North Masaba,Dispensary,Ministry of Health,1,0,f,f,Operational,-0.633333,34.933333
15192,Mochongoi Health Centre,Baringo,Marigat,Health Centre,Ministry of Health,8,0,f,f,Operational,0.466667,35.966667
17126,Modambogho Dispensary,Taita Taveta,Mwatate,Dispensary,Ministry of Health,0,0,f,f,Operational,,
19668,Modern Mc,Trans Nzoia,Trans Nzoia West,Medical Clinic,Private Practice - Clinical Officer,0,0,f,f,Operational,1.016667,34.983333
19793,Modern Medical Clinic,Nyandarua,Kipipiri,Medical Clinic,Private Practice - Clinical Officer,0,0,f,f,Operational,-0.183333,36.366667
20482,Modesty Outpatient Centre,Kirinyaga,Kirinyaga South,Medical Clinic,Private Practice - General Practitioner,0,0,f,f,Pending Opening,-0.5,37.283333
16021,Moding Health Centre,Busia,Teso North,Health Centre,Ministry of Health,12,0,f,f,Operational,0.46,34.11
12540,Modogashe Dispensary,Isiolo,Garbatula,Dispensary,Ministry of Health,0,0,f,f,Operational,0.35,37.583333
13411,Modogashe Sub-County Hospital,Garissa,Lagdera,District Hospital,Ministry of Health,20,3,f,f,Operational,-0.456944,39.658333
15193,Mogil Health Centre,Elgeyo Marakwet,Marakwet East,Health Centre,Ministry of Health,30,0,f,f,Operational,,
15195,Mogogosiek Health Centre,Bomet,Konoin,Health Centre,Ministry of Health,10,0,f,f,Operational,-0.783333,35.35
16327,Mogoiywet Dispensary,Narok,Trans Mara East,Dispensary,Ministry of Health,0,0,f,f,Operational,-1.083333,35.866667
17713,Mogonga Maternity and Nursing Home (Kenyenya),Kisii,Kenyenya,Nursing Home,Private Practice - Nurse / Midwife,24,0,f,f,Operational,-0.683333,34.766667
17583,Mogonjet Dispensary,Bomet,Konoin,Dispensary,Ministry of Health,0,0,f,f,Operational,-0.783333,35.35
15196,Mogoon Dispensary,Uasin Gishu,Eldoret West,Dispensary,Ministry of Health,12,0,f,f,Operational,0.516667,35.283333
16721,Mogori-Komasimo Health Centre,Migori,Kuria West,Health Centre,Ministry of Health,0,0,f,f,Operational,-1.066667,34.466667
15197,Mogorwa Health Centre,Baringo,Baringo Central,Health Centre,Ministry of Health,10,0,f,f,Operational,0.466667,35.966667
15198,Mogotio Catholic Dispensary,Baringo,Mogotio,Dispensary,Other Faith Based,0,0,f,f,Operational,0.466667,35.966667
18959,Mogotio Medical Clinic,Baringo,Mogotio,Medical Clinic,Private Practice - Clinical Officer,0,0,f,f,Operational,0.466667,35.966667
15199,Mogotio Plantation Dispensary,Nakuru,Rongai,Dispensary,Company Medical Service,0,0,f,f,Operational,-0.303099,36.080026
15200,Mogotio Rhdc,Nakuru,Rongai,Health Centre,Ministry of Health,12,7,f,f,Operational,-0.303099,36.080026
20005,Mogotio Town Dispensary,Baringo,Mogotio,Dispensary,Ministry of Health,0,0,f,f,Operational,0.466667,35.966667
16869,Mogusii Clinic,Nyamira,Borabu,Dispensary,Private Enterprise (Institution),1,0,f,f,Operational,-0.633333,34.933333
15201,Mogwa Dispensary,Kericho,Belgut,Dispensary,Private Enterprise (Institution),0,0,f,f,Operational,-0.366667,35.283333
21099,Mohamed Dahir Dispensary,Garissa,Ijara,Dispensary,Ministry of Health,1,0,f,f,Operational,-0.456944,39.658333
11640,Moi Airport Dispensary,Mombasa,Changamwe,Dispensary,Ministry of Health,0,0,f,f,Operational,-4.043477,39.668205
17485,Moi Baracks,Uasin Gishu,Eldoret West,Health Centre,Armed Forces,12,6,f,f,Operational,0.516667,35.283333
11641,Moi District Hospital Voi,Taita Taveta,Voi,District Hospital,Ministry of Health,112,0,f,f,Operational,,
15205,Moi University Health Centre,Uasin Gishu,Wareng,Health Centre,Ministry of Health,0,0,f,f,Operational,0.514277,35.269779
20151,Moi University Medical Clinic,Trans Nzoia,Trans Nzoia East,Medical Clinic,Private Practice - Nurse / Midwife,0,0,f,f,Operational,1.016667,34.983333
15206,Moiben Health Centre,Uasin Gishu,Eldoret East,Health Centre,Ministry of Health,10,0,f,f,Operational,0.516667,35.283333
17115,Moigutwo Dispensary,Baringo,Baringo North,Dispensary,Ministry of Health,0,0,f,f,Operational,0.466667,35.966667
15208,Moi's Bridge Catholic,Uasin Gishu,Eldoret West,Health Centre,Kenya Episcopal Conference-Catholic Secretariat,0,0,f,f,Operational,0.516667,35.283333
15209,Moi's Bridge Health Centre,Uasin Gishu,Eldoret West,Health Centre,Ministry of Health,22,0,f,f,Operational,0.516667,35.283333
13819,Mokason Clinic,Kisii,Kisii Central,Medical Clinic,Private Enterprise (Institution),0,0,f,f,Operational,-0.683333,34.766667
13820,Mokomoni Health Centre,Nyamira,Borabu,Health Centre,Ministry of Health,0,0,f,f,Operational,-0.633333,34.933333
15211,Mokong Tea Dispensary,Nandi,Nandi East,Dispensary,Company Medical Service,0,0,f,f,Operational,0.166667,35.133333
15212,Molo District Hospital,Nakuru,Molo,District Hospital,Ministry of Health,57,0,f,f,Operational,-0.303099,36.080026
15213,Molo Medical Centre,Nakuru,Molo,Health Centre,Private Enterprise (Institution),0,0,f,f,Operational,-0.303099,36.080026
15214,Molo South Dispensary,Nakuru,Kuresoi,Dispensary,Ministry of Health,8,0,f,f,Operational,-0.303099,36.080026
15215,Molok Dispensary,Baringo,Mogotio,Dispensary,Ministry of Health,0,0,f,f,Operational,0.466667,35.966667
15216,Molos Dispensary,Baringo,Mogotio,Dispensary,Ministry of Health,0,0,f,f,Operational,0.466667,35.966667
15217,Molosirwe Dispensary,Baringo,Mogotio,Dispensary,Ministry of Health,0,0,f,f,Operational,0.466667,35.966667
20280,Mombasa Catholic Health Care Services,Mombasa,Changamwe,Health Programme,Kenya Episcopal Conference-Catholic Secretariat,0,0,f,f,Operational,-4.043477,39.668205
21007,Mombasa County Beyond Zero Mobile Clinic,Mombasa,Mvita,Medical Clinic,Ministry of Health,0,0,f,f,Operational,-4.043477,39.668205
17621,Mombasa Medicare Clinic,Mombasa,Kisauni,Medical Clinic,Private Practice - Nurse / Midwife,0,0,f,f,Operational,-4.043477,39.668205
20597,Mombasa Road Medical centre,Machakos,Athi River,Medical Clinic,Private Practice - Clinical Officer,0,0,f,f,Operational,-1.516667,37.266667
18121,Mombasa Roadside Wellness Centre,Mombasa,Changamwe,Medical Clinic,Non-Governmental Organizations,0,0,f,f,Operational,-4.043477,39.668205
15219,Momoniat Health Centre,Kericho,Kipkelion,Health Centre,Ministry of Health,8,0,f,f,Operational,-0.366667,35.283333
18576,Mong'oni,Nyamira,North Masaba,Dispensary,Ministry of Health,0,0,f,f,Operational,-0.633333,34.933333
16982,Mongorisi Health Centre,Nyamira,Nyamira,Health Centre,Ministry of Health,2,0,f,f,Operational,-0.633333,34.933333
17601,Monguni Dispensary,Kitui,Ikutha,Dispensary,Ministry of Health,0,0,f,f,Operational,-1.366667,38.016667
15220,Monirre Dispensary,Bomet,Sotik,Dispensary,Private Enterprise (Institution),4,0,f,f,Operational,-0.783333,35.35
18810,Montana Hospital,Mombasa,Kisauni,Other Hospital,Private Practice - General Practitioner,6,2,f,f,Operational,-4.043477,39.668205
18447,Moogi Dispensary,Kisii,Kenyenya,Dispensary,Ministry of Health,1,1,f,f,Operational,-0.683333,34.766667
15221,Morijo Dispensary,Samburu,Samburu Central,Dispensary,Kenya Episcopal Conference-Catholic Secretariat,0,0,f,f,Operational,1.316667,36.983333
15222,Morijo Loita Dispensary,Narok,Narok South,Dispensary,Ministry of Health,0,0,f,f,Operational,-1.083333,35.866667
15223,Mormorio Dispensary,Baringo,Baringo North,Dispensary,Ministry of Health,0,0,f,f,Operational,0.466667,35.966667
21056,Morpus Dispensary,West Pokot,Pokot South,Dispensary,Ministry of Health,0,0,f,f,Operational,1.233333,35.116667
16024,Moru Karisa Dispensary,Busia,Teso South,Dispensary,Ministry of Health,0,0,f,f,Operational,0.46,34.11
15225,Morulem Dispensary,Turkana,Turkana East,Dispensary,Ministry of Health,0,0,f,f,Operational,3.116667,35.6
12541,Mosa Dispensary,Kitui,Kisasi,Dispensary,Ministry of Health,0,0,f,f,Operational,-1.366667,38.016667
21196,Mosi Flower Farm Dispensary,Kiambu,Ruiru,Dispensary,Private Enterprise (Institution),0,0,f,f,Operational,-1.286389,36.817223
15227,Mosiro Dispensary,Narok,Narok North,Dispensary,Ministry of Health,1,0,f,f,Operational,-1.083333,35.866667
15226,Mosiro Dispensary (Kajiado North),Kajiado,Kajiado North,Dispensary,Ministry of Health,0,0,f,f,Operational,-1.85,36.783333
19245,Moso Cheptarit Medical Clinic,Nandi,Nandi North,Medical Clinic,Private Practice - General Practitioner,0,0,f,f,Operational,0.166667,35.133333
18580,Mosobeti Dispensary,Nyamira,North Masaba,Dispensary,Ministry of Health,0,0,f,f,Operational,-0.633333,34.933333
20114,Mosocho Market Disp,Kisii,Kisii Central,Dispensary,Ministry of Health,0,0,f,f,Operational,-0.683333,34.766667
15228,Mosore Dispensary,Kericho,Bureti,Dispensary,Ministry of Health,0,0,f,f,Operational,-0.366667,35.283333
19250,Mosoriot Clinic,Nandi,Chesumei,Medical Clinic,Private Practice - General Practitioner,0,0,f,f,Operational,0.166667,35.133333
15229,Mosoriot Rural Health Training Centre,Nandi,Chesumei,Rural Health Training Centre,Ministry of Health,15,2,f,f,Operational,0.514277,35.269779
17363,Most Precious Blood Sisters Dispensary,Kiambu,Kikuyu,Dispensary,Other Faith Based,0,0,f,f,Operational,-1.166667,36.833333
20750,Motagara Health Centre (Nyamira),Nyamira,Nyamira,Health Centre,Ministry of Health,6,2,f,f,Pending Opening,-0.633333,34.933333
13824,Motemorabu Dispensary,Migori,Kuria West,Dispensary,Ministry of Health,0,0,f,f,Operational,-1.066667,34.466667
13096,Mother & Child Hospital,Nairobi,Kamukunji,Dispensary,Private Enterprise (Institution),32,6,f,f,Operational,-1.286389,36.817223
19277,Mother & Child Meridian & Lab Services,Nairobi,Roysambu,Medical Clinic,Private Practice - General Practitioner,0,0,f,f,Operational,-1.286389,36.817223
11645,Mother Amadea Health Centre,Mombasa,Changamwe,Nursing Home,Kenya Episcopal Conference-Catholic Secretariat,22,8,f,f,Operational,-4.043477,39.668205
18298,Mother and Child Clinic Malindi,Kilifi,Malindi,Medical Clinic,Private Practice - Medical Specialist,0,0,f,f,Operational,-4.043477,39.668205
15231,Mother Franciscan Mission Health Centre,Nandi,Chesumei,Health Centre,Kenya Episcopal Conference-Catholic Secretariat,15,2,f,f,Operational,0.166667,35.133333
17724,Mother Ippolata Mukuru Clinic,Nairobi,Embakasi South,Dispensary,Kenya Episcopal Conference-Catholic Secretariat,3,0,f,f,Operational,-1.286389,36.817223
15232,Mother Kevin Dispensary (Catholic),Nakuru,Nakuru,Health Centre,Kenya Episcopal Conference-Catholic Secretariat,17,1,f,f,Operational,-0.303099,36.080026
17654,Mother of Mercy (Machakos),Machakos,Machakos,Dispensary,Kenya Episcopal Conference-Catholic Secretariat,0,0,f,f,Operational,-1.516667,37.266667
13825,Moticho Health Centre,Kisii,South Gucha,Health Centre,Ministry of Health,0,0,f,f,Operational,-0.683333,34.766667
15233,Motiret Dispensary,Bomet,Sotik,Dispensary,Ministry of Health,0,0,f,f,Operational,-0.783333,35.35
16984,Motonto Dispensary (Sameta),Kisii,Sameta,Dispensary,Ministry of Health,0,0,f,f,Operational,-0.683333,34.766667
15234,Motosiet Dispensary,Trans Nzoia,Trans Nzoia East,Dispensary,Ministry of Health,0,0,f,f,Operational,1.016667,34.983333
20834,Mount Olive Sinai Hospital,Kajiado,Kajiado North,Other Hospital,Private Practice - General Practitioner,32,0,f,f,Operational,-1.286389,36.817223
11647,Mount View Nursing & Maternity Home,Taita Taveta,Voi,Nursing Home,Private Enterprise (Institution),0,0,f,f,Operational,,
17754,Mountain View Clinic,Kirinyaga,Kirinyaga West,Medical Clinic,Private Practice - General Practitioner,0,0,f,f,Not-Operational,-0.5,37.283333
13097,Mow Dispensary,Nairobi,Starehe,Dispensary,Other Public Institution,0,0,f,f,Operational,-1.286389,36.817223
20066,Mowlem Diagnostic Medical Centre,Tharaka Nithi,Tharaka South,Medical Clinic,Private Practice - Nurse / Midwife,8,8,f,f,Operational,0.05,37.65
18037,Moyale Afya Medical Clinic,Marsabit,Moyale,Medical Clinic,Private Practice - Clinical Officer,0,0,f,f,Operational,2.333333,37.983333
12543,Moyale Catholic Dispensary,Marsabit,Moyale,Dispensary,Kenya Episcopal Conference-Catholic Secretariat,0,0,f,f,Operational,2.333333,37.983333
12544,Moyale District Hospital,Marsabit,Moyale,District Hospital,Ministry of Health,120,0,f,f,Operational,2.333333,37.983333
12545,Moyale Nursing Home,Marsabit,Moyale,Nursing Home,Private Enterprise (Institution),10,2,f,f,Operational,2.333333,37.983333
13098,Mp Shah Hospital (Westlands),Nairobi,Westlands,Other Hospital,Private Enterprise (Institution),0,0,f,f,Operational,-1.286389,36.817223
17192,Mpala Mobile Clinic,Laikipia,Laikipia West,Health Programme,Non-Governmental Organizations,0,0,f,f,Operational,0.366667,37.033333
15236,Mpalla Dispensary,Laikipia,Laikipia North,Dispensary,Private Enterprise (Institution),4,1,f,f,Operational,0.366667,37.033333
18419,Mpc Mobile Clinic,Mombasa,Mvita,Medical Clinic,Christian Health Association of Kenya,0,0,f,f,Operational,-4.043477,39.668205
11648,Mpeketoni Health Services Clinic,Lamu,Lamu West,Medical Clinic,Private Practice - Clinical Officer,0,0,f,f,Operational,-2.266667,40.9
17694,Mpeketoni Health Sevices (Witu),Lamu,Lamu West,Medical Clinic,Private Practice - Clinical Officer,0,0,f,f,Operational,-2.266667,40.9
11649,Mpeketoni Sub-District Hospital,Lamu,Lamu West,Sub-District Hospital,Ministry of Health,50,0,f,f,Operational,-2.266667,40.9
20851,Mpeli Medical Clinic,Bungoma,Bungoma South,Medical Clinic,Private Practice - Clinical Officer,1,0,f,f,Operational,0.566667,34.566667
11650,Mpinzinyi Health Centre,Taita Taveta,Mwatate,Health Centre,Ministry of Health,4,1,f,f,Operational,,
12546,Mpukoni Health Centre,Tharaka Nithi,Meru South,Health Centre,Ministry of Health,5,1,f,f,Operational,,
11651,Mrima (Catholic) Dispensary,Kwale,Msambweni,Dispensary,Kenya Episcopal Conference-Catholic Secretariat,0,0,f,f,Operational,-4.183333,39.45
19606,Mrima CDF Health Cenre,Mombasa,Likoni,Health Centre,Ministry of Health,0,0,f,f,Operational,-4.043477,39.668205
11225,Mrs - 77 Artillery Battallion (Mariakani),Kilifi,Kaloleni,Other Hospital,Armed Forces,8,0,f,f,Operational,-3.633333,39.85
11652,Mrughua Dispensary,Taita Taveta,Mwatate,Dispensary,Ministry of Health,0,0,f,f,Operational,,
21152,Msaada Healthcare Community Dispensary,Kwale,Msambweni,Dispensary,Private Practice - Clinical Officer,0,0,f,f,Operational,-4.183333,39.45
11655,Msambweni District Hospital,Kwale,Msambweni,District Hospital,Ministry of Health,155,0,f,f,Operational,-4.183333,39.45
13828,Msare Health Centre,Homa Bay,Suba,Health Centre,Ministry of Health,2,0,f,f,Operational,-0.516667,34.45
20300,Mshongoleni Community Dispensary,Kilifi,Malindi,Dispensary,Community,0,0,f,f,Operational,-3.216667,40.116667
18055,Msomi Complex Medical Clinic,Migori,Migori,Medical Clinic,Christian Health Association of Kenya,4,0,f,f,Operational,-1.066667,34.466667
11658,Msulwa Dispensary,Kwale,Matuga,Dispensary,Ministry of Health,0,0,f,f,Operational,-4.183333,39.45
11659,Msumarini Dispensary,Kilifi,Kilifi South,Dispensary,Ministry of Health,0,0,f,f,Operational,-3.633333,39.85
19742,Mt Elgon Annex Clinics,Trans Nzoia,Trans Nzoia West,Medical Clinic,Private Practice - Medical Specialist,0,0,f,f,Operational,1.016667,34.983333
19857,Mt Elgon Annex Clinics -Dr Manuthu,Trans Nzoia,Trans Nzoia West,Medical Clinic,Private Practice - Medical Specialist,0,0,f,f,Operational,1.016667,34.983333
19385,Mt Elgon Clinic,Bungoma,Cheptais,Medical Clinic,Private Practice - Nurse / Midwife,2,0,f,f,Operational,0.566667,34.566667
16025,Mt Elgon District Hospital,Bungoma,Mt Elgon,District Hospital,Ministry of Health,31,0,f,f,Operational,0.566667,34.566667
15240,Mt Elgon National Park Dispensary,Trans Nzoia,Kwanza,Dispensary,Ministry of Health,0,0,f,f,Operational,1.016667,34.983333
10738,Mt Kenya (ACK) Hospital,Kirinyaga,Kirinyaga Central,Nursing Home,Christian Health Association of Kenya,37,0,f,f,Operational,-0.5,37.283333
19766,Mt Kenya Junior Academy,Nyeri,Nyeri Central,Medical Clinic,Private Enterprise (Institution),0,0,f,f,Operational,-0.416667,36.95
18015,Mt Kenya Kabiruini Medical Clinic,Nyeri,Mathira West,Medical Clinic,Private Practice - Nurse / Midwife,0,0,f,f,Operational,-0.416667,36.95
19765,Mt Kenya Senior Academy,Nyeri,Nyeri Central,Medical Clinic,Private Enterprise (Institution),0,0,f,f,Operational,-0.416667,36.95
10739,Mt Kenya Sub-District Hospital,Nyeri,Nyeri Central,Sub-District Hospital,Ministry of Health,16,0,f,f,Operational,-0.416667,36.95
15241,Mt Longonot Hospital,Nakuru,Naivasha,Other Hospital,Private Practice - Medical Specialist,33,2,f,f,Operational,-0.303099,36.080026
17269,Mt Zion Community Health Clinic,Makueni,Nzaui,Medical Clinic,Private Practice - General Practitioner,0,0,f,f,Operational,-1.8,37.616667
17568,Mt Zion Mission Medical Clinic,Trans Nzoia,Trans Nzoia East,Medical Clinic,Other Faith Based,0,0,f,f,Operational,1.016667,34.983333
20373,Mt. Pleasant  Medical Clinic,Kiambu,Githunguri,Medical Clinic,Private Practice - Nurse / Midwife,0,0,f,f,Operational,-1.166667,36.833333
11662,Mtaa Dispensary,Kwale,Kinango,Dispensary,Ministry of Health,0,0,f,f,Operational,-4.183333,39.45
11664,Mtangani Medical Clinic,Kilifi,Malindi,Medical Clinic,Private Practice - Nurse / Midwife,0,0,f,f,Operational,-3.216667,40.116667
21070,Mtangawanda Dispensary,Lamu,Lamu East,Dispensary,Ministry of Health,0,0,f,f,Operational,-2.266667,40.9
14835,Keringani Dispensary,Narok,Trans Mara West - Dikirr,Dispensary,Ministry of Health,0,0,f,f,Operational,-1.083333,35.866667
14837,Keringet Health Centre,West Pokot,West Pokot,Health Centre,Ministry of Health,0,0,f,f,Operational,1.233333,35.116667
14836,Keringet Health Centre (Kuresoi),Nakuru,Kuresoi,Health Centre,Ministry of Health,8,0,f,f,Operational,-0.303099,36.080026
14838,Kerio Health Centre,Turkana,Turkana Central,Health Centre,Ministry of Health,40,0,f,f,Operational,3.116667,35.6
13677,Keritor Dispensary,Nyamira,Borabu,Dispensary,Private Enterprise (Institution),2,0,f,f,Operational,-0.633333,34.933333
20389,Kernan Medical Clinic,Kiambu,Ruiru,Medical Clinic,Private Practice - Nurse / Midwife,0,0,f,f,Operational,-1.166667,36.833333
17232,Kerobo Health Centre,Nyamira,Nyamira North,Health Centre,Ministry of Health,12,3,f,f,Operational,-0.633333,34.933333
14839,Kerol Health Centre,Nakuru,Kuresoi,Medical Clinic,Private Enterprise (Institution),3,0,f,f,Operational,-0.303099,36.080026
14840,Kerol Health Services,Kericho,Bureti,Dispensary,Private Enterprise (Institution),0,0,f,f,Operational,-0.366667,35.283333
10519,Kerugoya Catholic Dispensary,Kirinyaga,Kirinyaga Central,Dispensary,Kenya Episcopal Conference-Catholic Secretariat,0,0,f,f,Operational,-0.5,37.283333
10520,Kerugoya District Hospital,Kirinyaga,Kirinyaga Central,District Hospital,Ministry of Health,276,47,f,f,Operational,-0.5,37.283333
10522,Kerugoya Medical Centre,Kirinyaga,Kirinyaga Central,Nursing Home,Private Practice - General Practitioner,15,0,f,f,Operational,-0.5,37.283333
21261,Kerugoya Medical Centre (Annex),Kirinyaga,Kirinyaga Central,Other Hospital,Private Practice - Medical Specialist,70,0,f,f,Operational,-0.5,37.283333
10525,Kerugoya Medical Laboratory,Kirinyaga,Kirinyaga Central,Laboratory (Stand-alone),Private Enterprise (Institution),0,0,f,f,Not-Operational,-0.5,37.283333
16502,Kerugoya Medical Services and Advisory Centre,Kirinyaga,Kirinyaga Central,Medical Clinic,Private Practice - Medical Specialist,0,0,f,f,Operational,-0.5,37.283333
16868,Kerumbe Dispensary,Nyamira,Borabu,Dispensary,Ministry of Health,2,0,f,f,Operational,-0.633333,34.933333
20212,Kerwa Catholic Health Centre,Kiambu,Kikuyu,Health Centre,Kenya Episcopal Conference-Catholic Secretariat,6,0,f,f,Operational,-1.166667,36.833333
14841,Kesses Health Centre,Uasin Gishu,Wareng,Health Centre,Ministry of Health,0,0,f,f,Operational,0.514277,35.269779
14842,Ketepa Dispensary (Kericho),Kericho,Kericho,Dispensary,Private Enterprise (Institution),0,0,f,f,Operational,-0.366667,35.283333
21079,Ketigoi Dispensary,Elgeyo Marakwet,Keiyo South,Dispensary,Ministry of Health,0,0,f,f,Operational,,
17210,Ketitui Dispensary,Kericho,Kericho,Dispensary,Ministry of Health,0,0,f,f,Operational,-0.366667,35.283333
14843,Keturwo Dispensary,Baringo,Baringo North,Dispensary,Ministry of Health,0,0,f,f,Operational,0.466667,35.966667
13679,Keumbu Medical Clinic,Kisii,Kisii Central,Medical Clinic,Private Enterprise (Institution),0,0,f,f,Operational,-0.683333,34.766667
13680,Keumbu Sub-District Hospital,Kisii,Kisii Central,Sub-District Hospital,Ministry of Health,32,0,f,f,Operational,-0.683333,34.766667
12269,Kevote Catholic Dispensary,Embu,Manyatta,Dispensary,Kenya Episcopal Conference-Catholic Secretariat,0,0,f,f,Operational,-0.533333,37.45
16415,Kewamoi Dispensary,Nakuru,Kuresoi,Dispensary,Ministry of Health,0,0,f,f,Operational,-0.303099,36.080026
17327,Keyian SDA Dispensary,Narok,Trans Mara West - Dikirr,Dispensary,Other Faith Based,0,0,f,f,Operational,-1.083333,35.866667
15929,Khachonge Dispensary,Bungoma,Bungoma Central,Dispensary,Private Practice - Unspecified,0,0,f,f,Operational,0.566667,34.566667
16182,Khadija Medical Clinic,Kilifi,Rabai,Medical Clinic,Private Practice - Clinical Officer,0,0,f,f,Operational,-3.633333,39.85
20321,Khairat Medical Centre,Kilifi,Kilifi North,Medical Clinic,Private Practice - Clinical Officer,0,0,f,f,Operational,-3.633333,39.85
21036,Khajula Dispensay,Busia,Bunyala,Dispensary,Ministry of Health,0,0,f,f,Pending Opening,0.46,34.11
15931,Khalaba Health Centre,Kakamega,Matungu,Health Centre,Ministry of Health,4,0,f,f,Operational,0.284767,34.752308
17881,Khalaba Medical Services,Bungoma,Bungoma South,Nursing Home,Private Practice - Medical Specialist,20,2,f,f,Operational,0.566667,34.566667
18362,Khalala Dispensary,Bungoma,Bungoma East,Dispensary,Ministry of Health,0,0,f,f,Operational,0.566667,34.566667
13379,Khalalio Health Centre,Mandera,Mandera East,Health Centre,Ministry of Health,40,0,f,f,Operational,3.933333,41.866667
15932,Khalumuli Dispensary,Bungoma,Bungoma East,Dispensary,Other Public Institution,0,0,f,f,Operational,0.566667,34.566667
20822,Khamulati  Medical Clinic,Bungoma,Kimilili Bungoma,Medical Clinic,Private Practice - Clinical Officer,7,0,f,f,Operational,0.566667,34.566667
15933,Khaoya Dispensary,Bungoma,Bungoma East,Dispensary,Other Public Institution,0,0,f,f,Operational,0.566667,34.566667
15934,Kharanda Dispensary,Kakamega,Kakamega Central (Lurambi),Dispensary,Ministry of Health,0,0,f,f,Operational,0.284767,34.752308
14844,Khartoum Tea Dispensary,Nandi,Nandi East,Dispensary,Company Medical Service,0,0,f,f,Operational,0.166667,35.133333
15935,Khasoko Health Centre,Bungoma,Bumula,Health Centre,Christian Health Association of Kenya,16,4,f,f,Operational,0.566667,34.566667
15936,Khaunga Dispensary,Kakamega,Mumias,Dispensary,Ministry of Health,4,0,f,f,Operational,0.284767,34.752308
18240,Khayega Community Clinic,Kakamega,Kakamega East (Shinyalu),Medical Clinic,Private Practice - Nurse / Midwife,2,1,f,f,Operational,0.284767,34.752308
15937,Khayo Dispensary,Busia,Nambale,Dispensary,Ministry of Health,0,0,f,f,Operational,0.46,34.11
19097,KHE Farm Dispensary,Laikipia,Laikipia East,Dispensary,Private Enterprise (Institution),0,0,f,f,Operational,0.366667,37.033333
15484,Khems Medical Clinic,Nakuru,Naivasha,Medical Clinic,Private Practice - Clinical Officer,0,0,f,f,Operational,-0.303099,36.080026
13380,Khorof Harar Sub-District Hospital,Wajir,Wajir East,Sub-District Hospital,Ministry of Health,12,0,f,f,Operational,1.75,40.066667
17041,Khulwanda Dispensary,Bungoma,Bumula,Dispensary,Christian Health Association of Kenya,0,0,f,f,Not-Operational,0.566667,34.566667
15939,Khunyangu Sub-District Hospital,Busia,Butula,District Hospital,Ministry of Health,31,0,f,f,Operational,0.46,34.11
15940,Khwisero Health Centre,Kakamega,Khwisero,Health Centre,Ministry of Health,7,0,f,f,Operational,0.284767,34.752308
14638,KIagai (PCEA) Dispensary,Nakuru,Subukia,Dispensary,Christian Health Association of Kenya,0,0,f,f,Operational,-0.303099,36.080026
10526,Kiaguthu Dispensary,Nyeri,Nyeri South,Dispensary,Ministry of Health,0,0,f,f,Operational,-0.416667,36.95
13681,Kiagware Dispensary,Kisii,South Gucha,Dispensary,Ministry of Health,7,1,f,f,Operational,-0.683333,34.766667
10527,Kiahuria Medical Clinic,Kiambu,Kikuyu,Medical Clinic,Private Enterprise (Institution),4,0,f,f,Operational,-1.166667,36.833333
10528,Kiairathe Dispensary,Murang'a,Muranga West,Dispensary,Ministry of Health,0,0,f,f,Operational,-0.716667,37.15
10530,Kiamabara Dispensary,Nyeri,Mathira East,Dispensary,Ministry of Health,0,0,f,f,Operational,-0.416667,36.95
10531,Kiamagunyi (ACK) Clinic,Kirinyaga,Kirinyaga West,Dispensary,Christian Health Association of Kenya,0,0,f,f,Operational,-0.5,37.283333
14954,Kiwamu Dispensary,Nakuru,Nakuru North,Health Centre,Ministry of Health,4,1,f,f,Operational,-0.303099,36.080026
19712,Kiwara Medical Clinic,Nyeri,Kieni West,Medical Clinic,Private Practice - Nurse / Midwife,0,0,f,f,Operational,-0.416667,36.95
20083,Kiwawa GOK Dispensary,West Pokot,North Pokot,Dispensary,Ministry of Health,0,0,f,f,Operational,1.233333,35.116667
11494,Kiwayuu Dispensary,Lamu,Lamu East,Dispensary,Ministry of Health,0,0,f,f,Operational,-2.266667,40.9
11495,Kizibe Dispensary,Kwale,Matuga,Dispensary,Ministry of Health,0,0,f,f,Operational,-4.183333,39.45
21150,Kizimani mission Clinic,Machakos,Kangundo,Medical Clinic,Private Enterprise (Institution),0,0,f,f,Pending Opening,-1.516667,37.266667
11497,Kizingo Health Centre,Kilifi,Kilifi South,Health Centre,Ministry of Health,0,0,f,f,Operational,-3.633333,39.85
20614,Kliniq,Nakuru,Nakuru,Medical Clinic,Private Practice - Medical Specialist,0,0,f,f,Operational,-1.286389,36.817223
12380,Kmc Clinic Mwichune,Meru,Imenti South,Medical Clinic,Private Practice - Nurse / Midwife,0,0,f,f,Operational,0.05,37.65
17903,Kmc Staff Clinic,Machakos,Athi River,Medical Clinic,Parastatal,1,0,f,f,Operational,-1.516667,37.266667
17554,K-Met Corkran,Kisumu,Kisumu East,Dispensary,Non-Governmental Organizations,1,0,f,f,Operational,-0.10221,34.761711
18347,Kmtc Mombasa Students Clinic,Mombasa,Mvita,Medical Clinic,Ministry of Health,0,0,f,f,Operational,-4.043477,39.668205
14958,Kobos Health Centre,Trans Nzoia,Kwanza,Health Centre,Ministry of Health,0,0,f,f,Operational,1.016667,34.983333
17125,Kobujoi Forest Dispensary,Nandi,Nandi South,Dispensary,Ministry of Health,0,0,f,f,Not-Operational,0.166667,35.133333
14960,Kobujoi Mission Health Centre,Nandi,Nandi South,Health Centre,Other Faith Based,36,5,f,f,Operational,0.166667,35.133333
13708,Kobuya Dispensary,Homa Bay,Rachuonyo North,Dispensary,Ministry of Health,0,0,f,f,Operational,-0.516667,34.45
20134,Kochola Dispensary,Migori,Rongo,Dispensary,Ministry of Health,2,0,f,f,Operational,-1.066667,34.466667
12275,Kiamuriuki Dispensary,Tharaka Nithi,Meru South,Dispensary,Christian Health Association of Kenya,0,0,f,f,Operational,,
19431,Kiamuthambi Dispensary,Kirinyaga,Kirinyaga Central,Dispensary,Ministry of Health,0,0,f,f,Pending Opening,-0.5,37.283333
16497,Kiamutugu CFW Clinic,Kirinyaga,Kirinyaga North,Medical Clinic,Private Practice - Nurse / Midwife,0,0,f,f,Operational,-0.5,37.283333
10545,Kiamutugu Health Centre,Kirinyaga,Kirinyaga East,Health Centre,Ministry of Health,5,0,f,f,Operational,-0.5,37.283333
10546,Kiamuya Dispensary,Nyeri,Nyeri South,Dispensary,Ministry of Health,0,0,f,f,Operational,-0.416667,36.95
10547,Kiamwathi Medical Clinic,Nyeri,Nyeri Central,Medical Clinic,Private Practice - Clinical Officer,0,0,f,f,Operational,-0.416667,36.95
20621,Kianda 42 Community Clinic,Nairobi,Kibra,Dispensary,Ministry of Health,0,0,f,f,Operational,-1.286389,36.817223
17258,Kianda Dispensary,Meru,Igembe South,Dispensary,Ministry of Health,0,0,f,f,Pending Opening,0.05,37.65
10551,Kiandegwa (Methodist Church of Kenya) Dispensary,Kirinyaga,Kirinyaga North,Dispensary,Christian Health Association of Kenya,0,0,f,f,Operational,-0.5,37.283333
10552,Kiandere Dispensary,Nyeri,Tetu,Dispensary,Ministry of Health,0,0,f,f,Operational,-0.416667,36.95
19430,Kianderi Dispensary,Kirinyaga,Kirinyaga Central,Dispensary,Ministry of Health,0,0,f,f,Pending Opening,-0.5,37.283333
17709,Kiandiu Dispensary,Meru,Tigania West,Dispensary,Ministry of Health,0,0,f,f,Operational,0.05,37.65
10553,Kiandu Medical Clinic,Nyeri,Tetu,Medical Clinic,Private Practice - Nurse / Midwife,0,0,f,f,Operational,-0.416667,36.95
16814,Kiandutu Health Centre,Kiambu,Thika West,Health Centre,Ministry of Health,0,0,f,f,Operational,-1.033333,37.066667
11463,Kiangachinyi Dispensary,Taita Taveta,Mwatate,Dispensary,Ministry of Health,0,0,f,f,Operational,,
10556,Kiangai Health Centre,Kirinyaga,Kirinyaga West,Health Centre,Ministry of Health,0,0,f,f,Operational,-0.5,37.283333
10557,Kiangai Medical Clinic,Kirinyaga,Kirinyaga West,Medical Clinic,Private Practice - Nurse / Midwife,0,0,f,f,Operational,-0.5,37.283333
16989,Kiang'inda Health Centre,Nyamira,Nyamira,Health Centre,Ministry of Health,6,0,f,f,Operational,-0.633333,34.933333
12276,Kiangini Dispensary,Makueni,Kathonzweni,Dispensary,Ministry of Health,2,2,f,f,Operational,-1.8,37.616667
10555,Kiang'ombe Dispensary,Kirinyaga,Kirinyaga East,Dispensary,Ministry of Health,0,0,f,f,Operational,-0.5,37.283333
12277,Kiangondu Dispensary,Tharaka Nithi,Meru South,Dispensary,Christian Health Association of Kenya,0,0,f,f,Operational,,
13684,Kiangoso Dispensary,Nyamira,Manga,Dispensary,Ministry of Health,1,0,f,f,Operational,-0.633333,34.933333
10561,Kiangwenyi Clinic,Kirinyaga,Kirinyaga East,Medical Clinic,Private Enterprise (Institution),0,0,f,f,Operational,-0.5,37.283333
10562,Kianjege Dispensary,Kirinyaga,Kirinyaga West,Dispensary,Ministry of Health,0,0,f,f,Operational,-0.5,37.283333
20155,Kianjokoma  Muungano SHG Community Dispensary,Embu,Embu East,Medical Clinic,Private Practice - Unspecified,0,0,f,f,Operational,-0.533333,37.45
12278,Kianjokoma (ACK) Trinity Clinic,Embu,Manyatta,Dispensary,Christian Health Association of Kenya,0,0,f,f,Operational,-0.533333,37.45
12279,Kianjokoma Sub-District Hospital,Embu,Embu East,Sub-District Hospital,Ministry of Health,6,4,f,f,Operational,-0.533333,37.45
14846,Kianjoya Dispensary,Nakuru,Njoro,Dispensary,Ministry of Health,3,0,f,f,Operational,-0.303099,36.080026
16172,Kianjugu Dispensary,Murang'a,Muranga South,Dispensary,Ministry of Health,0,0,f,f,Operational,-0.716667,37.15
20591,Kianjuri Dispensary,Meru,Imenti North,Dispensary,Ministry of Health,0,0,f,f,Pending Opening,0.05,37.65
10564,Kianyaga Catholic Health Centre,Kirinyaga,Kirinyaga East,Health Centre,Kenya Episcopal Conference-Catholic Secretariat,12,0,f,f,Operational,-0.5,37.283333
10565,Kianyaga Sub-District Hospital,Kirinyaga,Kirinyaga East,Sub-District Hospital,Ministry of Health,28,6,f,f,Operational,-0.5,37.283333
12281,Kiaoni Dispensary (Kibwezi),Makueni,Kibwezi,Dispensary,Ministry of Health,0,0,f,f,Operational,-1.8,37.616667
20272,Kiaora Farm Dispensary,Kiambu,Ruiru,Dispensary,Company Medical Service,0,0,f,f,Operational,-1.033333,37.066667
10566,Kiaragana Dispensary,Kirinyaga,Kirinyaga West,Dispensary,Ministry of Health,0,0,f,f,Operational,-0.5,37.283333
12283,Kiarago Health Centre (Imenti South),Meru,Imenti South,Health Centre,Ministry of Health,0,0,f,f,Operational,0.05,37.65
17571,Kiarithaini Dispensary,Nyeri,Mathira East,Dispensary,Ministry of Health,0,0,f,f,Operational,-0.416667,36.95
20543,Kiarukungu Dispensary,Kirinyaga,Kirinyaga South,Health Centre,Ministry of Health,0,0,f,f,Operational,-0.5,37.283333
13685,Kiaruta Dispensary,Kisii,Kisii South,Dispensary,Ministry of Health,0,0,f,f,Operational,-0.683333,34.766667
13686,Kiasa Dispensary,Homa Bay,Ndhiwa,Dispensary,Ministry of Health,0,0,f,f,Operational,-0.516667,34.45
17935,Kiati Dispensary,Kitui,Mutomo,Dispensary,Ministry of Health,0,0,f,f,Operational,-1.366667,38.016667
19110,Kiatineni Dispensary,Machakos,Masinga,Dispensary,Ministry of Health,0,1,f,f,Operational,-1.516667,37.266667
18014,Kiawa Medical Clinic,Nyeri,Kieni East,Medical Clinic,Private Enterprise (Institution),0,0,f,f,Operational,-0.416667,36.95
19595,Kiawakara Dispensary,Kirinyaga,Kirinyaga Central,Dispensary,Ministry of Health,0,0,f,f,Pending Opening,-0.5,37.283333
14847,Kibabet Tea Dispensary,Nandi,Nandi East,Dispensary,Company Medical Service,0,0,f,f,Operational,0.166667,35.133333
21114,Kibabii University Clinic,Bungoma,Bungoma South,Medical Clinic,Private Enterprise (Institution),6,0,f,f,Operational,0.566667,34.566667
14848,Kibagenge Dispensary,Uasin Gishu,Eldoret West,Dispensary,Ministry of Health,0,0,f,f,Operational,0.514277,35.269779
18293,Kiban Medical Clinic,Machakos,Kangundo,Medical Clinic,Private Practice - Clinical Officer,2,0,f,f,Operational,-1.516667,37.266667
11464,Kibandaongo Dispensary,Kwale,Kinango,Dispensary,Ministry of Health,0,0,f,f,Operational,-4.183333,39.45
12280,Kibaranyaki Dispensary,Meru,Meru Central,Dispensary,Ministry of Health,0,0,f,f,Operational,0.05,37.65
14849,Kibendo Dispensary,Elgeyo Marakwet,Keiyo,Dispensary,Ministry of Health,0,0,f,f,Operational,,
20325,Kibera CFW Clinic,Nairobi,Kibra,Medical Clinic,Private Enterprise (Institution),0,0,f,f,Operational,-1.286389,36.817223
12894,Kibera Chemi Chemi Ya Uzima Clinic,Nairobi,Kibra,Dispensary,Christian Health Association of Kenya,0,0,f,f,Operational,-1.286389,36.817223
13028,Kibera Community Health Centre - Amref,Nairobi,Kibra,Health Centre,Non-Governmental Organizations,4,0,f,f,Operational,-1.286389,36.817223
20183,Kibera Community Self Help Program - Migori,Migori,Migori,Medical Clinic,Non-Governmental Organizations,0,0,f,f,Operational,-1.286389,36.817223
13029,Kibera D O Dispensary,Nairobi,Kibra,Dispensary,Ministry of Health,0,0,f,f,Operational,-1.286389,36.817223
18984,Kibera Highway Clinic,Nairobi,Kibra,Medical Clinic,Private Practice - Clinical Officer,0,0,f,f,Operational,-1.286389,36.817223
13026,Kibera Human Development Clinic,Nairobi,Kibra,Medical Clinic,Non-Governmental Organizations,0,0,f,f,Operational,-1.286389,36.817223
13030,Kibera South (Msf Belgium) Health Centre,Nairobi,Kibra,Health Centre,Non-Governmental Organizations,10,0,f,f,Operational,-1.286389,36.817223
21083,Kibera Ubuntu Afya Medical Centre,Nairobi,Kibra,Medical Centre,Private Practice - General Practitioner,4,0,f,f,Operational,-1.286389,36.817223
17088,Kibias Dispensary,Baringo,Koibatek,Dispensary,Ministry of Health,0,0,f,f,Operational,0.466667,35.966667
13687,Kibigori Dispensary,Kisumu,Muhoroni,Dispensary,Ministry of Health,0,0,f,f,Operational,-0.10221,34.761711
14850,Kibigos Dispensary,Elgeyo Marakwet,Marakwet West,Dispensary,Ministry of Health,0,0,f,f,Operational,,
15942,Kibingei Dispensary,Bungoma,Kimilili Bungoma,Dispensary,Ministry of Health,0,0,f,f,Operational,0.566667,34.566667
14851,Kibingor Dispensary,Baringo,Baringo Central,Dispensary,Ministry of Health,0,0,f,f,Operational,0.466667,35.966667
14852,Kibini Hill (PCEA) Dispensary,Kajiado,Mashuru,Dispensary,Christian Health Association of Kenya,0,0,f,f,Operational,-1.85,36.783333
20576,Kibirichia Catholic Dispensary,Meru,Buuri,Dispensary,Kenya Episcopal Conference-Catholic Secretariat,0,0,f,f,Operational,0.05,37.65
19134,Kibirichia Health & Laboratory Services,Meru,Buuri,Medical Clinic,Private Practice - Nurse / Midwife,0,0,f,f,Operational,0.05,37.65
16825,Kibirichia Medcare,Meru,Buuri,Medical Clinic,Private Enterprise (Institution),0,0,f,f,Operational,0.05,37.65
12282,Kibirichia Sub-District Hospital,Meru,Buuri,Sub-District Hospital,Ministry of Health,12,2,f,f,Operational,0.05,37.65
10571,Kibirigwi Health Centre,Kirinyaga,Kirinyaga West,Health Centre,Ministry of Health,34,0,f,f,Operational,-0.5,37.283333
17707,Kibiru Dispensary,Meru,Tigania West,Dispensary,Ministry of Health,0,0,f,f,Operational,0.05,37.65
17102,Kibiryokwonin Dispensary,Baringo,Baringo North,Dispensary,Ministry of Health,0,0,f,f,Operational,0.466667,35.966667
19366,Kibisem Dispensary,Nandi,Nandi South,Dispensary,Ministry of Health,0,0,f,f,Operational,0.166667,35.133333
15943,Kibisi Dispensary,Bungoma,Bungoma North,Dispensary,Ministry of Health,0,0,f,f,Operational,0.566667,34.566667
13688,Kibogo Dispensary,Kisumu,Nyakach,Dispensary,Ministry of Health,0,0,f,f,Operational,-0.10221,34.761711
14855,Kiboino Dispensary,Baringo,Baringo Central,Dispensary,Ministry of Health,0,0,f,f,Operational,0.466667,35.966667
12286,Kiboko Dispensary (Makindu),Makueni,Makindu,Dispensary,Ministry of Health,2,0,f,f,Operational,-1.8,37.616667
19839,Kibomet Medical Clinic,Trans Nzoia,Trans Nzoia West,Medical Clinic,Private Practice - Clinical Officer,0,0,f,f,Operational,1.016667,34.983333
20906,Kibos Medical Clinic,Kisumu,Kisumu East,Medical Clinic,Private Practice - Nurse / Midwife,0,0,f,f,Operational,-0.10221,34.761711
13689,Kibos Sugar Research Dispensary,Kisumu,Kisumu East,Dispensary,Ministry of Health,0,0,f,f,Operational,-0.10221,34.761711
20440,Kiboson Dispensary,Bomet,Chepalungu,Dispensary,Ministry of Health,4,2,f,f,Operational,-0.783333,35.35
12287,Kibugu Health Centre,Embu,Manyatta,Health Centre,Ministry of Health,12,2,f,f,Operational,-0.533333,37.45
12288,Kibugua Health Centre,Tharaka Nithi,Meru South,Health Centre,Ministry of Health,10,0,f,f,Operational,,
15944,Kibuke Dispensary,Bungoma,Bumula,Dispensary,Ministry of Health,0,0,f,f,Operational,0.566667,34.566667
12289,Kibunga Sub-District Hospital,Tharaka Nithi,Tharaka South,Sub-District Hospital,Ministry of Health,20,0,f,f,Operational,,
10574,Kiburu Dispensary,Kirinyaga,Kirinyaga West,Dispensary,Ministry of Health,0,0,f,f,Operational,-0.5,37.283333
10577,Kibutha Dispensary,Murang'a,Muranga West,Dispensary,Ministry of Health,0,0,f,f,Operational,-0.716667,37.15
11466,Kibuyuni Dispensary,Kwale,Matuga,Dispensary,Ministry of Health,0,0,f,f,Operational,-4.183333,39.45
14857,Kibwareng Health Centre,Nandi,Nandi South,Health Centre,Ministry of Health,4,0,f,f,Operational,0.166667,35.133333
14858,Kibwari Tea Dispensary,Nandi,Nandi East,Dispensary,Company Medical Service,0,0,f,f,Operational,0.166667,35.133333
12737,Kibwezi Catholic Dispensary,Makueni,Kibwezi,Dispensary,Kenya Episcopal Conference-Catholic Secretariat,3,0,f,f,Operational,-1.8,37.616667
12056,Kibwezi Health Care Clinic,Makueni,Kibwezi,Medical Clinic,Private Enterprise (Institution),0,0,f,f,Operational,-1.8,37.616667
12063,Kibwezi Huruma Medical Clinic and Laboratory,Makueni,Kibwezi,Medical Clinic,Private Practice - Nurse / Midwife,0,0,f,f,Operational,-1.8,37.616667
12291,Kibwezi Sub County Hospital,Makueni,Kibwezi,Sub-District Hospital,Ministry of Health,24,0,f,f,Operational,-1.8,37.616667
11467,Kichaka Simba Dispensary,Kwale,Matuga,Dispensary,Other Faith Based,0,0,f,f,Operational,-4.183333,39.45
10579,Kids Alive Dispensary,Nyeri,Kieni East,Dispensary,Christian Health Association of Kenya,0,0,f,f,Operational,-0.416667,36.95
14961,Kocholwo Sub-District Hospital,Elgeyo Marakwet,Keiyo South,Sub-District Hospital,Ministry of Health,20,2,f,f,Operational,0.514277,35.269779
13709,Kodiaga Prison Health Centre,Kisumu,Kisumu West,Health Centre,Ministry of Health,40,0,f,f,Operational,-0.10221,34.761711
14962,Kodich Dispensary,West Pokot,North Pokot,Dispensary,Ministry of Health,0,0,f,f,Operational,1.233333,35.116667
21246,Kodula Dispensary,Homa Bay,Rachuonyo North,Dispensary,Ministry of Health,4,2,f,f,Operational,-0.516667,34.45
19861,Koduogo Dispensary,Homa Bay,Homa Bay,Dispensary,Ministry of Health,2,1,f,f,Operational,-0.516667,34.45
20531,Koduol Reru Dispensary,Kisumu,Nyando,Dispensary,Ministry of Health,1,0,f,f,Operational,-0.10221,34.761711
18268,Kogari Dispensary,Embu,Mbeere North,Dispensary,Ministry of Health,0,0,f,f,Operational,-0.533333,37.45
13711,Kogweno Oriang' Dispensary,Homa Bay,Rachuonyo North,Dispensary,Ministry of Health,0,0,f,f,Operational,-0.516667,34.45
21102,Kohanga Dispensary,Migori,Kuria West,Health Centre,Ministry of Health,5,5,f,f,Operational,-1.066667,34.466667
20650,Koibarak Dispensary,Nandi,Nandi South,Dispensary,Ministry of Health,0,0,f,f,Operational,0.166667,35.133333
17639,Koibem Dispensary,Nandi,Nandi Central,Dispensary,Ministry of Health,0,0,f,f,Operational,0.166667,35.133333
14965,Koilot Health Centre,Nandi,Nandi East,Health Centre,Ministry of Health,4,0,f,f,Operational,0.166667,35.133333
18664,Koimiret Dispensary,Bomet,Chepalungu,Dispensary,Ministry of Health,0,0,f,f,Operational,-0.783333,35.35
14966,Koisagat Tea Dispensary,Nandi,Nandi East,Dispensary,Company Medical Service,0,0,f,f,Operational,0.166667,35.133333
14967,Koitaburot Dispensary,Kericho,Belgut,Dispensary,Ministry of Health,0,0,f,f,Operational,-0.366667,35.283333
14968,Koitebes Dispensary,Baringo,Mogotio,Dispensary,Ministry of Health,0,0,f,f,Operational,0.466667,35.966667
14969,Koitugum Dispensary,Elgeyo Marakwet,Marakwet West,Dispensary,Ministry of Health,0,0,f,f,Operational,,
14970,Koiwa Health Centre,Bomet,Konoin,Health Centre,Ministry of Health,24,3,f,f,Operational,-0.783333,35.35
14971,Koiwa Medical Clinic,Bomet,Konoin,Health Centre,Company Medical Service,0,0,f,f,Operational,-0.783333,35.35
14972,Koiwalelach Dispensary,Kericho,Kericho,Dispensary,Community,0,0,f,f,Operational,-0.366667,35.283333
18020,Kihinga Medical Clinic,Murang'a,Kiharu,Medical Clinic,Private Practice - Nurse / Midwife,0,0,f,f,Operational,-0.716667,37.15
16390,Kihingo Dispensary (CDF),Nakuru,Njoro,Dispensary,Community Development Fund,0,0,f,f,Operational,-0.303099,36.080026
10593,Kihora Medical Clinic,Nyeri,Tetu,Medical Clinic,Private Practice - Nurse / Midwife,0,0,f,f,Not-Operational,-0.416667,36.95
10594,Kihoya Dispensary,Murang'a,Kiharu,Dispensary,Ministry of Health,0,0,f,f,Operational,-0.716667,37.15
10597,Kihumbuini (PCEA) Dispensary,Murang'a,Gatanga,Dispensary,Christian Health Association of Kenya,0,0,f,f,Operational,-1.033333,37.066667
10601,Kihuyo Dispensary,Nyeri,Nyeri Central,Dispensary,Ministry of Health,0,0,f,f,Operational,-0.416667,36.95
17214,Kiija Dispensary,Meru,Meru Central,Dispensary,Ministry of Health,0,0,f,f,Operational,0.05,37.65
20590,Kiima Kimwe,Machakos,Machakos,Medical Clinic,Private Practice - Nurse / Midwife,0,0,f,f,Operational,-1.516667,37.266667
17818,Kiimani Medical Clinic,Kitui,Mutomo,Medical Clinic,Private Practice - Nurse / Midwife,0,0,f,f,Operational,-1.366667,38.016667
12301,Kiini Health Centre,Tharaka Nithi,Maara,Health Centre,Ministry of Health,0,0,f,f,Operational,,
12302,Kiirua Dispensary,Meru,Buuri,Dispensary,Ministry of Health,0,0,f,f,Operational,0.05,37.65
12304,Kiitini Dispensary,Machakos,Machakos,Dispensary,Ministry of Health,4,0,f,f,Operational,-1.516667,37.266667
10602,Kijabe (AIC) Hospital,Kiambu,Lari,Other Hospital,Christian Health Association of Kenya,265,60,f,f,Operational,-1.166667,36.833333
10693,Kijabe (AIC) Hospital Marira Medical Clinic,Kiambu,Lari,Medical Clinic,Other Faith Based,0,0,f,f,Operational,-1.166667,36.833333
20345,Kijana Heri Medical Clinic,Kilifi,Magarini,Medical Clinic,Private Practice - Clinical Officer,3,2,f,f,Operational,-3.633333,39.85
17821,Kijani (Mirera) Dispensary,Nakuru,Naivasha,Dispensary,Ministry of Health,0,0,f,f,Operational,-0.303099,36.080026
13692,Kijauri Sub District Hospital,Nyamira,Borabu,Sub-District Hospital,Ministry of Health,6,0,f,f,Operational,-0.633333,34.933333
16765,Kijawa Dispensary,Homa Bay,Homa Bay,Dispensary,Ministry of Health,0,0,f,f,Operational,-0.516667,34.45
21239,Kijebi Dispensary,Homa Bay,Suba,Dispensary,Ministry of Health,3,0,f,f,Operational,-0.516667,34.45
12305,Kikesa Dispensary,Machakos,Yatta,Dispensary,Ministry of Health,10,0,f,f,Operational,-1.516667,37.266667
19832,Kikinga Medical Clinic,Kiambu,Kiambu,Medical Clinic,Private Practice - Nurse / Midwife,0,0,f,f,Operational,-1.286389,36.817223
12306,Kikoko Mission Hospital,Makueni,Kilungu,Other Hospital,Other Faith Based,46,8,f,f,Operational,-1.8,37.616667
11472,Kikoneni Health Centre,Kwale,Msambweni,Health Centre,Ministry of Health,9,0,f,f,Operational,-4.183333,39.45
18944,Kikopey Dispensary,Nakuru,Gilgil,Dispensary,Ministry of Health,3,1,f,f,Pending Opening,-0.303099,36.080026
14863,Kikton Medical Clinic,Turkana,Turkana Central,Medical Clinic,Private Practice - General Practitioner,0,0,f,f,Operational,3.116667,35.6
18689,Kikule Dispensary,Machakos,Masinga,Dispensary,Ministry of Health,0,1,f,f,Operational,-1.516667,37.266667
12307,Kikumini Dispensary,Machakos,Masinga,Dispensary,Ministry of Health,0,2,f,f,Operational,-1.516667,37.266667
17147,Kikumini Dispensary (Makueni),Makueni,Makueni,Dispensary,Ministry of Health,0,0,f,f,Operational,-1.8,37.616667
12308,Kikumini Health Centre,Makueni,Nzaui,Health Centre,Ministry of Health,4,0,f,f,Operational,-1.8,37.616667
18683,Kikuu Dispensary,Kitui,Kitui Central,Dispensary,Ministry of Health,0,0,f,f,Pending Opening,-1.366667,38.016667
10603,Kikuyu (PCEA) Hospital,Kiambu,Kikuyu,Other Hospital,Other Faith Based,218,6,f,f,Operational,-1.166667,36.833333
20885,Kikuyu Public Health Office,Kiambu,Kikuyu,District Health Office,Ministry of Health,0,0,f,f,Operational,-1.166667,36.833333
12309,Kilala Health Centre,Makueni,Makueni,Health Centre,Ministry of Health,2,2,f,f,Operational,-1.8,37.616667
16648,Kilawa Dispensary,Kitui,Ikutha,Dispensary,Ministry of Health,0,0,f,f,Operational,-1.366667,38.016667
12310,Kilawani Medical Clinic,Kitui,Kitui Central,Medical Clinic,Private Enterprise (Institution),0,0,f,f,Operational,-1.366667,38.016667
14792,Kaptumo Sub-District Hospital,Nandi,Nandi South,Sub-District Hospital,Ministry of Health,20,0,f,f,Operational,0.166667,35.133333
14793,Kapturo Dispensary (Bartabwa),Baringo,Baringo North,Dispensary,Ministry of Health,0,0,f,f,Operational,0.466667,35.966667
13002,Kapu Medical Clinic,Nairobi,Embakasi East,VCT Centre (Stand-Alone),Ministry of Health,0,0,f,f,Operational,-1.286389,36.817223
14795,Kapua Dispensary,Turkana,Turkana Central,Dispensary,Ministry of Health,0,0,f,f,Operational,3.116667,35.6
17321,Kapune Dispensary,Narok,Trans Mara West - Dikirr,Dispensary,Ministry of Health,0,0,f,f,Operational,-1.083333,35.866667
14796,Kaputir Dispensary,Turkana,Turkana South,Dispensary,Ministry of Health,0,0,f,f,Operational,3.116667,35.6
14797,Kapweria Dispensary,Narok,Trans Mara East,Dispensary,Ministry of Health,0,0,f,f,Operational,-1.083333,35.866667
14798,Kapyego Health Centre,Elgeyo Marakwet,Marakwet East,Health Centre,Ministry of Health,0,0,f,f,Operational,,
14799,Kapyemit Dispensary,Uasin Gishu,Eldoret West,Dispensary,Ministry of Health,0,0,f,f,Operational,0.514277,35.269779
14800,Karaba Dispensary (Laikipia West),Laikipia,Laikipia West,Dispensary,Ministry of Health,0,0,f,f,Operational,0.366667,37.033333
10476,Karaba Health Centre (Nyeri South),Nyeri,Mukurweini,Health Centre,Ministry of Health,5,1,f,f,Operational,-0.416667,36.95
14801,Karagita Dispensary,Nakuru,Naivasha,Dispensary,Ministry of Health,2,7,f,f,Operational,-0.303099,36.080026
19665,Karai Medical Clinic,Nyandarua,Nyandarua North,Medical Clinic,Private Practice - Nurse / Midwife,0,0,f,f,Operational,-0.183333,36.366667
10478,Karaini (ACK) Dispensary,Kirinyaga,Kirinyaga Central,Dispensary,Christian Health Association of Kenya,0,0,f,f,Operational,-0.5,37.283333
12196,Karandini Dispensary,Tharaka Nithi,Meru South,Dispensary,Ministry of Health,0,0,f,f,Operational,,
17771,Karandini Medical Clinic,Tharaka Nithi,Meru South,Medical Clinic,Private Practice - Clinical Officer,0,0,f,f,Operational,,
19013,Kapkres Medical Clinic,West Pokot,Pokot South,Medical Clinic,Private Practice - Clinical Officer,0,0,f,f,Operational,1.233333,35.116667
14729,Kapkuei Dispensary,Baringo,Baringo Central,Dispensary,Ministry of Health,0,0,f,f,Operational,0.466667,35.966667
21245,Kapkuikui Dispensary,Baringo,Marigat,Dispensary,Ministry of Health,0,0,f,f,Operational,0.466667,35.966667
14732,Kapkures Dispensary (Baringo),Baringo,Baringo Central,Dispensary,Ministry of Health,0,0,f,f,Pending Opening,0.466667,35.966667
17318,Kapkures Dispensary (Kericho),Kericho,Kericho,Dispensary,Ministry of Health,0,0,f,f,Operational,-0.366667,35.283333
16318,Kapkures Dispensary (Sotik),Bomet,Sotik,Dispensary,Ministry of Health,0,0,f,f,Operational,-0.783333,35.35
17756,Kapkwen Dispensary,Kericho,Kipkelion,Dispensary,Ministry of Health,4,0,f,f,Operational,-0.366667,35.283333
17301,Kaplamai Dispensary,Nakuru,Kuresoi,Dispensary,Ministry of Health,0,0,f,f,Operational,-0.303099,36.080026
14734,Kaplamai Health Centre,Trans Nzoia,Trans Nzoia East,Health Centre,Ministry of Health,10,0,f,f,Operational,1.016667,34.983333
14735,Kaplel Dispensary,Baringo,Baringo Central,Dispensary,Ministry of Health,0,0,f,f,Operational,0.466667,35.966667
14736,Kaplelach Chepyakwai,Uasin Gishu,Wareng,Dispensary,Ministry of Health,0,0,f,f,Operational,0.514277,35.269779
19018,Kaplelach Clinic,West Pokot,Pokot South,Medical Clinic,Private Practice - Nurse / Midwife,0,0,f,f,Operational,1.233333,35.116667
14737,Kaplelach Tumoge,Uasin Gishu,Wareng,Dispensary,Ministry of Health,0,0,f,f,Operational,0.514277,35.269779
14738,Kaplelartet Dispensary,Kericho,Belgut,Dispensary,Ministry of Health,0,0,f,f,Operational,-0.366667,35.283333
14739,Kaplenge Dispensary,Elgeyo Marakwet,Marakwet West,Dispensary,Ministry of Health,0,0,f,f,Operational,,
16674,Kapletingi Dispensary,Elgeyo Marakwet,Keiyo South,Dispensary,Ministry of Health,0,0,f,f,Operational,0.514277,35.269779
16317,Kapletundo Dispensary,Bomet,Sotik,Dispensary,Ministry of Health,0,0,f,f,Operational,-0.783333,35.35
14740,Kaplomboi Dispensary,Bomet,Sotik,Dispensary,Kenya Episcopal Conference-Catholic Secretariat,12,0,f,f,Operational,-0.783333,35.35
14741,Kaplong Hospital,Bomet,Sotik,Other Hospital,Kenya Episcopal Conference-Catholic Secretariat,159,6,f,f,Operational,-0.783333,35.35
14742,Kaplong Medical Clinic,Bomet,Sotik,Medical Clinic,Private Practice - General Practitioner,0,0,f,f,Operational,-0.783333,35.35
14743,Kapluk Dispensary,Baringo,Baringo North,Dispensary,Ministry of Health,0,0,f,f,Operational,0.466667,35.966667
14744,Kapngetuny Dispensary,Uasin Gishu,Eldoret East,Dispensary,Ministry of Health,5,0,f,f,Operational,0.516667,35.283333
14746,Kapnyeberai Dispensary,Nandi,Nandi Central,Dispensary,Kenya Episcopal Conference-Catholic Secretariat,0,0,f,f,Operational,0.166667,35.133333
14747,Kapoleseroi Dispensary,Bomet,Chepalungu,Dispensary,Ministry of Health,0,0,f,f,Operational,-0.783333,35.35
14748,Kaprachoge Tea Dispensary,Nandi,Nandi East,Dispensary,Company Medical Service,0,0,f,f,Operational,0.166667,35.133333
14749,Kapsabet District Hospital,Nandi,Nandi Central,District Hospital,Ministry of Health,137,6,f,f,Operational,0.166667,35.133333
14750,Kapsait Dispensary,Elgeyo Marakwet,Marakwet West,Dispensary,Ministry of Health,0,0,f,f,Operational,,
17043,Kapsait Dispensary (Pokot South),West Pokot,Pokot South,Dispensary,Ministry of Health,0,0,f,f,Operational,1.233333,35.116667
15923,Kapsambu Dispensary,Bungoma,Cheptais,Dispensary,Ministry of Health,0,0,f,f,Operational,0.566667,34.566667
18148,Kapsang'ar Dispensary,West Pokot,Pokot South,Dispensary,Other Faith Based,0,0,f,f,Operational,1.233333,35.116667
17294,Kapsangaru Dispensary,Bomet,Bomet Central,Dispensary,Ministry of Health,0,0,f,f,Pending Opening,-0.783333,35.35
14752,Kapsaos Dispensary,Nandi,Nandi South,Dispensary,Ministry of Health,4,0,f,f,Operational,0.166667,35.133333
14753,Kapsara District Hospital,Trans Nzoia,Trans Nzoia East,District Hospital,Ministry of Health,18,0,f,f,Operational,1.016667,34.983333
14755,Kapseger Dispensary,Kericho,Londiani,Dispensary,Ministry of Health,4,0,f,f,Operational,-0.366667,35.283333
14756,Kapsengere Dispensary,Nandi,Nandi South,Dispensary,Ministry of Health,0,0,f,f,Operational,-0.10221,34.761711
14757,Kapset Dispensary,Bomet,Konoin,Dispensary,Ministry of Health,0,0,f,f,Operational,-0.783333,35.35
14758,Kapsetek Dispensary,Nakuru,Rongai,Dispensary,Ministry of Health,0,0,f,f,Operational,-0.303099,36.080026
21081,Kapsiew Dispensary,Elgeyo Marakwet,Marakwet West,Dispensary,Ministry of Health,0,0,f,f,Operational,,
14917,Kapsikak Tea Dispensary,Nandi,Nandi East,Dispensary,Company Medical Service,0,0,f,f,Operational,0.166667,35.133333
16414,Kapsimbeiywo Dispensary,Nakuru,Kuresoi,Dispensary,Ministry of Health,0,0,f,f,Operational,-0.303099,36.080026
14759,Kapsimotwa Dispensary,Bomet,Bomet Central,Dispensary,Ministry of Health,0,0,f,f,Operational,-0.783333,35.35
14760,Kapsinendet Dispensary,Bomet,Konoin,Dispensary,Ministry of Health,0,0,f,f,Operational,-0.783333,35.35
17631,Kapsirichoi Dispensary,Nandi,Nandi Central,Dispensary,Other Faith Based,0,0,f,f,Operational,0.166667,35.133333
14761,Kapsisiywo Dispensary,Nandi,Chesumei,Dispensary,Ministry of Health,0,0,f,f,Operational,0.166667,35.133333
14762,Kapsitwet Dispensary,Trans Nzoia,Kwanza,Dispensary,Ministry of Health,0,0,f,f,Operational,1.016667,34.983333
14763,Kapsiwon Tea Dispensary,Nandi,Nandi East,Dispensary,Company Medical Service,0,0,f,f,Operational,0.166667,35.133333
17313,Kapsiya,Kericho,Belgut,Dispensary,Ministry of Health,0,0,f,f,Operational,-0.366667,35.283333
14764,Kapsogut Dispensary,Kericho,Bureti,Dispensary,Ministry of Health,0,0,f,f,Operational,-0.366667,35.283333
17138,Kapsoit,Kericho,Belgut,Dispensary,Ministry of Health,0,0,f,f,Operational,-0.366667,35.283333
14765,Kapsomboch Dispensary,Kericho,Belgut,Dispensary,Ministry of Health,0,0,f,f,Operational,-0.366667,35.283333
19157,Kapsongoi Dispensary,Kericho,Kericho,Dispensary,Private Enterprise (Institution),0,0,f,f,Operational,-0.366667,35.283333
14766,Kapsorok Dispenasry,Kericho,Kericho,Dispensary,Ministry of Health,2,0,f,f,Operational,-0.366667,35.283333
14767,Kapsowar (AIC) Hospital,Elgeyo Marakwet,Marakwet West,Other Hospital,Christian Health Association of Kenya,126,3,f,f,Operational,,
14768,Kapsowar Dispensary,Elgeyo Marakwet,Marakwet West,Dispensary,Ministry of Health,0,0,f,f,Operational,,
14769,Kapsoya Health Centre,Uasin Gishu,Eldoret East,Health Centre,Ministry of Health,0,0,f,f,Operational,0.514277,35.269779
17139,Kapsuser,Kericho,Belgut,Dispensary,Ministry of Health,0,0,f,f,Operational,-0.366667,35.283333
14770,Kapsuser Medical Clinic,Kericho,Belgut,Medical Clinic,Private Enterprise (Institution),0,0,f,f,Operational,-0.366667,35.283333
14772,Kaptabuk Dispensary,West Pokot,Pokot South,Dispensary,Ministry of Health,0,0,f,f,Operational,1.233333,35.116667
14771,Kaptabuk Dispensary (Marakwet),Elgeyo Marakwet,Marakwet West,Dispensary,Ministry of Health,0,0,f,f,Operational,,
14773,Kaptagat Forest Dispensary,Elgeyo Marakwet,Keiyo South,Dispensary,Ministry of Health,0,0,f,f,Operational,0.514277,35.269779
14774,Kaptalamwa Health Centre,Elgeyo Marakwet,Marakwet West,Health Centre,Ministry of Health,10,0,f,f,Operational,,
15924,Kaptalelio Dispensary,Bungoma,Mt Elgon,Dispensary,Ministry of Health,0,0,f,f,Operational,0.566667,34.566667
10481,Karangatha Health Centre,Nyandarua,Kinangop,Health Centre,Ministry of Health,6,0,f,f,Operational,-0.183333,36.366667
10482,Karangi Dispensary,Murang'a,Gatanga,Dispensary,Ministry of Health,0,0,f,f,Operational,-1.033333,37.066667
20625,Karanja Road Community Clinic,Nairobi,Kibra,Dispensary,Ministry of Health,0,0,f,f,Operational,-1.286389,36.817223
17377,Karanjee Medical Clinic,Kiambu,Limuru,Medical Clinic,Private Practice - Nurse / Midwife,0,0,f,f,Operational,-1.166667,36.833333
12197,Karare Dispensary,Marsabit,Marsabit,Dispensary,Kenya Episcopal Conference-Catholic Secretariat,0,0,f,f,Operational,2.333333,37.983333
17810,Kararia Dispensary,Elgeyo Marakwet,Marakwet East,Dispensary,Ministry of Health,0,0,f,f,Operational,,
16174,Karathe Medical Clinic,Murang'a,Muranga South,Medical Clinic,Private Practice - Nurse / Midwife,0,0,f,f,Operational,-0.716667,37.15
14802,Karati Dispensary,Nakuru,Naivasha,Dispensary,Ministry of Health,0,0,f,f,Operational,-0.303099,36.080026
10485,Karatina District Hospital,Nyeri,Mathira East,District Hospital,Ministry of Health,216,12,f,f,Operational,-0.416667,36.95
10487,Karatina Medical Services,Nyeri,Mathira East,Medical Clinic,Private Practice - Clinical Officer,0,0,f,f,Operational,-0.416667,36.95
19998,Karatina Model Health Centre,Kiambu,Lari,Health Centre,Ministry of Health,24,2,f,f,Operational,-1.166667,36.833333
19707,Karatina University Dispensary,Nyeri,Mathira East,Dispensary,Non-Governmental Organizations,0,0,f,f,Operational,-0.416667,36.95
10489,Karatu Health Centre,Kiambu,Gatundu,Health Centre,Ministry of Health,24,6,f,f,Operational,-1.166667,36.833333
12198,Karau Health Centre,Embu,Manyatta,Health Centre,Ministry of Health,25,2,f,f,Operational,-0.533333,37.45
18425,Karbururi Dispensary,Marsabit,Sololo,Dispensary,Ministry of Health,0,0,f,f,Operational,2.333333,37.983333
20637,Karebur Dispensary,Turkana,Turkana North,Dispensary,Ministry of Health,0,0,f,f,Operational,3.116667,35.6
13003,Karen Health Centre,Nairobi,Langata,Dispensary,Local Authority,0,0,f,f,Operational,-1.286389,36.817223
19714,Karen Hospital (Karatina),Nyeri,Mathira East,Medical Clinic,Private Practice - Nurse / Midwife,0,0,f,f,Operational,-0.416667,36.95
10491,Karen Hospital Annex,Nyeri,Nyeri Central,Medical Clinic,Private Practice - Medical Specialist,0,0,f,f,Operational,-0.416667,36.95
15481,Karen Roses Dispensary,Baringo,Koibatek,Dispensary,Private Enterprise (Institution),0,0,f,f,Operational,0.466667,35.966667
19100,Karengata Community Medical Centre,Nairobi,Langata,Medical Clinic,Private Practice - Clinical Officer,0,0,f,f,Operational,-1.286389,36.817223
18452,Karerema Dispensary,Embu,Mbeere North,Dispensary,Ministry of Health,4,0,f,f,Operational,-0.533333,37.45
20609,Kargi Health Centre,Marsabit,Loyangalani,Health Centre,Ministry of Health,4,4,f,f,Operational,2.333333,37.983333
21067,KARI,Kisii,Kisii Central,Dispensary,Ministry of Health,0,0,f,f,Not-Operational,-0.683333,34.766667
13005,Kari Health Clinic,Nairobi,Westlands,Medical Clinic,Ministry of Health,0,0,f,f,Operational,-1.286389,36.817223
12200,Karia Dispensary,Meru,Imenti South,Dispensary,Christian Health Association of Kenya,0,0,f,f,Operational,0.05,37.65
16998,Karia Health Centre (Nyeri South),Nyeri,Nyeri Central,Health Centre,Ministry of Health,0,0,f,f,Operational,-0.416667,36.95
16445,Kariko Dispensary,Kirinyaga,Kirinyaga Central,Dispensary,Ministry of Health,0,0,f,f,Operational,-0.5,37.283333
10494,Kariko Dispensary (Nyeri South),Nyeri,Nyeri South,Dispensary,Ministry of Health,0,0,f,f,Operational,-0.416667,36.95
15927,Karima Dispensary,Bungoma,Bungoma North,Dispensary,Ministry of Health,0,0,f,f,Operational,0.566667,34.566667
10496,Karima Dispensary (Nyeri South),Nyeri,Nyeri South,Dispensary,Ministry of Health,0,0,f,f,Operational,-0.416667,36.95
18670,Karimaini Community Dispensary,Kirinyaga,Kirinyaga West,Dispensary,Ministry of Health,0,0,f,f,Operational,-0.5,37.283333
20344,Karimboni Dispensary,Kilifi,Magarini,Dispensary,Ministry of Health,0,0,f,f,Operational,-3.633333,39.85
12202,Karimonga Dispensary,Meru,Meru Central,Dispensary,Christian Health Association of Kenya,0,0,f,f,Operational,0.05,37.65
20311,Karindundu dispensary,Nyeri,Mathira East,Dispensary,Ministry of Health,0,0,f,f,Pending Opening,-0.416667,36.95
10497,Karinga Mission,Kiambu,Gatundu,Dispensary,Kenya Episcopal Conference-Catholic Secretariat,0,0,f,f,Operational,-1.166667,36.833333
18743,Kariobangi EDARP,Nairobi,Kasarani,Dispensary,Kenya Episcopal Conference-Catholic Secretariat,0,0,f,f,Operational,-1.286389,36.817223
13006,Kariobangi Health Centre,Nairobi,Kasarani,Dispensary,Local Authority,0,0,f,f,Operational,-1.286389,36.817223
17434,Kariobangi South Clinic,Nairobi,Embakasi West,Medical Clinic,Local Authority,0,0,f,f,Operational,-1.286389,36.817223
13007,Kariokor Clinic,Nairobi,Starehe,Dispensary,Local Authority,0,0,f,f,Operational,-1.286389,36.817223
20555,Karirana Medical Clinic,Kiambu,Limuru,Dispensary,Company Medical Service,0,0,f,f,Operational,-1.166667,36.833333
10499,Kariti Dispensary,Murang'a,Kandara,Dispensary,Ministry of Health,0,0,f,f,Operational,-0.716667,37.15
10500,Kariua Dispensary,Murang'a,Kandara,Dispensary,Ministry of Health,0,0,f,f,Operational,-0.716667,37.15
10501,Kariumba Medical Clinic,Nyeri,Nyeri Central,Medical Clinic,Private Practice - Nurse / Midwife,0,0,f,f,Operational,-0.416667,36.95
17995,Karomo Medical Clinic,Nairobi,Kasarani,Medical Clinic,Private Enterprise (Institution),0,0,f,f,Operational,-1.286389,36.817223
16237,Karuguaru Dispensary,Tharaka Nithi,Tharaka North,Dispensary,Ministry of Health,0,0,f,f,Operational,,
10504,Karumandi  Health Centre,Kirinyaga,Kirinyaga East,Health Centre,Ministry of Health,4,0,f,f,Operational,-0.5,37.283333
14804,Karuna Dispensary,Uasin Gishu,Eldoret East,Dispensary,Ministry of Health,0,0,f,f,Operational,0.514277,35.269779
19769,Karundu Medical Clinic,Nyeri,Mukurweini,Medical Clinic,Private Enterprise (Institution),0,0,f,f,Operational,-0.416667,36.95
14805,Karunga Dispensary,Nakuru,Gilgil,Dispensary,Ministry of Health,6,2,f,f,Operational,-0.303099,36.080026
17533,Karuoth Dispensary,Siaya,Siaya,Dispensary,Ministry of Health,0,0,f,f,Operational,0.066667,34.283333
10506,Karura (SDA) Dispensary,Kiambu,Kiambu,Dispensary,Christian Health Association of Kenya,0,0,f,f,Operational,-1.286389,36.817223
16939,Karura Dispensary,Kitui,Mwingi Central,Dispensary,Ministry of Health,0,0,f,f,Not-Operational,-1.366667,38.016667
13009,Karura Health Centre (Kiambu Rd),Nairobi,Westlands,Health Centre,Local Authority,0,0,f,f,Operational,-1.286389,36.817223
20510,Karurah Dispensary,Embu,Mbeere South,Dispensary,Ministry of Health,0,0,f,f,Operational,-0.533333,37.45
10507,Karuri Health Centre,Kiambu,Kiambu,Health Centre,Ministry of Health,18,1,f,f,Operational,-1.166667,36.833333
20502,Karurina Dispensary,Embu,Manyatta,Dispensary,Ministry of Health,0,0,f,f,Operational,-0.533333,37.45
12203,Karurumo Rhtc,Embu,Embu East,Health Centre,Ministry of Health,18,2,f,f,Operational,-0.533333,37.45
15559,Karuturi Hospital,Nakuru,Naivasha,Other Hospital,Company Medical Service,40,2,f,f,Operational,-0.303099,36.080026
12204,Kasaala Health Centre,Kitui,Mutomo,Health Centre,Ministry of Health,2,0,f,f,Operational,-1.366667,38.016667
16855,Kasafari Dispensary (CDF),Embu,Embu East,Dispensary,Ministry of Health,0,0,f,f,Operational,-0.533333,37.45
20353,Kasaka,Baringo,Baringo North,Dispensary,Ministry of Health,0,0,f,f,Operational,0.466667,35.966667
13010,Kasarani Health Centre,Nairobi,Kasarani,Dispensary,Local Authority,0,0,f,f,Operational,-1.286389,36.817223
13011,Kasarani Maternity,Nairobi,Kasarani,Maternity Home,Private Practice - Nurse / Midwife,60,12,f,f,Operational,-1.286389,36.817223
18545,Kasarani Medical Clinic Wote,Makueni,Makueni,Medical Clinic,Private Practice - Clinical Officer,0,0,f,f,Operational,-1.8,37.616667
13012,Kasarani Medical Health Centre,Nairobi,Kasarani,Health Centre,Private Enterprise (Institution),0,0,f,f,Operational,-1.286389,36.817223
14807,Kasei Dispensary,West Pokot,North Pokot,Dispensary,Ministry of Health,0,0,f,f,Operational,1.233333,35.116667
12206,Kaseve Medical Clinic,Machakos,Machakos,Medical Clinic,Private Practice - Clinical Officer,0,0,f,f,Operational,-1.516667,37.266667
16928,Kasevi Dispensary,Kitui,Mwingi West,Dispensary,Ministry of Health,0,0,f,f,Operational,-1.366667,38.016667
20153,Kasewe Dispensary,Homa Bay,Rachuonyo South,Dispensary,Ministry of Health,0,0,f,f,Operational,-0.516667,34.45
20700,KASH DICE,Kisumu,Kisumu East,Medical Clinic,Non-Governmental Organizations,0,0,f,f,Operational,-0.10221,34.761711
20352,Kasha Dispensary,Garissa,Garissa,Dispensary,Ministry of Health,0,0,f,f,Operational,-0.456944,39.658333
11455,Kasigau Rdch,Taita Taveta,Voi,Health Centre,Ministry of Health,12,0,f,f,Operational,,
12207,Kasikeu Catholic Health Centre,Makueni,Mukaa,Health Centre,Kenya Episcopal Conference-Catholic Secretariat,8,0,f,f,Operational,-1.8,37.616667
14864,Kilgoris (Cog) Dispensary,Narok,Trans Mara West - Dikirr,Dispensary,Christian Health Association of Kenya,0,0,f,f,Operational,-1.083333,35.866667
14865,Kilgoris Medical Centre,Narok,Trans Mara West - Dikirr,Medical Clinic,Private Enterprise (Institution),0,0,f,f,Operational,-1.083333,35.866667
14866,Kilibwoni Health Centre,Nandi,Nandi Central,Health Centre,Ministry of Health,15,2,f,f,Operational,0.166667,35.133333
20935,Kilifi County Beyond Zero Campaign Mobile Dispensary,Kilifi,Kilifi North,Dispensary,Ministry of Health,0,0,f,f,Operational,-3.633333,39.85
11474,Kilifi District Hospital,Kilifi,Kilifi North,District Hospital,Ministry of Health,172,21,f,f,Operational,-3.633333,39.85
12312,Kilili Dispensary,Makueni,Nzaui,Dispensary,Ministry of Health,0,0,f,f,Operational,-1.8,37.616667
17380,Kililii Dispensary,Meru,Igembe South,Dispensary,Ministry of Health,0,0,f,f,Pending Opening,0.05,37.65
11476,Kilimangodo Dispensary,Kwale,Msambweni,Dispensary,Ministry of Health,0,0,f,f,Operational,-4.183333,39.45
20937,Kilimani Assessment Center,Kisumu,Kisumu East,Medical Clinic,Private Practice - Medical Specialist,22,0,f,f,Operational,-0.10221,34.761711
18249,Kilimanjaro Medical Clinic,Nyandarua,Nyandarua North,Medical Clinic,Private Practice - Nurse / Midwife,0,0,f,f,Operational,-0.183333,36.366667
20031,Kilimu Dispensary,Kitui,Kitui Central,Dispensary,Ministry of Health,0,0,f,f,Pending Opening,-1.366667,38.016667
15945,Kilingili Health Centre,Kakamega,Kakamega South (Ikolomani),Health Centre,Ministry of Health,2,2,f,f,Operational,0.284767,34.752308
16428,Kilinito Dispensary (CDF),Kajiado,Kajiado Central,Dispensary,Community Development Fund,0,0,f,f,Operational,-1.85,36.783333
18004,Kilisa Dispensary,Makueni,Makueni,Dispensary,Ministry of Health,0,0,f,f,Operational,-1.8,37.616667
13381,Kiliweheri Health Centre,Mandera,Banisa,Health Centre,Ministry of Health,0,0,f,f,Operational,3.933333,41.866667
12313,Kilome Nursing Home,Makueni,Nzaui,Nursing Home,Private Enterprise (Institution),35,0,f,f,Operational,-1.8,37.616667
20424,Kilonzo Dispensary,Kitui,Nzambani,Dispensary,Ministry of Health,0,0,f,f,Pending Opening,-1.366667,38.016667
19945,Kiltamany Dispensary,Samburu,Samburu East,Dispensary,Ministry of Health,0,0,f,f,Operational,1.316667,36.983333
16926,Kilulu Dispensary,Kitui,Mwingi Central,Dispensary,Ministry of Health,0,0,f,f,Operational,-1.366667,38.016667
12218,Katethya Medical Clinic,Kitui,Mwingi Central,Medical Clinic,Private Practice - Clinical Officer,0,0,f,f,Operational,-1.366667,38.016667
12222,Kathangacini Dispensary,Tharaka Nithi,Tharaka North,Dispensary,Ministry of Health,0,0,f,f,Operational,,
12223,Kathangari Dispensary,Embu,Manyatta,Dispensary,Ministry of Health,0,0,f,f,Operational,-0.533333,37.45
12225,Kathangariri Dispensary,Embu,Manyatta,Dispensary,Ministry of Health,0,0,f,f,Operational,-0.533333,37.45
12226,Kathanje Dispensary,Embu,Mbeere North,Dispensary,Ministry of Health,0,0,f,f,Operational,-0.533333,37.45
12227,Kathanjuri Dispensary,Embu,Embu East,Dispensary,Ministry of Health,0,0,f,f,Operational,-0.533333,37.45
19992,Kathathani Medical Clinic,Tharaka Nithi,Meru South,Medical Clinic,Private Practice - Nurse / Midwife,1,0,f,f,Operational,,
17382,Kathelwa Dispensary,Meru,Igembe Central,Dispensary,Ministry of Health,0,0,f,f,Pending Opening,0.05,37.65
12229,Kathera Dispensary,Meru,Imenti South,Dispensary,Christian Health Association of Kenya,0,0,f,f,Operational,0.05,37.65
17216,Katheri Health Centre,Meru,Meru Central,Health Centre,Ministry of Health,0,0,f,f,Operational,0.05,37.65
12230,Kathiani District Hospital,Machakos,Kathiani,District Hospital,Ministry of Health,188,3,f,f,Operational,-1.516667,37.266667
18902,Kathiani Medical Clinic,Machakos,Kathiani,Medical Clinic,Private Practice - Nurse / Midwife,0,0,f,f,Operational,-1.516667,37.266667
12232,Kathigu Health Centre,Meru,Imenti South,Health Centre,Ministry of Health,0,0,f,f,Operational,0.05,37.65
12233,Kathiranga Dispensary,Meru,Meru Central,Dispensary,Ministry of Health,0,0,f,f,Operational,0.05,37.65
12234,Kathithi Dispensary,Meru,Imenti North,Dispensary,Ministry of Health,0,0,f,f,Operational,0.05,37.65
18514,Kathome Dispensary,Kitui,Lower Yatta,Dispensary,Ministry of Health,0,0,f,f,Operational,-1.366667,38.016667
16251,Kathome Medical Clinic,Machakos,Machakos,Medical Clinic,Private Practice - Nurse / Midwife,0,0,f,f,Not-Operational,-1.516667,37.266667
12235,Kathonzweni Catholic Dispensary,Makueni,Kathonzweni,Dispensary,Kenya Episcopal Conference-Catholic Secretariat,2,2,f,f,Operational,-1.8,37.616667
12236,Kathonzweni Health Centre,Makueni,Kathonzweni,Health Centre,Ministry of Health,4,2,f,f,Operational,-1.8,37.616667
12237,Kathukini Dispensary,Machakos,Masinga,Dispensary,Ministry of Health,2,4,f,f,Operational,-1.516667,37.266667
19148,Kathungi Dispensary,Kitui,Katulani,Dispensary,Ministry of Health,0,0,f,f,Operational,-1.366667,38.016667
12239,Kathunguri Dispensary,Embu,Embu East,Dispensary,Ministry of Health,0,0,f,f,Operational,-0.533333,37.45
12240,Kathyaka Dispensary,Makueni,Kibwezi,Dispensary,Ministry of Health,2,1,f,f,Operational,-1.8,37.616667
14817,Katibel Dispensary,Baringo,Baringo North,Dispensary,Ministry of Health,0,0,f,f,Operational,0.466667,35.966667
20593,Katilia Dispensary,Turkana,Turkana East,Dispensary,Ministry of Health,0,0,f,f,Operational,3.116667,35.6
12241,Katilini Health Centre,Kitui,Mutomo,Health Centre,Ministry of Health,0,0,f,f,Operational,-1.366667,38.016667
14818,Katilu District Hospital,Turkana,Turkana South,District Hospital,Ministry of Health,20,2,f,f,Operational,3.116667,35.6
16969,Katipanga Dispensary,Murang'a,Muranga South,Dispensary,Ministry of Health,0,0,f,f,Operational,-0.716667,37.15
13657,Katito Health Centre,Kisumu,Nyakach,Health Centre,Ministry of Health,6,0,f,f,Operational,-0.10221,34.761711
18421,Katolo-Manyatta Dispensary,Kisumu,Nyando,Dispensary,Ministry of Health,0,0,f,f,Operational,-0.10221,34.761711
18246,Katothya Dispensary,Machakos,Masinga,Dispensary,Ministry of Health,0,1,f,f,Operational,-1.516667,37.266667
12242,Katse Health Centre,Kitui,Mumoni,Health Centre,Ministry of Health,3,0,f,f,Operational,-1.366667,38.016667
12243,Katse Medical Clinic,Kitui,Kyuso,Medical Clinic,Private Enterprise (Institution),0,0,f,f,Operational,-1.366667,38.016667
14819,Katuiyo Dispensary,Uasin Gishu,Eldoret East,Dispensary,Ministry of Health,0,0,f,f,Operational,0.516667,35.283333
20261,Katulani Medical Clinic(kitui),Kitui,Katulani,Medical Clinic,Private Practice - Clinical Officer,0,0,f,f,Operational,-1.366667,38.016667
16991,Katulani Sub District Hospital (Kitui),Kitui,Katulani,Sub-District Hospital,Ministry of Health,50,6,f,f,Operational,-1.366667,38.016667
12246,Katulye Dispensary,Machakos,Masinga,Dispensary,Ministry of Health,0,1,f,f,Operational,-1.516667,37.266667
17433,Katulye Dispensary-Nzaui,Makueni,Nzaui,Dispensary,Ministry of Health,0,0,f,f,Operational,-1.8,37.616667
12247,Katumani Dispensary,Machakos,Machakos,Dispensary,Ministry of Health,4,0,f,f,Operational,-1.516667,37.266667
12248,Katumbu Dispensary,Kitui,Nzambani,Dispensary,Ministry of Health,0,0,f,f,Operational,-1.366667,38.016667
12249,Katutu Dispensary,Kitui,Kitui West,Dispensary,Ministry of Health,1,0,f,f,Operational,-1.366667,38.016667
12388,Katwala Dispensary,Kitui,Kisasi,Dispensary,Ministry of Health,0,0,f,f,Operational,-1.366667,38.016667
12251,Katyethoka Health Centre,Kitui,Mutomo,Health Centre,Ministry of Health,4,0,f,f,Operational,-1.366667,38.016667
11456,Kau Dispensary,Tana River,Tana Delta,Dispensary,Ministry of Health,0,0,f,f,Operational,-1.5,40.033333
12252,Kauma Dispensary (Kitui),Kitui,Matinyani,Dispensary,Ministry of Health,0,0,f,f,Operational,-1.366667,38.016667
13658,Kauma Health Centre (Rachuonyo),Homa Bay,Rachuonyo South,Health Centre,Ministry of Health,0,0,f,f,Operational,-0.516667,34.45
12253,Kaumu Dispensary,Kitui,Kitui Central,Dispensary,Ministry of Health,8,0,f,f,Operational,-1.366667,38.016667
21161,Kaunes Medical Centers,Tharaka Nithi,Meru South,Medical Clinic,Ministry of Health,0,0,f,f,Operational,,
12720,Kaune's Medical Clinic,Embu,Embu East,Medical Clinic,Private Enterprise (Institution),0,0,f,f,Operational,-0.533333,37.45
18316,Kaunguni Dispensary,Makueni,Makindu,Dispensary,Ministry of Health,0,0,f,f,Operational,-1.8,37.616667
18230,Kauthulini Dispensary,Machakos,Yatta,Dispensary,Ministry of Health,2,1,f,f,Operational,-1.516667,37.266667
12255,Kauwi Sub-District Hospital,Kitui,Kitui West,Sub-District Hospital,Ministry of Health,12,2,f,f,Operational,-1.366667,38.016667
17163,Kavatanzou Dispensary,Makueni,Makueni,Dispensary,Ministry of Health,2,2,f,f,Operational,-1.8,37.616667
12257,Kaviani Health Centre,Machakos,Kathiani,Health Centre,Ministry of Health,2,0,f,f,Operational,-1.516667,37.266667
12258,Kavindu Health Centre,Kitui,Mwingi East,Health Centre,Ministry of Health,0,0,f,f,Operational,-1.366667,38.016667
12259,Kavisuni Dispensary,Kitui,Katulani,Dispensary,Ministry of Health,0,0,f,f,Operational,-1.366667,38.016667
12260,Kavisuni Health Care Clinic,Kitui,Katulani,Medical Clinic,Private Enterprise (Institution),0,0,f,f,Operational,-1.366667,38.016667
12261,Kavumbu Dispensary,Makueni,Mbooni East,Dispensary,Ministry of Health,2,2,f,f,Operational,-1.8,37.616667
12262,Kavuta Dispensary,Kitui,Katulani,Dispensary,Ministry of Health,0,0,f,f,Operational,-1.366667,38.016667
12263,Kavuthu H/Centre,Makueni,Nzaui,Health Centre,Ministry of Health,0,0,f,f,Operational,-1.8,37.616667
19513,Kawangware Health Centre,Nairobi,Dagoretti North,Dispensary,Private Enterprise (Institution),0,0,f,f,Operational,-1.286389,36.817223
17262,Kawiru Dispensary,Meru,Igembe Central,Dispensary,Ministry of Health,0,0,f,f,Not-Operational,0.05,37.65
19076,Kawongo Medical Centre,Kitui,Kitui Central,Medical Clinic,Private Enterprise (Institution),0,0,f,f,Operational,-1.286389,36.817223
16340,Kayanet Clinic,Uasin Gishu,Wareng,Medical Clinic,Private Enterprise (Institution),0,0,f,f,Operational,0.514277,35.269779
16710,Kayaya Dispensary,Bungoma,Bungoma East,Dispensary,Ministry of Health,0,0,f,f,Operational,0.566667,34.566667
13644,Kagwa Health Centre,Siaya,Rarieda,Health Centre,Ministry of Health,2,0,f,f,Operational,0.066667,34.283333
10412,Kagwe Catholic Dispensary,Kiambu,Lari,Dispensary,Kenya Episcopal Conference-Catholic Secretariat,0,0,f,f,Operational,-1.166667,36.833333
10413,Kagwe Dispensary,Kiambu,Lari,Dispensary,Ministry of Health,0,0,f,f,Operational,-1.166667,36.833333
10415,Kagwe Health Services Clinic,Kiambu,Lari,Medical Clinic,Private Practice - Nurse / Midwife,2,0,f,f,Operational,-1.166667,36.833333
18358,Kahaaro Dispensary,Nyeri,Mukurweini,Dispensary,Ministry of Health,0,0,f,f,Operational,-0.416667,36.95
19774,Kahaaro Medical Clinic,Nyeri,Tetu,Medical Clinic,Private Practice - Nurse / Midwife,0,0,f,f,Operational,-0.416667,36.95
11450,Kahada Medical Clinic,Mombasa,Changamwe,Medical Clinic,Private Enterprise (Institution),0,0,f,f,Operational,-4.043477,39.668205
10417,Kaharo Dispensary,Murang'a,Muranga South,Dispensary,Ministry of Health,0,0,f,f,Operational,-0.716667,37.15
10418,Kahatia Medical Clinic,Murang'a,Kahuro,Medical Clinic,Private Practice - Clinical Officer,0,0,f,f,Operational,-0.716667,37.15
13645,Kahawa Dispensary,Nyamira,Borabu,Dispensary,Ministry of Health,1,0,f,f,Operational,-0.633333,34.933333
10308,Kahawa Wendani Hospital,Kiambu,Ruiru,Other Hospital,Private Enterprise (Institution),12,2,f,f,Operational,-1.286389,36.817223
12997,Kahawa West Health Centre,Nairobi,Roysambu,Health Centre,Local Authority,24,4,f,f,Operational,-1.286389,36.817223
10419,Kahembe Health Centre,Nyandarua,Nyandarua North,Health Centre,Ministry of Health,12,0,f,f,Operational,-0.183333,36.366667
10420,Kaheti Dispensary & Maternity,Nyeri,Mukurweini,Dispensary,Kenya Episcopal Conference-Catholic Secretariat,4,0,f,f,Operational,-0.416667,36.95
10421,Kahiga Dispensary,Nyeri,Nyeri Central,Dispensary,Ministry of Health,0,0,f,f,Operational,-0.416667,36.95
20862,Kahuho Community Dispensary,Kiambu,Kikuyu,Dispensary,Ministry of Health,0,0,f,f,Operational,-1.166667,36.833333
10424,Kahuho Private Dispensary,Kiambu,Kikuyu,Dispensary,Private Enterprise (Institution),0,0,f,f,Operational,-1.166667,36.833333
21077,Kahurru Dispensary,Nyandarua,Nyandarua Central,Dispensary,Ministry of Health,0,0,f,f,Operational,-0.183333,36.366667
16961,Kaia Dispensary,Makueni,Kilungu,Dispensary,Ministry of Health,0,0,f,f,Operational,-1.8,37.616667
12127,Kaiani (ABC) Dispensary,Machakos,Kathiani,Dispensary,Christian Health Association of Kenya,0,2,f,f,Operational,-1.516667,37.266667
17049,Kaiani Dispensary,Machakos,Mwala,Dispensary,Ministry of Health,1,1,f,f,Operational,-1.516667,37.266667
14639,Kaibei Dispensary,Trans Nzoia,Kwanza,Dispensary,Ministry of Health,0,0,f,f,Operational,1.016667,34.983333
14641,Kaibos Dipensary,West Pokot,West Pokot,Dispensary,Ministry of Health,0,0,f,f,Operational,1.233333,35.116667
14643,Kaikor Health Centre,Turkana,Turkana North,Health Centre,Ministry of Health,0,0,f,f,Operational,3.116667,35.6
10429,Kaimbaga Dispensary,Nyandarua,Nyandarua Central,Dispensary,Ministry of Health,0,0,f,f,Operational,-0.183333,36.366667
15913,Kaimosi Mission Hospital,Vihiga,Hamisi,Other Hospital,Other Faith Based,50,10,f,f,Operational,0.083333,34.716667
14644,Kaimosi Tea Dispensary,Nandi,Nandi Central,Dispensary,Company Medical Service,6,0,f,f,Operational,0.166667,35.133333
14645,Kainuk Health Centre,Turkana,Turkana South,Health Centre,Ministry of Health,6,2,f,f,Operational,3.116667,35.6
10430,Kairi Medical Clinic,Kiambu,Gatundu North,Medical Clinic,Private Practice - Nurse / Midwife,0,0,f,f,Operational,-1.033333,37.066667
10431,Kairini Dispensary,Kirinyaga,Kirinyaga West,Dispensary,Ministry of Health,0,0,f,f,Operational,-0.5,37.283333
10432,Kairo Dispensary,Murang'a,Mathioya,Dispensary,Ministry of Health,0,0,f,f,Operational,-0.716667,37.15
12129,Kairungu Dispensary (Mwingi),Kitui,Mwingi Central,Dispensary,Ministry of Health,0,0,f,f,Operational,-1.366667,38.016667
12130,Kairuri Health Centre,Embu,Manyatta,Health Centre,Ministry of Health,14,0,f,f,Operational,-0.533333,37.45
10434,Kairuthi Dispensary,Nyeri,Nyeri South,Dispensary,Ministry of Health,0,0,f,f,Operational,-0.416667,36.95
14646,Kaisagat Health Centre,Trans Nzoia,Kwanza,Health Centre,Ministry of Health,0,0,f,f,Operational,1.016667,34.983333
14647,Kaisugu Dispensary,Kericho,Londiani,Dispensary,Company Medical Service,0,0,f,f,Operational,-0.366667,35.283333
17477,Kaitese Dispensary,Turkana,Loima,Dispensary,Ministry of Health,0,0,f,f,Operational,3.116667,35.6
14649,Kaitui Dispensary,Kericho,Kericho,Dispensary,Ministry of Health,2,0,f,f,Operational,-0.366667,35.283333
10435,Kaiyaba Dispensary,Nyeri,Mathira West,Dispensary,Ministry of Health,0,0,f,f,Operational,-0.416667,36.95
17695,Kajabdar Medical Clinic,Mombasa,Likoni,Medical Clinic,Private Practice - Clinical Officer,0,0,f,f,Operational,-4.043477,39.668205
20705,Kajaja 2 Dispensary,Wajir,Tarbaj,Dispensary,Ministry of Health,0,0,f,f,Operational,1.75,40.066667
14652,Kajiado District Hospital,Kajiado,Kajiado Central,District Hospital,Ministry of Health,138,4,f,f,Operational,-1.85,36.783333
12131,Kajiampau Dispensary,Tharaka Nithi,Meru South,Dispensary,Christian Health Association of Kenya,0,0,f,f,Operational,,
13646,Kajieyi Dispensary,Homa Bay,Rachuonyo North,Dispensary,Ministry of Health,0,0,f,f,Operational,-0.516667,34.45
11451,Kajire Dispensary,Taita Taveta,Voi,Dispensary,Ministry of Health,0,0,f,f,Operational,,
12132,Kajuki Health Centre,Tharaka Nithi,Meru South,Health Centre,Ministry of Health,8,0,f,f,Operational,,
18928,Kaka Health Clinic,Meru,Igembe Central,Medical Clinic,Private Practice - Nurse / Midwife,0,0,f,f,Operational,0.05,37.65
15844,Kakamega Central Nursing Home,Kakamega,Kakamega Central (Lurambi),Nursing Home,Private Enterprise (Institution),56,12,f,f,Operational,0.284767,34.752308
21020,Kakamega County Beyond Zero Mobile Clinic,Kakamega,Kakamega Central (Lurambi),Dispensary,Ministry of Health,0,0,f,f,Operational,0.284767,34.752308
15914,Kakamega Forest Dispensary,Kakamega,Kakamega East (Shinyalu),Dispensary,Ministry of Health,0,0,f,f,Operational,0.284767,34.752308
15915,Kakamega Provincial General Hospital (PGH),Kakamega,Kakamega Central (Lurambi),Provincial General Hospital,Ministry of Health,449,79,f,f,Operational,0.284767,34.752308
12134,Kakeani Dispensary,Kitui,Kitui West,Dispensary,Ministry of Health,7,0,f,f,Operational,-1.366667,38.016667
20639,Kakelae Dispensary,Turkana,Turkana North,Dispensary,Ministry of Health,0,0,f,f,Not-Operational,3.116667,35.6
17961,Kaki Family Medical Clinic,Meru,Imenti South,Medical Clinic,Private Practice - Nurse / Midwife,0,0,f,f,Operational,0.05,37.65
14653,Kakiptui Dispensary,Kericho,Belgut,Dispensary,Ministry of Health,3,0,f,f,Operational,-0.366667,35.283333
12135,Kako Dispensary,Makueni,Mbooni East,Dispensary,Ministry of Health,2,0,f,f,Operational,-1.8,37.616667
11452,Kakoneni Dispensary,Kilifi,Malindi,Dispensary,Ministry of Health,0,0,f,f,Operational,-3.216667,40.116667
12136,Kakongo Dispensary,Machakos,Masinga,Dispensary,Ministry of Health,0,1,f,f,Operational,-1.516667,37.266667
12137,Kakululo Dispensary,Kitui,Mwingi West,Dispensary,Ministry of Health,0,0,f,f,Operational,-1.366667,38.016667
14655,Kakuma Mission Hospital,Turkana,Turkana West,Other Hospital,Kenya Episcopal Conference-Catholic Secretariat,57,2,f,f,Operational,3.116667,35.6
12138,Kakungu Dispensary,Kitui,Nzambani,Dispensary,Ministry of Health,0,0,f,f,Operational,-1.366667,38.016667
17268,Kakutha Dispensary,Makueni,Nzaui,Dispensary,Ministry of Health,0,0,f,f,Operational,-1.8,37.616667
12139,Kakuuni Dispensary,Kitui,Katulani,Dispensary,Ministry of Health,0,0,f,f,Operational,-1.366667,38.016667
11453,Kakuyuni Dispensary (Malindi),Kilifi,Malindi,Dispensary,Ministry of Health,0,0,f,f,Operational,-3.216667,40.116667
14656,Kakwanyang Dispensary,Turkana,Turkana Central,Dispensary,Ministry of Health,0,0,f,f,Operational,3.116667,35.6
14657,Kalaacha Dispensary,Kericho,Bureti,Dispensary,Ministry of Health,18,0,f,f,Operational,-0.366667,35.283333
17100,Kalabata Dispensary,Baringo,Baringo North,Dispensary,Ministry of Health,0,0,f,f,Operational,0.466667,35.966667
12141,Kalacha (AIC) Dispensary,Marsabit,Marsabit North,Dispensary,Christian Health Association of Kenya,0,0,f,f,Operational,2.333333,37.983333
12142,Kalacha Hospital (Chalbi),Marsabit,Marsabit North,District Hospital,Ministry of Health,0,0,f,f,Operational,2.333333,37.983333
14659,Kalalu Dispensary,Laikipia,Laikipia East,Dispensary,Ministry of Health,0,0,f,f,Operational,0.366667,37.033333
12144,Kalama Dispensary,Machakos,Machakos,Dispensary,Ministry of Health,4,0,f,f,Operational,-1.516667,37.266667
17602,Kalambani Dispensary,Kitui,Mutomo,Dispensary,Ministry of Health,0,0,f,f,Operational,-1.366667,38.016667
17089,Kalamene Dispensary,Meru,Igembe South,Dispensary,Ministry of Health,0,0,f,f,Operational,0.05,37.65
16654,Kalanga Dispensary,Kitui,Mwingi East,Dispensary,Ministry of Health,0,0,f,f,Operational,-1.366667,38.016667
16862,Kalatine Dispensary,Kitui,Mumoni,Dispensary,Ministry of Health,0,0,f,f,Operational,-1.366667,38.016667
12147,Kalawa Health Centre,Makueni,Mbooni East,Health Centre,Ministry of Health,7,3,f,f,Operational,-1.8,37.616667
20365,Kalemrekai Dispensary,West Pokot,West Pokot,Dispensary,Ministry of Health,0,0,f,f,Operational,1.233333,35.116667
14660,Kalemungorok Dispensary,Turkana,Turkana South,Dispensary,Ministry of Health,0,0,f,f,Operational,3.116667,35.6
12148,Kalewa Dispensary,Tharaka Nithi,Maara,Dispensary,Ministry of Health,0,0,f,f,Operational,,
18079,Kaliakakya Dispensary,Kitui,Kitui Central,Dispensary,Ministry of Health,0,0,f,f,Operational,-1.366667,38.016667
12150,Kaliani Health Centre,Makueni,Mbooni West,Health Centre,Ministry of Health,18,0,f,f,Operational,-1.8,37.616667
16643,Kalii Dispensary,Makueni,Makindu,Dispensary,Ministry of Health,2,0,f,f,Operational,-1.8,37.616667
12151,Kaliku Dispensary,Kitui,Mutitu,Dispensary,Ministry of Health,0,0,f,f,Operational,-1.366667,38.016667
12152,Kalikuvu Dispensary,Kitui,Katulani,Dispensary,Ministry of Health,0,0,f,f,Operational,-1.366667,38.016667
18811,Kalima Dispensary,Makueni,Nzaui,Dispensary,Ministry of Health,2,0,f,f,Operational,-1.8,37.616667
12153,Kalimani Disensary,Kitui,Matinyani,Dispensary,Ministry of Health,0,0,f,f,Operational,-1.366667,38.016667
17919,Kalimani Dispensary,Makueni,Kibwezi,Dispensary,Ministry of Health,2,0,f,f,Operational,-1.8,37.616667
17064,Kalimbene Dispensary,Meru,Igembe Central,Dispensary,Ministry of Health,0,0,f,f,Pending Opening,0.05,37.65
18200,Kalimoni Hospital (Ruiru),Kiambu,Ruiru,Health Centre,Kenya Episcopal Conference-Catholic Secretariat,5,0,f,f,Operational,-1.166667,36.833333
10438,Kalimoni Hospital (Thika),Kiambu,Thika West,Other Hospital,Kenya Episcopal Conference-Catholic Secretariat,29,6,f,f,Operational,-1.166667,36.833333
12154,Kalisasi Dispensary,Kitui,Mwingi Central,Dispensary,Ministry of Health,0,0,f,f,Operational,-1.366667,38.016667
12155,Kalitini Dispensary,Kitui,Mwingi East,Dispensary,Ministry of Health,0,0,f,f,Operational,-1.366667,38.016667
14663,Kalokol (AIC) Health Centre,Turkana,Turkana Central,Health Centre,Christian Health Association of Kenya,20,2,f,f,Operational,3.116667,35.6
20773,Kalokol Dispensary,Turkana,Turkana Central,Dispensary,Ministry of Health,2,2,f,f,Pending Opening,3.116667,35.6
12998,Kaloleni Dispensary,Nairobi,Makadara,Dispensary,Local Authority,0,0,f,f,Operational,-1.286389,36.817223
12999,Kaloleni Health Servics,Nairobi,Makadara,Medical Clinic,Private Enterprise (Institution),5,0,f,f,Operational,-1.286389,36.817223
19664,Kaloleni Medical Clinic,Trans Nzoia,Trans Nzoia West,Medical Clinic,Private Practice - Nurse / Midwife,0,0,f,f,Operational,1.016667,34.983333
20733,Kalukuni Mission Dispensary,Machakos,Yatta,Dispensary,Kenya Episcopal Conference-Catholic Secretariat,0,1,f,f,Operational,-1.516667,37.266667
18516,Kalulini Dispensary,Kitui,Lower Yatta,Dispensary,Ministry of Health,0,0,f,f,Operational,-1.366667,38.016667
12156,Kalulini Dispensary (Kibwezi),Makueni,Kibwezi,Health Centre,Ministry of Health,4,0,f,f,Operational,-1.8,37.616667
20422,Kalulu Dispensary,Kitui,Nzambani,Dispensary,Ministry of Health,0,0,f,f,Pending Opening,-1.366667,38.016667
12157,Kalunga Dispensary,Machakos,Kathiani,Dispensary,Ministry of Health,1,0,f,f,Operational,-1.516667,37.266667
14664,Kalwal Dispensary,Elgeyo Marakwet,Keiyo South,Dispensary,Ministry of Health,0,0,f,f,Operational,,
14665,Kalyet Clinic (Kipkelion),Kericho,Londiani,Medical Clinic,Private Enterprise (Institution),0,0,f,f,Operational,-0.366667,35.283333
13015,Kayole I Health Centre,Nairobi,Embakasi Central,Health Centre,Local Authority,24,1,f,f,Operational,-1.286389,36.817223
13016,Kayole II Sub-District Hospital,Nairobi,Embakasi Central,Health Centre,Local Authority,24,1,f,f,Operational,-1.286389,36.817223
12268,Kea Dispensary,Kitui,Mwingi West,Dispensary,Ministry of Health,0,0,f,f,Operational,-1.366667,38.016667
13659,Kebaroti Dispensary,Migori,Kuria East,Dispensary,Kenya Episcopal Conference-Catholic Secretariat,5,0,f,f,Operational,-1.066667,34.466667
14821,Keben Dispensary,Nandi,Nandi East,Dispensary,Ministry of Health,0,0,f,f,Operational,0.166667,35.133333
14822,Kebeneti (SDA) Health Centre,Kericho,Belgut,Health Centre,Christian Health Association of Kenya,4,2,f,f,Operational,-0.366667,35.283333
14823,Kebeneti Dispensary,Kericho,Belgut,Dispensary,Ministry of Health,1,0,f,f,Operational,-0.366667,35.283333
13660,Kebirigo Mission Health Centre,Nyamira,Borabu,Health Centre,Christian Health Association of Kenya,29,0,f,f,Operational,-0.633333,34.933333
14824,Kedowa Dispensary,Kericho,Londiani,Dispensary,Ministry of Health,6,0,f,f,Operational,-0.366667,35.283333
16960,Kee Dispensary,Makueni,Makueni,Dispensary,Ministry of Health,0,0,f,f,Operational,-1.8,37.616667
17958,Keega Medical Clinic,Meru,Imenti South,Medical Clinic,Private Practice - Nurse / Midwife,0,0,f,f,Operational,0.05,37.65
17435,Keera Dispensary,Kisii,Kisii Central,Dispensary,Ministry of Health,0,0,f,f,Operational,-0.683333,34.766667
18729,Kefra Clinic,Meru,Imenti North,Medical Clinic,Private Practice - Unspecified,0,0,f,f,Operational,0.05,37.65
21231,Kefri Clinic,Kiambu,Kikuyu,Medical Clinic,Parastatal,0,0,f,f,Operational,-1.166667,36.833333
13661,Kegati Medical Clinic,Kisii,Kisii Central,Medical Clinic,Private Enterprise (Institution),0,0,f,f,Operational,-0.683333,34.766667
13662,Kegogi Health Centre,Kisii,Marani,Health Centre,Ministry of Health,0,0,f,f,Operational,-0.683333,34.766667
15928,Kegondi Health Centre,Vihiga,Sabatia,Health Centre,Ministry of Health,0,0,f,f,Operational,0.083333,34.716667
13663,Kegonga District Hospital,Migori,Kuria East,District Hospital,Ministry of Health,12,0,f,f,Operational,-1.066667,34.466667
19752,Keiyo Dispensary,Trans Nzoia,Kwanza,Dispensary,Ministry of Health,0,0,f,f,Operational,1.016667,34.983333
20606,Kelunet Dispensary,Kericho,Bureti,Dispensary,Ministry of Health,0,0,f,f,Operational,-0.366667,35.283333
17504,Kema Medical Clinic,Bungoma,Bungoma South,Medical Clinic,Private Practice - Nurse / Midwife,1,0,f,f,Operational,0.566667,34.566667
20247,Kemakoba Dispensary,Migori,Kuria East,Dispensary,Ministry of Health,1,0,f,f,Operational,-1.066667,34.466667
18775,Kamarandi Dispensary,Tharaka Nithi,Tharaka South,Dispensary,Ministry of Health,0,0,f,f,Operational,0.05,37.65
17209,Kamasega Dispensary,Kericho,Kericho,Dispensary,Ministry of Health,0,0,f,f,Operational,-0.366667,35.283333
13650,Kamasengere Dispensary,Homa Bay,Mbita,Dispensary,Christian Health Association of Kenya,0,0,f,f,Operational,-0.516667,34.45
18802,Kamashia,Kakamega,Mumias,Dispensary,Ministry of Health,2,2,f,f,Operational,0.284767,34.752308
14670,Kamasia Health Centre,Elgeyo Marakwet,Marakwet East,Health Centre,Ministry of Health,0,0,f,f,Operational,,
20223,Kamasielo Dispensary,Bungoma,Kimilili Bungoma,Dispensary,Ministry of Health,0,0,f,f,Operational,0.566667,34.566667
14671,Kamawoi Dispensary,Kericho,Belgut,Dispensary,Ministry of Health,0,0,f,f,Operational,-0.366667,35.283333
12162,Kambandi Dispensary,Tharaka Nithi,Meru South,Dispensary,Ministry of Health,0,0,f,f,Operational,,
17527,Kambare Dispensary,Siaya,Gem,Dispensary,Ministry of Health,0,0,f,f,Operational,0.066667,34.283333
16192,Kambe Dispensary,Kilifi,Rabai,Dispensary,Ministry of Health,0,0,f,f,Operational,-3.633333,39.85
17026,Kambe Kikomani Medical Clinic,Kilifi,Kaloleni,Medical Clinic,Private Practice - Nurse / Midwife,0,0,f,f,Operational,-3.633333,39.85
16219,Kambi Ya Juu Catholic Dispensary (Isiolo),Isiolo,Isiolo,Dispensary,Kenya Episcopal Conference-Catholic Secretariat,0,0,f,f,Operational,0.35,37.583333
20771,Kambi ya Waya Dispensary,Kilifi,Magarini,Dispensary,Ministry of Health,10,1,f,f,Operational,-3.216667,40.116667
16962,Kambimawe Dispensary,Makueni,Makueni,Dispensary,Ministry of Health,0,0,f,f,Operational,-1.8,37.616667
20392,Kambini Dispensary,Bungoma,Kimilili Bungoma,Dispensary,Ministry of Health,0,0,f,f,Operational,0.566667,34.566667
15916,Kambiri Health Centre,Kakamega,Kakamega East (Shinyalu),Health Centre,Ministry of Health,0,0,f,f,Operational,0.284767,34.752308
10443,Kambirwa Health Centre,Murang'a,Kiharu,Health Centre,Ministry of Health,0,0,f,f,Operational,-0.716667,37.15
10445,Kambiti Health Centre,Murang'a,Muranga South,Health Centre,Ministry of Health,0,0,f,f,Operational,-0.716667,37.15
16216,Kamboe Dispensary,Marsabit,Marsabit South,Dispensary,Ministry of Health,0,0,f,f,Operational,2.333333,37.983333
17290,Kamboo Dispensary,Makueni,Makindu,Dispensary,Ministry of Health,0,0,f,f,Operational,-1.8,37.616667
11962,Kambu Catholic Dispensary,Makueni,Kibwezi,Dispensary,Kenya Episcopal Conference-Catholic Secretariat,9,0,f,f,Operational,-1.8,37.616667
12090,Kambu Integrated Health Clinic,Makueni,Kibwezi,Medical Clinic,Private Enterprise (Institution),5,1,f,f,Operational,-1.8,37.616667
18596,Kambu Model Health Centre,Makueni,Kibwezi,Health Centre,Ministry of Health,24,2,f,f,Operational,-1.8,37.616667
10448,Kamburu (PCEA) Dispensary,Kiambu,Lari,Dispensary,Christian Health Association of Kenya,0,0,f,f,Operational,-1.166667,36.833333
20644,Kamburu Dispensary,Kiambu,Lari,Dispensary,Ministry of Health,0,0,f,f,Operational,-1.166667,36.833333
14672,Kamelil Dispensary (Tinderet),Nandi,Tinderet,Dispensary,Ministry of Health,0,0,f,f,Operational,0.166667,35.133333
15917,Kamenjo Dispensary,Bungoma,Mt Elgon,Dispensary,Ministry of Health,0,0,f,f,Operational,0.566667,34.566667
10449,Kamfas Clinic,Kirinyaga,Kirinyaga West,Medical Clinic,Private Practice - Nurse / Midwife,0,0,f,f,Operational,-0.5,37.283333
19488,Kamili Organization,Nairobi,Westlands,Medical Clinic,Non-Governmental Organizations,0,0,f,f,Operational,-1.286389,36.817223
21240,Kamirai Dispensary,Bomet,Sotik,Dispensary,Ministry of Health,2,0,f,f,Operational,-0.783333,35.35
17201,Kamirithu Medical Clinic,Kiambu,Limuru,Medical Clinic,Private Practice - Nurse / Midwife,0,0,f,f,Operational,-1.166667,36.833333
16375,Kamketo Dispensary,West Pokot,North Pokot,Dispensary,Ministry of Health,0,0,f,f,Operational,1.233333,35.116667
19189,Kamkomani Dispensary,Kilifi,Kaloleni,Dispensary,Ministry of Health,2,0,f,f,Operational,-3.633333,39.85
14673,Kamkong Tea Dispensary,Nandi,Nandi East,Dispensary,Company Medical Service,0,0,f,f,Operational,0.166667,35.133333
14674,Kamogo Health Centre,Elgeyo Marakwet,Marakwet East,Health Centre,Ministry of Health,0,0,f,f,Operational,,
14675,Kamoi Dispensary,Elgeyo Marakwet,Marakwet West,Dispensary,Ministry of Health,0,0,f,f,Operational,1.016667,34.983333
10450,Kamoko Health Centre,Nyeri,Nyeri South,Health Centre,Ministry of Health,12,0,f,f,Operational,-0.416667,36.95
17242,Kamolo Dispensary,Busia,Teso North,Dispensary,Ministry of Health,0,0,f,f,Operational,0.46,34.11
14676,Kamongil Dispensary,Bomet,Chepalungu,Dispensary,Ministry of Health,0,0,f,f,Operational,-0.783333,35.35
20858,Kampala MEdical Services,Kajiado,Isinya,Medical Clinic,Private Practice - Clinical Officer,0,0,f,f,Operational,-1.286389,36.817223
14677,Kampi Samaki Health Centre,Baringo,Baringo Central,Health Centre,Ministry of Health,3,0,f,f,Operational,0.466667,35.966667
17261,Kamuchege Dispensary,Kiambu,Lari,Dispensary,Ministry of Health,0,0,f,f,Operational,-1.166667,36.833333
20219,Kamuge Dispensary,Turkana,Turkana East,Dispensary,Ministry of Health,0,0,f,f,Operational,3.116667,35.6
18577,Kamujohn Medical Clinic,Elgeyo Marakwet,Keiyo,Medical Clinic,Private Practice - Nurse / Midwife,1,1,f,f,Operational,,
18346,Kamukuywa Dispensary,Bungoma,Kimilili Bungoma,Dispensary,Ministry of Health,0,0,f,f,Operational,0.566667,34.566667
14883,Kamulat Clinic,Uasin Gishu,Eldoret West,Medical Clinic,Private Enterprise (Institution),2,0,f,f,Operational,0.514277,35.269779
10453,Kamumo Medical Clinic,Kirinyaga,Kirinyaga East,Medical Clinic,Private Practice - Clinical Officer,0,0,f,f,Operational,-0.5,37.283333
12164,Kamumu Dispensary,Embu,Mbeere North,Dispensary,Ministry of Health,2,0,f,f,Operational,-0.533333,37.45
15919,Kamuneru Dispensary,Bungoma,Mt Elgon,Dispensary,Ministry of Health,0,0,f,f,Operational,0.566667,34.566667
10454,Kamung'ang'a (ACK) Dispensary,Murang'a,Kigumo,Health Centre,Christian Health Association of Kenya,16,0,f,f,Operational,-0.716667,37.15
10455,Kamunyaka Clinic,Murang'a,Kandara,Medical Clinic,Private Practice - Nurse / Midwife,0,0,f,f,Operational,-1.286389,36.817223
17640,Kamurguiywa Dispensary,Nandi,Chesumei,Dispensary,Ministry of Health,0,0,f,f,Operational,0.166667,35.133333
21024,Kamuriai Dispensary,Busia,Teso North,Dispensary,Ministry of Health,0,0,f,f,Operational,0.46,34.11
14678,Kamurio Dispensary,Baringo,East Pokot,Dispensary,Ministry of Health,0,0,f,f,Operational,0.466667,35.966667
12165,Kamusiliu Dispensary,Kitui,Kyuso,Dispensary,Ministry of Health,0,0,f,f,Operational,-1.366667,38.016667
19017,Kamuskut Clinic,West Pokot,Pokot Central,Medical Clinic,Private Practice - Clinical Officer,0,0,f,f,Operational,1.233333,35.116667
12166,Kamutei Health Centre,Kitui,Mutomo,Health Centre,Ministry of Health,0,0,f,f,Operational,-1.366667,38.016667
12167,Kamuthanga Dispensary,Machakos,Machakos,Dispensary,Ministry of Health,4,0,f,f,Operational,-1.516667,37.266667
12168,Kamuthatha Clinic,Embu,Manyatta,Medical Clinic,Private Enterprise (Institution),0,0,f,f,Operational,-0.533333,37.45
13378,Kamuthe Health Centre,Garissa,Fafi,Health Centre,Ministry of Health,0,0,f,f,Operational,-0.456944,39.658333
18760,Kamuthini Dispensary,Makueni,Mukaa,Dispensary,Ministry of Health,2,0,f,f,Operational,-1.8,37.616667
12169,Kamuwongo Dispensary,Kitui,Kyuso,Dispensary,Ministry of Health,0,0,f,f,Operational,-1.366667,38.016667
12170,Kamwathu Dispensary,Tharaka Nithi,Tharaka North,Dispensary,Ministry of Health,0,0,f,f,Operational,,
19989,Kamwega Dispensary,Nandi,Nandi North,Dispensary,Ministry of Health,0,0,f,f,Pending Opening,0.166667,35.133333
20509,Kamweli Dispensary,Embu,Mbeere South,Dispensary,Ministry of Health,0,0,f,f,Operational,-0.533333,37.45
10458,Kamweti Dispensary,Kirinyaga,Kirinyaga East,Dispensary,Ministry of Health,0,0,f,f,Operational,-0.5,37.283333
20561,Kamwimbi Dispensary,Tharaka Nithi,Meru South,Dispensary,Ministry of Health,0,0,f,f,Pending Opening,,
14679,Kamwingi Dispensary,Kericho,Londiani,Dispensary,Ministry of Health,4,0,f,f,Operational,-0.366667,35.283333
19369,Kamwitha Medcal Centre,Nairobi,Roysambu,Medical Clinic,Private Practice - General Practitioner,0,0,f,f,Operational,-1.286389,36.817223
14680,Kamwosor sub-district hospital,Elgeyo Marakwet,Keiyo South,Sub-District Hospital,Ministry of Health,28,6,f,f,Operational,0.514277,35.269779
14681,Kanakurudio Health Centre,Turkana,Turkana North,Dispensary,Ministry of Health,0,0,f,f,Operational,3.116667,35.6
11454,Kanamai Health Care,Kilifi,Kilifi South,Medical Clinic,Private Enterprise (Institution),0,0,f,f,Operational,-3.633333,39.85
14682,Kanaodon Dispensary,Turkana,Turkana South,Dispensary,Ministry of Health,0,0,f,f,Operational,3.116667,35.6
14683,Kanawoi Dispensary,Turkana,Turkana Central,Dispensary,Ministry of Health,0,0,f,f,Operational,3.116667,35.6
10459,Kandara Sub County Hospital,Murang'a,Kandara,Sub-District Hospital,Ministry of Health,26,1,f,f,Operational,-0.716667,37.15
18721,Kandaria Medical Centre,Kisumu,Nyakach,Medical Clinic,Private Practice - General Practitioner,0,0,f,f,Operational,-0.10221,34.761711
13652,Kandege Dispensary,Kisumu,Muhoroni,Dispensary,Ministry of Health,0,0,f,f,Operational,-0.10221,34.761711
13653,Kandiege Sub-District Hospital,Homa Bay,Rachuonyo North,Sub-District Hospital,Ministry of Health,36,0,f,f,Operational,-0.516667,34.45
10461,Kandongu Dispensary,Kirinyaga,Kirinyaga North,Dispensary,Ministry of Health,0,0,f,f,Operational,-0.5,37.283333
20508,Kanduri Dispensary,Embu,Embu East,Dispensary,Ministry of Health,0,0,f,f,Operational,-0.533333,37.45
14684,Kandutura Dispensary,Nakuru,Rongai,Dispensary,Ministry of Health,0,0,f,f,Operational,-0.303099,36.080026
16860,Kandwia Dispensary,Kitui,Kyuso,Dispensary,Ministry of Health,0,0,f,f,Not-Operational,-1.366667,38.016667
14685,Kangagetei Dispensary,Turkana,Turkana Central,Dispensary,Christian Health Association of Kenya,0,0,f,f,Operational,3.116667,35.6
10462,Kangaita Health Centre,Kirinyaga,Kirinyaga Central,Health Centre,Ministry of Health,0,0,f,f,Operational,-0.5,37.283333
10463,Kangaita Medical Clinic (Kirinyaga Central),Kirinyaga,Kirinyaga Central,Medical Clinic,Private Practice - Nurse / Midwife,0,0,f,f,Operational,-0.5,37.283333
17476,Kangalita Dispensary,Turkana,Loima,Dispensary,Ministry of Health,0,0,f,f,Operational,3.116667,35.6
12171,Kangalu Dispensary,Kitui,Katulani,Dispensary,Ministry of Health,0,0,f,f,Operational,-1.366667,38.016667
15920,Kanganga Dispensary,Bungoma,Cheptais,Dispensary,Ministry of Health,0,0,f,f,Operational,0.566667,34.566667
10465,Kangari Health Centre,Murang'a,Kigumo,Health Centre,Ministry of Health,0,0,f,f,Operational,-0.716667,37.15
12172,Kangaru Dispensary (Embu),Embu,Manyatta,Dispensary,Ministry of Health,0,0,f,f,Operational,-0.533333,37.45
10468,Kangaru Dispensary (Kirinyaga),Kirinyaga,Kirinyaga West,Dispensary,Ministry of Health,0,0,f,f,Operational,-0.5,37.283333
12173,Kangaru Hospital,Embu,Manyatta,Other Hospital,Private Enterprise (Institution),30,0,f,f,Operational,-0.533333,37.45
14687,Kangatosa Dispensary,Turkana,Turkana Central,Dispensary,Ministry of Health,0,0,f,f,Operational,3.116667,35.6
10470,Kangema Sub-District Hospital,Murang'a,Kiharu,Sub-District Hospital,Ministry of Health,10,2,f,f,Operational,-0.716667,37.15
13001,Kangemi Health Centre,Nairobi,Westlands,Health Centre,Local Authority,20,0,f,f,Operational,-1.286389,36.817223
17065,Kangeta G K Prison Dispensary,Meru,Igembe Central,Dispensary,Ministry of Health,0,0,f,f,Operational,0.05,37.65
17475,Kangirisae Dispensary,Turkana,Turkana Central,Dispensary,Ministry of Health,0,0,f,f,Operational,3.116667,35.6
16818,Kangocho Dispensary,Nyeri,Mathira East,Dispensary,Ministry of Health,0,0,f,f,Operational,-0.416667,36.95
16373,Kangoletiang Dispensary,West Pokot,North Pokot,Dispensary,Ministry of Health,0,0,f,f,Operational,1.233333,35.116667
17106,Kangonde Health Centre,Machakos,Masinga,Health Centre,Ministry of Health,2,4,f,f,Operational,-1.516667,37.266667
20169,Kangri Dispensary,Homa Bay,Rachuonyo North,Dispensary,Ministry of Health,2,2,f,f,Operational,-0.516667,34.45
10471,Kangu Dispensary,Kirinyaga,Kirinyaga South,Dispensary,Ministry of Health,0,0,f,f,Operational,-0.5,37.283333
12177,Kangundo District Hospital,Machakos,Kangundo,District Hospital,Ministry of Health,174,32,f,f,Operational,-1.516667,37.266667
20559,Kangutu Dispensary,Tharaka Nithi,Meru South,Dispensary,Ministry of Health,0,0,f,f,Operational,,
12178,Kaningo Health Centre,Kitui,Tseikuru,Health Centre,Ministry of Health,3,0,f,f,Operational,-1.366667,38.016667
12179,Kanja Health Centre,Embu,Embu East,Health Centre,Ministry of Health,0,0,f,f,Operational,-0.533333,37.45
10472,Kanjama Dispensary,Murang'a,Mathioya,Dispensary,Ministry of Health,0,0,f,f,Operational,-0.716667,37.15
10436,Kanjinji Dispensary,Kirinyaga,Kirinyaga South,Dispensary,Ministry of Health,0,0,f,f,Operational,-0.533333,37.45
10473,Kanjuiri Dispensary,Nyandarua,Mirangine,Dispensary,Ministry of Health,0,0,f,f,Operational,-0.183333,36.366667
14688,Kanusin Dispensary,Bomet,Sotik,Dispensary,Ministry of Health,2,0,f,f,Operational,-0.783333,35.35
12180,Kanyaa Dispensary,Kitui,Mwingi West,Dispensary,Ministry of Health,0,0,f,f,Operational,-1.366667,38.016667
13654,Kanyagwal Dispensary,Kisumu,Nyando,Dispensary,Ministry of Health,0,0,f,f,Operational,-0.10221,34.761711
12181,Kanyakine District Hospital,Meru,Imenti South,District Hospital,Ministry of Health,72,2,f,f,Operational,0.05,37.65
20499,Kanyangi Dispensary,Embu,Mbeere North,Dispensary,Ministry of Health,0,0,f,f,Operational,-0.533333,37.45
12183,Kanyangi Mission Dispensary,Kitui,Kitui West,Dispensary,Other Faith Based,0,0,f,f,Operational,-1.366667,38.016667
12184,Kanyangi Sub-District Hospital,Kitui,Lower Yatta,Sub-District Hospital,Ministry of Health,3,0,f,f,Operational,-1.366667,38.016667
14689,Kanyarkwat Dispensary,West Pokot,West Pokot,Dispensary,Ministry of Health,0,0,f,f,Operational,1.016667,34.983333
16931,Kanyekini Dispensary,Kitui,Mwingi West,Dispensary,Ministry of Health,0,0,f,f,Operational,-1.366667,38.016667
17834,Kanyenyaini ACK Dispensary,Murang'a,Kiharu,Dispensary,Christian Health Association of Kenya,0,0,f,f,Operational,-0.716667,37.15
10474,Kanyenyaini Health Centre,Murang'a,Muranga West,Health Centre,Ministry of Health,0,0,f,f,Operational,-0.716667,37.15
20084,Kanyerus Dispensary,West Pokot,North Pokot,Dispensary,Ministry of Health,0,0,f,f,Operational,1.233333,35.116667
10617,Kinyangi Health Centre,Kiambu,Thika East,Health Centre,Ministry of Health,0,0,f,f,Operational,-1.033333,37.066667
19917,Kiobegi Dispensary (Nyamache),Kisii,Nyamache,Dispensary,Ministry of Health,0,0,f,f,Operational,-0.683333,34.766667
20113,Kioge Dispensary,Kisii,Kisii Central,Dispensary,Ministry of Health,0,0,f,f,Operational,-0.683333,34.766667
20498,Kiogogo Dispensary,Embu,Mbeere North,Dispensary,Ministry of Health,0,0,f,f,Operational,-0.533333,37.45
13696,Kiogoro Health Centre,Kisii,Kisii Central,Health Centre,Ministry of Health,7,2,f,f,Operational,-0.683333,34.766667
16655,Kiomo Dispensary,Kitui,Mwingi Central,Dispensary,Ministry of Health,0,0,f,f,Operational,-1.366667,38.016667
18678,Kiongwe Dispensary,Kitui,Nzambani,Dispensary,Ministry of Health,0,0,f,f,Pending Opening,-1.366667,38.016667
12328,Kionyo Dispensary (Imenti South),Meru,Imenti South,Dispensary,Ministry of Health,0,0,f,f,Operational,0.05,37.65
13697,Kionyo Health Centre (Nyamache),Kisii,Nyamache,Health Centre,Ministry of Health,0,0,f,f,Operational,-0.683333,34.766667
21241,Kipajit Dispensary,Bomet,Sotik,Dispensary,Ministry of Health,2,0,f,f,Operational,-0.783333,35.35
11483,Kipao Dispensary,Tana River,Tana Delta,Dispensary,Ministry of Health,3,0,f,f,Operational,-1.5,40.033333
20095,Kipawa Medical Centre,Nairobi,Kasarani,Medical Clinic,Private Practice - Nurse / Midwife,0,0,f,f,Operational,-1.286389,36.817223
14890,Kipchimchim M Hospital,Kericho,Kericho,Other Hospital,Other Faith Based,12,0,f,f,Operational,-0.366667,35.283333
19251,Kipegenda Dispensary,Nandi,Nandi South,Dispensary,Ministry of Health,0,0,f,f,Not-Operational,0.166667,35.133333
14891,Kipeto Dispensary,Kajiado,Kajiado North,Dispensary,Ministry of Health,0,0,f,f,Operational,-1.85,36.783333
16269,Kipingi Dispensary,Migori,Nyatike,Dispensary,Ministry of Health,0,0,f,f,Operational,-1.066667,34.466667
11484,Kipini Health Centre,Tana River,Tana Delta,Health Centre,Ministry of Health,12,0,f,f,Operational,-1.5,40.033333
19792,Kipipiri Medical Centre,Nyandarua,Kipipiri,Medical Clinic,Private Practice - Nurse / Midwife,0,0,f,f,Operational,-0.183333,36.366667
14892,Kipkabus Forest Dispensary,Elgeyo Marakwet,Keiyo South,Dispensary,Ministry of Health,0,0,f,f,Operational,0.514277,35.269779
14893,Kipkabus Health Centre,Uasin Gishu,Eldoret East,Health Centre,Ministry of Health,0,0,f,f,Operational,0.516667,35.283333
12100,Itugururu Dispensary,Tharaka Nithi,Meru South,Dispensary,Christian Health Association of Kenya,0,0,f,f,Operational,,
13630,Itumbe Dispensary,Kisii,Nyamache,Dispensary,Ministry of Health,0,0,f,f,Operational,-0.683333,34.766667
20784,Itumbule (Makueni) Dispensary,Makueni,Makueni,Dispensary,Ministry of Health,0,0,f,f,Pending Opening,-1.8,37.616667
17241,Itumbule Dispensary,Makueni,Mukaa,Dispensary,Ministry of Health,0,0,f,f,Operational,-1.8,37.616667
12101,Itunduimuni Health Centre,Machakos,Masinga,Health Centre,Ministry of Health,3,2,f,f,Operational,-1.516667,37.266667
12102,Iuani Health Centre,Makueni,Makueni,Health Centre,Ministry of Health,2,2,f,f,Operational,-1.8,37.616667
12103,Iuuma Dispensary,Machakos,Masinga,Dispensary,Ministry of Health,1,2,f,f,Operational,-1.516667,37.266667
15905,Ivona Clinic,Kakamega,Lugari,Medical Clinic,Private Enterprise (Institution),9,0,f,f,Operational,0.284767,34.752308
12104,Ivuusya Dispensary,Kitui,Mwingi East,Dispensary,Ministry of Health,0,0,f,f,Operational,-1.366667,38.016667
20867,Iwam Medical Clinic,Nyeri,Kieni West,Medical Clinic,Private Practice - Nurse / Midwife,0,0,f,f,Operational,-0.416667,36.95
13631,Iyabe District Hospital (Kisii South),Kisii,Kisii South,District Hospital,Ministry of Health,12,1,f,f,Operational,-0.683333,34.766667
17826,J A Comenius Medical Clinic,Kwale,Matuga,Medical Clinic,Private Practice - Clinical Officer,0,0,f,f,Operational,-4.183333,39.45
17222,Jabali Dispensary,Uasin Gishu,Eldoret West,Dispensary,Ministry of Health,0,0,f,f,Operational,0.516667,35.283333
20503,Jaber Dispensary,Kisumu,Muhoroni,Dispensary,Ministry of Health,0,0,f,f,Operational,-0.10221,34.761711
18559,Jacaranda Health Limited (Ruiru),Kiambu,Ruiru,Health Centre,Non-Governmental Organizations,6,8,f,f,Operational,-1.286389,36.817223
20403,Jacaranda Maternity  (Kiamumbi ),Kiambu,Kiambu,Maternity Home,Private Practice - Clinical Officer,9,2,f,f,Pending Opening,-1.286389,36.817223
18488,Jacaranda Special School,Nairobi,Dagoretti North,Training Institution in Health (Stand-alone),Other Public Institution,0,0,f,f,Operational,-1.286389,36.817223
18333,Jacky Medical Clinic,Tharaka Nithi,Tharaka North,Medical Clinic,Private Practice - Nurse / Midwife,0,0,f,f,Operational,0.05,37.65
11421,Jadi Medical Clinic,Mombasa,Changamwe,Medical Clinic,Private Enterprise (Institution),0,0,f,f,Operational,-4.043477,39.668205
10351,Immanuel Medical Clinic,Kiambu,Lari,Medical Clinic,Private Practice - Nurse / Midwife,0,0,f,f,Operational,-1.166667,36.833333
14573,Immurtot Health Centre,Kajiado,Loitoktok,Health Centre,Ministry of Health,20,4,f,f,Operational,-1.85,36.783333
20839,Impact Health Care,Nakuru,Nakuru North,Health Centre,Christian Health Association of Kenya,0,0,f,f,Operational,-0.303099,36.080026
17736,Impact Rdo Clinic,Migori,Migori,Medical Clinic,Non-Governmental Organizations,2,0,f,f,Operational,-1.066667,34.466667
20586,Imran,Kwale,Kinango,Medical Clinic,Private Practice - Nurse / Midwife,0,0,f,f,Operational,-4.183333,39.45
16481,Imulama Dispensary,Kakamega,Kakamega South (Ikolomani),Dispensary,Ministry of Health,0,0,f,f,Operational,0.284767,34.752308
17929,Indangalasia Dispensary,Kakamega,Matungu,Dispensary,Ministry of Health,4,0,f,f,Operational,0.284767,34.752308
19333,Index Medical Services,Nairobi,Roysambu,Medical Clinic,Private Practice - General Practitioner,0,0,f,f,Operational,-1.286389,36.817223
14575,Industrial Area Dispensary,Nakuru,Nakuru,Dispensary,Local Authority,0,0,f,f,Operational,-0.303099,36.080026
15898,Ingavira Medical Clinic,Kakamega,Kakamega North (Malava),Medical Clinic,Private Practice - Nurse / Midwife,0,0,f,f,Operational,0.284767,34.752308
16329,Inkoirienito Dispensary,Narok,Narok North,Dispensary,Ministry of Health,0,0,f,f,Operational,-1.083333,35.866667
19458,Innercore Medical Clinic,Nairobi,Embakasi West,Medical Clinic,Private Practice - Unspecified,2,1,f,f,Operational,-1.286389,36.817223
20977,Innocent Med Clinic,Makueni,Mbooni West,Medical Clinic,Private Practice - Clinical Officer,1,1,f,f,Operational,-1.8,37.616667
18002,Innoculation Centre,Nairobi,Starehe,Dispensary,Local Authority,0,0,f,f,Operational,-1.286389,36.817223
17585,Integrated Development Fund (IDF) VCT,Homa Bay,Rachuonyo South,VCT Centre (Stand-Alone),Non-Governmental Organizations,0,0,f,f,Operational,-0.516667,34.45
20539,Interfelk Medical Centre,Kisumu,Kisumu East,Medical Clinic,Private Enterprise (Institution),2,2,f,f,Operational,-0.10221,34.761711
17846,International Medical Corps Mobile VCT (Mbita),Homa Bay,Mbita,VCT Centre (Stand-Alone),Non-Governmental Organizations,0,0,f,f,Operational,-1.286389,36.817223
20408,International Medical Corps Tekelza DiCE Kisii,Kisii,Kisii Central,Medical Clinic,Non-Governmental Organizations,0,0,f,f,Operational,-0.683333,34.766667
14576,Intrepids Dispensary,Samburu,Samburu East,Dispensary,Private Enterprise (Institution),4,0,f,f,Operational,1.316667,36.983333
20097,Inuka Nursing Home,Siaya,Ugunja,Medical Clinic,Private Enterprise (Institution),22,1,f,f,Operational,0.066667,34.283333
12091,Inyuu Dispensary,Kitui,Mutitu,Dispensary,Ministry of Health,1,0,f,f,Operational,-1.366667,38.016667
15904,Ipali Health Centre,Vihiga,Emuhaya,Health Centre,Ministry of Health,7,1,f,f,Operational,0.083333,34.716667
14577,Ipcc Kaimosi Dispensary,Nandi,Nandi Central,Dispensary,Other Faith Based,0,0,f,f,Not-Operational,0.166667,35.133333
19408,Iqra Medical Centre,Isiolo,Isiolo,Medical Clinic,Private Practice - General Practitioner,0,0,f,f,Operational,0.35,37.583333
19915,Iqra Medical Centre and Nursing Home,Isiolo,Isiolo,Nursing Home,Private Practice - General Practitioner,10,0,f,f,Operational,0.35,37.583333
14578,Iraa Dispensary,Kericho,Belgut,Dispensary,Ministry of Health,0,0,f,f,Operational,-0.366667,35.283333
13619,Iraha Dispensary,Migori,Kuria West,Dispensary,Ministry of Health,1,0,f,f,Operational,-1.066667,34.466667
20227,Iran Medical Clinic,Nairobi,Kibra,Dispensary,Non-Governmental Organizations,0,0,f,f,Operational,-1.286389,36.817223
13620,Iranda Health Centre,Kisii,Kisii Central,Health Centre,Ministry of Health,11,0,f,f,Operational,-0.683333,34.766667
11953,Iresaboru Dispensary,Isiolo,Garbatula,Dispensary,Ministry of Health,2,0,f,f,Operational,0.35,37.583333
12092,Iriga Dispensary,Tharaka Nithi,Maara,Dispensary,Christian Health Association of Kenya,0,0,f,f,Operational,,
10353,Irigiro Dispensary,Murang'a,Muranga South,Dispensary,Ministry of Health,0,0,f,f,Operational,-0.716667,37.15
20560,Iriuko Ria Ng'ombe,Tharaka Nithi,Meru South,Dispensary,Ministry of Health,0,0,f,f,Pending Opening,,
13621,Irondi Dispensary,Kisii,Kisii Central,Dispensary,Ministry of Health,0,0,f,f,Operational,-0.683333,34.766667
10354,Iruri Dispensary,Murang'a,Mathioya,Dispensary,Ministry of Health,0,0,f,f,Operational,-0.716667,37.15
14580,Irwaga Health Centre,Bomet,Bomet East,Health Centre,Ministry of Health,6,0,f,f,Operational,-0.783333,35.35
16425,Isamwera Dispensary,Kisii,Kisii South,Dispensary,Ministry of Health,0,0,f,f,Operational,-0.683333,34.766667
13622,Isana Maternity and Nursing,Kisii,Kisii Central,Medical Clinic,Private Enterprise (Institution),30,10,f,f,Operational,-0.683333,34.766667
13623,Isecha Health Centre,Kisii,Marani,Health Centre,Ministry of Health,0,0,f,f,Operational,-0.683333,34.766667
13624,Isibania Mission Health Centre,Migori,Kuria West,Health Centre,Kenya Episcopal Conference-Catholic Secretariat,18,5,f,f,Operational,-1.066667,34.466667
14581,Isinet Dispensary,Kajiado,Loitoktok,Dispensary,Ministry of Health,4,0,f,f,Operational,-1.85,36.783333
18993,Isinet Medical Clinic,Kajiado,Loitoktok,Medical Clinic,Private Practice - Nurse / Midwife,1,0,f,f,Pending Opening,-1.85,36.783333
14582,Isinya Health Centre,Kajiado,Isinya,Health Centre,Ministry of Health,24,0,f,f,Operational,-1.85,36.783333
14583,Isinya Medical Care,Kajiado,Isinya,Medical Clinic,Private Practice - Clinical Officer,0,0,f,f,Operational,-1.85,36.783333
19348,Isinya Medical Clinic,Kajiado,Isinya,Medical Clinic,Private Practice - Nurse / Midwife,0,0,f,f,Operational,-1.85,36.783333
19293,Isiolo Central Medical Clinic,Isiolo,Isiolo,Medical Clinic,Private Practice - Clinical Officer,0,0,f,f,Operational,0.35,37.583333
12094,Isiolo District Hospital,Isiolo,Isiolo,District Hospital,Ministry of Health,305,35,f,f,Operational,0.35,37.583333
19410,Isiolo Medical Centre,Isiolo,Isiolo,Medical Clinic,Private Practice - General Practitioner,0,0,f,f,Operational,0.35,37.583333
13626,Isoge Health Centre,Nyamira,Borabu,Health Centre,Ministry of Health,3,0,f,f,Operational,-0.633333,34.933333
18953,Isra Walmiraj Medical Clinic,Kajiado,Kajiado Central,Medical Clinic,Private Practice - General Practitioner,0,0,f,f,Operational,-1.85,36.783333
19991,Isumba Dispensary,Kakamega,Kakamega Central (Lurambi),Dispensary,Ministry of Health,0,0,f,f,Operational,0.284767,34.752308
12095,Itabua Police Dispensary,Embu,Manyatta,Dispensary,Ministry of Health,0,0,f,f,Operational,-0.533333,37.45
18512,Itando Mission of Hope and Health Centre,Vihiga,Sabatia,Health Centre,Christian Health Association of Kenya,29,1,f,f,Operational,0.083333,34.716667
18680,Itangani Dispensary,Kitui,Kitui Central,Dispensary,Ministry of Health,0,0,f,f,Pending Opening,-1.366667,38.016667
14584,Itare Dispensary,Bomet,Konoin,Dispensary,Ministry of Health,0,0,f,f,Operational,-0.783333,35.35
14585,Itembe Dispensary,Bomet,Chepalungu,Dispensary,Ministry of Health,0,0,f,f,Operational,-0.783333,35.35
16879,Itembu Dispensary,Kisii,Kenyenya,Dispensary,Ministry of Health,0,0,f,f,Operational,-0.683333,34.766667
16709,Jaggery Medical Clinic,Bungoma,Bungoma East,Medical Clinic,Private Enterprise (Institution),0,0,f,f,Operational,0.566667,34.566667
10364,Jaima Clinic,Kirinyaga,Kirinyaga South,Medical Clinic,Private Practice - Nurse / Midwife,0,0,f,f,Operational,-0.5,37.283333
21223,Jalaram Medical Services,Nairobi,Westlands,Medical Clinic,Other Faith Based,0,0,f,f,Operational,-1.286389,36.817223
13374,Jalish Dispensary,Garissa,Hulugho,Dispensary,Ministry of Health,0,0,f,f,Operational,-0.456944,39.658333
18758,Jalsonga Medical Clinic,Siaya,Siaya,Medical Clinic,Non-Governmental Organizations,0,0,f,f,Operational,0.066667,34.283333
12984,Jamaa Mission Hospital,Nairobi,Makadara,Other Hospital,Kenya Episcopal Conference-Catholic Secretariat,63,8,f,f,Operational,-1.286389,36.817223
11424,Jambo Clinic,Kilifi,Malindi,Medical Clinic,Private Practice - Clinical Officer,0,0,f,f,Operational,-3.216667,40.116667
18475,Jamia Islamic Intergrated,Garissa,Garissa,Dispensary,Private Practice - Nurse / Midwife,4,4,f,f,Operational,-0.456944,39.658333
17366,Jamia Med Clinic,Uasin Gishu,Eldoret West,Medical Clinic,Private Enterprise (Institution),6,2,f,f,Operational,0.514277,35.269779
17618,Jamia Mosque Dispensary,Kirinyaga,Kirinyaga South,Dispensary,Private Practice - Nurse / Midwife,0,0,f,f,Operational,-0.5,37.283333
12107,Jamii Afya Clinic,Kitui,Kitui Central,Medical Clinic,Private Enterprise (Institution),0,0,f,f,Operational,-1.366667,38.016667
11427,Jamii Clinic (Lamu),Lamu,Lamu West,Medical Clinic,Private Practice - Clinical Officer,0,0,f,f,Operational,-2.266667,40.9
14590,Jamii Clinical Services,West Pokot,West Pokot,Medical Clinic,Private Practice - Clinical Officer,0,0,f,f,Operational,1.233333,35.116667
14115,Jamii Clinical Services Clinic,Siaya,Siaya,Medical Clinic,Private Practice - Clinical Officer,0,0,f,f,Operational,0.066667,34.283333
11429,Jamii Health Care Clinic (Kisauni),Mombasa,Kisauni,Medical Clinic,Private Practice - Clinical Officer,0,0,f,f,Operational,-4.043477,39.668205
20630,Jamii Health Services,Nyandarua,Kinangop,Medical Clinic,Private Practice - Nurse / Midwife,0,0,f,f,Operational,-0.183333,36.366667
15907,Jamii Health Services Medical Clinic,Kakamega,Kakamega East (Shinyalu),Medical Clinic,Private Enterprise (Institution),1,0,f,f,Operational,0.284767,34.752308
17265,Jamii Med Clinic,Meru,Igembe South,Medical Clinic,Private Enterprise (Institution),0,0,f,f,Operational,0.05,37.65
19786,Jamii Medical Clinic,Nyandarua,Nyandarua South,Medical Clinic,Private Practice - Nurse / Midwife,0,0,f,f,Operational,-0.183333,36.366667
10370,Jamii Medical Clinic (Gatundu),Kiambu,Gatundu,Medical Clinic,Private Practice - Nurse / Midwife,0,0,f,f,Operational,-1.166667,36.833333
10371,Jamii Medical Clinic (Muranga North),Murang'a,Kahuro,Medical Clinic,Private Practice - Nurse / Midwife,0,0,f,f,Operational,-0.716667,37.15
14591,Jamii Medical Clinic (Namanga),Kajiado,Kajiado Central,Medical Clinic,Private Enterprise (Institution),0,0,f,f,Operational,-1.85,36.783333
19446,Jamii Medical Clinic Mukuru,Nairobi,Embakasi South,Medical Clinic,Private Practice - Unspecified,2,1,f,f,Operational,-1.286389,36.817223
18926,Jamii Medical Clinic Vihiga,Vihiga,Vihiga,Medical Clinic,Private Practice - Clinical Officer,2,2,f,f,Operational,0.083333,34.716667
14592,Jamji Dispensary,Kericho,Belgut,Dispensary,Private Enterprise (Institution),0,0,f,f,Operational,-0.366667,35.283333
10372,Jamwa Medical Clinic,Nyeri,Mukurweini,Medical Clinic,Private Practice - Nurse / Midwife,0,0,f,f,Operational,-0.416667,36.95
21087,JANCAM Medical Centre,Nakuru,Subukia,Medical Clinic,Private Practice - Clinical Officer,4,0,f,f,Operational,-0.303099,36.080026
21135,Janeiro Nursing Home,Homa Bay,Homa Bay,Medical Clinic,Private Practice - Clinical Officer,25,2,f,f,Operational,-0.516667,34.45
20712,Janju Dispensary,Garissa,Lagdera,Dispensary,Ministry of Health,0,0,f,f,Operational,-0.456944,39.658333
13376,Jarajara Dispensary,Garissa,Balambala,Dispensary,Ministry of Health,0,0,f,f,Operational,-0.456944,39.658333
11430,Jaribuni Dispensary,Kilifi,Ganze,Dispensary,Ministry of Health,0,0,f,f,Operational,-3.633333,39.85
16448,Jasho Medical Clinic,Vihiga,Vihiga,Medical Clinic,Private Practice - Nurse / Midwife,0,0,f,f,Operational,0.083333,34.716667
13633,Jawabu (Community) Medical Clinic,Homa Bay,Rachuonyo South,Medical Clinic,Private Enterprise (Institution),26,0,f,f,Operational,-0.516667,34.45
14593,Jawabu Medical Clinic,Turkana,Turkana West,Medical Clinic,Private Enterprise (Institution),0,0,f,f,Operational,3.116667,35.6
19156,Jeddah Nursing Home and Medical Centre,Wajir,Wajir East,Nursing Home,Private Enterprise (Institution),15,5,f,f,Operational,1.75,40.066667
19170,Jeddah Pharmacy,Wajir,Wajir East,Medical Clinic,Private Practice - Nurse / Midwife,0,0,f,f,Operational,1.75,40.066667
20064,Jeffrey Medical & Diagnostic Centre,Nairobi,Dagoretti North,Dispensary,Private Practice - General Practitioner,0,0,f,f,Operational,-1.286389,36.817223
18825,Jehova Rapha Clinic,Kakamega,Matungu,Medical Clinic,Private Practice - Nurse / Midwife,1,2,f,f,Operational,0.284767,34.752308
19969,Jehovah Shalom Medical Clinic Lodwar,Turkana,Turkana Central,Medical Clinic,Private Practice - Nurse / Midwife,0,0,f,f,Operational,3.116667,35.6
18560,Jeikei Medical Clinic,Kiambu,Ruiru,Medical Clinic,Private Practice - Nurse / Midwife,0,0,f,f,Operational,-1.286389,36.817223
19490,Jellin Medical Clinic,Nairobi,Dagoretti North,Dispensary,Private Practice - Nurse / Midwife,0,0,f,f,Operational,-1.286389,36.817223
20274,Jeluto Medical Clinic,Kitui,Matinyani,Medical Clinic,Private Enterprise (Institution),0,0,f,f,Operational,-1.366667,38.016667
14595,Jemunada Dispensary,Elgeyo Marakwet,Marakwet West,Dispensary,Ministry of Health,0,0,f,f,Operational,,
18765,Jena Medical Clinic,Turkana,Turkana Central,Medical Clinic,Private Practice - Clinical Officer,0,0,f,f,Operational,3.116667,35.6
16453,Jepkoyai Dispensary,Vihiga,Hamisi,Dispensary,Ministry of Health,0,0,f,f,Operational,0.083333,34.716667
13634,Jera Dispensary,Siaya,Ugenya,Dispensary,Ministry of Health,4,0,f,f,Operational,0.066667,34.283333
12988,Jericho Health Centre,Nairobi,Makadara,Dispensary,Local Authority,0,0,f,f,Operational,-1.286389,36.817223
12989,Jerusalem Clinic,Nairobi,Embakasi West,Medical Clinic,Local Authority,0,0,f,f,Operational,-1.286389,36.817223
17295,Jesmah CFW Clinic,Kirinyaga,Kirinyaga West,Medical Clinic,Non-Governmental Organizations,0,0,f,f,Operational,-0.5,37.283333
10375,Jesmond (ACK) Dispensary (Mburi),Kirinyaga,Kirinyaga East,Dispensary,Christian Health Association of Kenya,0,0,f,f,Operational,-0.5,37.283333
19669,Jesus Heals Mc,Trans Nzoia,Trans Nzoia West,Medical Clinic,Private Practice - Nurse / Midwife,0,0,f,f,Operational,1.016667,34.983333
12109,Jetma Clinic,Embu,Manyatta,Medical Clinic,Private Enterprise (Institution),3,0,f,f,Operational,-0.533333,37.45
13635,Jevros Clinic,Migori,Awendo,Medical Clinic,Private Practice - Clinical Officer,0,0,f,f,Operational,-1.066667,34.466667
18672,Jeytee,Nairobi,Kasarani,Medical Clinic,Private Enterprise (Institution),0,0,f,f,Operational,-1.286389,36.817223
14596,JFK Engineering Disp,Kericho,Belgut,Dispensary,Private Enterprise (Institution),0,0,f,f,Operational,-0.366667,35.283333
11432,Jibana Sub District Hospital,Kilifi,Kaloleni,Sub-District Hospital,Ministry of Health,20,4,f,f,Operational,-3.633333,39.85
20121,Jilango Dispensary,Garissa,Lagdera,Dispensary,Ministry of Health,0,0,f,f,Operational,-0.456944,39.658333
11433,Jilore Dispensary,Kilifi,Malindi,Dispensary,Ministry of Health,0,0,f,f,Operational,-3.216667,40.116667
19754,Jimron Medical Clinic,Trans Nzoia,Kwanza,Medical Clinic,Private Practice - Clinical Officer,0,0,f,f,Operational,1.016667,34.983333
12990,Jinnah Ave Clinic,Nairobi,Langata,Dispensary,Local Authority,0,0,f,f,Operational,-1.286389,36.817223
18854,Jirime Dispensary,Marsabit,Marsabit,Dispensary,Ministry of Health,0,0,f,f,Operational,2.333333,37.983333
10378,Jkuat Hospital,Kiambu,Thika West,Other Hospital,Ministry of Health,12,0,f,f,Operational,-1.286389,36.817223
17702,Jkuat Medical Clinic (Taita-Taveta) Campus,Taita Taveta,Voi,Medical Clinic,Other Public Institution,0,0,f,f,Operational,,
20442,Jobefar Medical Services,Busia,Busia,Medical Clinic,Private Practice - Clinical Officer,8,1,f,f,Operational,0.46,34.11
11434,Jocham Hospital,Mombasa,Kisauni,Other Hospital,Private Enterprise (Institution),45,9,f,f,Operational,-4.043477,39.668205
11435,Joint Medical Clinic,Mombasa,Likoni,Medical Clinic,Private Enterprise (Institution),0,0,f,f,Operational,-4.043477,39.668205
16455,Joint Partner Medical Clinic,Vihiga,Hamisi,Dispensary,Private Practice - Nurse / Midwife,0,0,f,f,Operational,0.083333,34.716667
18968,Jolly Medical Clinic,Meru,Tigania East,Medical Clinic,Private Practice - General Practitioner,0,0,f,f,Operational,0.05,37.65
11437,Jomvu Kuu (MCM) Dispensary,Mombasa,Changamwe,Dispensary,Local Authority,0,0,f,f,Operational,-4.043477,39.668205
14694,Kapchepkor Dispensary,Baringo,Baringo North,Dispensary,Ministry of Health,0,0,f,f,Operational,0.466667,35.966667
14695,Kapcherop Health Centre,Elgeyo Marakwet,Marakwet West,Health Centre,Ministry of Health,32,0,f,f,Operational,,
21090,Kapchesewes dispensary,Elgeyo Marakwet,Marakwet West,Dispensary,Ministry of Health,0,0,f,f,Operational,,
14696,Kapchorua Tea Dispensary,Nandi,Nandi East,Dispensary,Company Medical Service,0,0,f,f,Operational,0.166667,35.133333
14697,Kapchumba Dispensary,Nandi,Nandi Central,Dispensary,Ministry of Health,0,0,f,f,Operational,0.166667,35.133333
17722,Kapchumbe Dispensary,Bomet,Sotik,Dispensary,Ministry of Health,0,0,f,f,Operational,-0.783333,35.35
14699,Kapedo Sub-District Hospital,Turkana,Turkana East,Sub-District Hospital,Ministry of Health,28,4,f,f,Operational,3.116667,35.6
14700,Kapelibok Dispensary,Turkana,Turkana South,Dispensary,Kenya Episcopal Conference-Catholic Secretariat,0,0,f,f,Operational,3.116667,35.6
14701,Kapenguria District Hospital,West Pokot,West Pokot,District Hospital,Ministry of Health,160,10,f,f,Operational,1.233333,35.116667
14702,Kapindasim Dispensary,Baringo,Marigat,Dispensary,Ministry of Health,0,0,f,f,Operational,0.466667,35.966667
18506,Kapisimba Dispensary,Bomet,Chepalungu,Dispensary,Ministry of Health,0,0,f,f,Operational,-0.783333,35.35
13655,Kapiyo Dispensary,Siaya,Bondo,Dispensary,Ministry of Health,2,0,f,f,Operational,0.066667,34.283333
14704,Kapkangani Health Centre,Nandi,Nandi Central,Health Centre,Ministry of Health,15,2,f,f,Operational,0.166667,35.133333
19590,Kapkara Dispensary,Kericho,Kericho,Dispensary,Ministry of Health,0,0,f,f,Operational,-0.366667,35.283333
14705,Kapkata Dispensary,Elgeyo Marakwet,Marakwet West,Dispensary,Ministry of Health,0,0,f,f,Operational,,
15922,Kapkateny Dispensary,Bungoma,Cheptais,Dispensary,Ministry of Health,0,0,f,f,Operational,0.566667,34.566667
14706,Kapkatet District Hospital,Kericho,Bureti,District Hospital,Ministry of Health,200,17,f,f,Operational,-0.366667,35.283333
14707,Kapkeben Dispensary,Nandi,Nandi South,Dispensary,Ministry of Health,0,0,f,f,Operational,0.166667,35.133333
14708,Kapkeburu Dispensary,Kericho,Belgut,Dispensary,Ministry of Health,0,0,f,f,Operational,-0.366667,35.283333
16354,Kapkei Dispensary,Uasin Gishu,Eldoret East,Dispensary,Ministry of Health,0,0,f,f,Operational,0.514277,35.269779
14709,Kapkein Dispensary,Baringo,Mogotio,Dispensary,Ministry of Health,0,0,f,f,Operational,0.466667,35.966667
17293,Kapkelei,Bomet,Sotik,Dispensary,Ministry of Health,0,0,f,f,Operational,-0.783333,35.35
14710,Kapkelelwa Dispensary,Baringo,Baringo Central,Dispensary,Ministry of Health,6,0,f,f,Operational,0.466667,35.966667
11440,Joy Medical Clinic (Changamwe),Mombasa,Changamwe,Medical Clinic,Private Enterprise (Institution),3,2,f,f,Operational,-4.043477,39.668205
21228,Joy Medical Clinic (Lusigetti),Kiambu,Kikuyu,Medical Clinic,Private Practice - Nurse / Midwife,0,0,f,f,Operational,-1.166667,36.833333
11441,Joy Medical Clinic (Mwatate),Taita Taveta,Mwatate,Medical Clinic,Private Enterprise (Institution),0,0,f,f,Operational,,
10381,Joy Medical Clinic (Thunguma),Nyeri,Nyeri Central,Medical Clinic,Private Practice - Nurse / Midwife,0,0,f,f,Not-Operational,-0.416667,36.95
18594,Joy Nursing Home and Maternity,Nairobi,Kamukunji,Nursing Home,Private Practice - General Practitioner,12,0,f,f,Operational,-1.286389,36.817223
12114,Joykim Nursing Home,Embu,Manyatta,Nursing Home,Private Enterprise (Institution),30,3,f,f,Operational,-0.533333,37.45
10384,Joyland Medical Clinic,Kiambu,Thika West,Medical Clinic,Private Enterprise (Institution),0,0,f,f,Operational,-1.033333,37.066667
21054,Joysafe Medical Centre,Kiambu,Limuru,Medical Clinic,Private Practice - Clinical Officer,0,0,f,f,Operational,-1.286389,36.817223
19398,Jozi Medical Centre,Nairobi,Roysambu,Medical Clinic,Private Practice - General Practitioner,0,0,f,f,Operational,-1.286389,36.817223
20883,Jubilee Care Clinic,Kiambu,Kikuyu,Medical Clinic,Private Practice - Nurse / Midwife,0,0,f,f,Operational,-1.286389,36.817223
11442,Judy Medical Clinic,Mombasa,Changamwe,Medical Clinic,Private Enterprise (Institution),0,0,f,f,Operational,-4.043477,39.668205
10386,Juja Farm Health Centre,Kiambu,Thika West,Health Centre,Ministry of Health,10,2,f,f,Operational,-1.166667,36.833333
19318,Juja Road Hospital (Nairobi),Nairobi,Starehe,Other Hospital,Private Enterprise (Institution),6,0,f,f,Operational,-1.286389,36.817223
17729,Junction Clinic,Siaya,Bondo,Medical Clinic,Private Practice - Clinical Officer,2,2,f,f,Operational,0.066667,34.283333
16450,Junction Medical Clinic,Vihiga,Sabatia,Medical Clinic,Private Practice - Nurse / Midwife,0,0,f,f,Operational,0.083333,34.716667
20491,Junda Dispensary,Mombasa,Kisauni,Dispensary,Ministry of Health,0,0,f,f,Operational,-4.043477,39.668205
11444,Junju Dispensary,Kilifi,Kilifi South,Dispensary,Ministry of Health,0,0,f,f,Operational,-3.633333,39.85
16843,Juzippos Health Care Clinic,Meru,Meru Central,Medical Clinic,Private Enterprise (Institution),0,0,f,f,Operational,0.05,37.65
13637,K- Met Clinic,Kisumu,Kisumu East,Medical Clinic,Non-Governmental Organizations,0,0,f,f,Operational,-0.10221,34.761711
20184,Kaalem Dispensary,Turkana,Turkana North,Dispensary,Ministry of Health,0,0,f,f,Operational,3.116667,35.6
14604,Kaaleng Dispensary,Turkana,Turkana North,Dispensary,Ministry of Health,0,0,f,f,Operational,3.116667,35.6
12118,Kaani Dispensary,Machakos,Kathiani,Dispensary,Ministry of Health,1,0,f,f,Operational,-1.516667,37.266667
18886,Kaanwa CFW Clinic,Tharaka Nithi,Meru South,Medical Clinic,Non-Governmental Organizations,0,0,f,f,Operational,,
12119,Kaanwa Dispensary,Tharaka Nithi,Meru South,Dispensary,Christian Health Association of Kenya,0,0,f,f,Operational,,
20001,Kaapus Dispensary,Turkana,Loima,Dispensary,Ministry of Health,0,0,f,f,Not-Operational,3.116667,35.6
12120,Kaare Dispensary,Tharaka Nithi,Maara,Dispensary,Ministry of Health,0,0,f,f,Operational,,
16854,Kaathari Dispensary (CDF),Embu,Embu East,Dispensary,Ministry of Health,0,0,f,f,Operational,-0.533333,37.45
12121,Kabaa Dispensary,Kitui,Kitui Central,Dispensary,Ministry of Health,0,0,f,f,Operational,-1.366667,38.016667
14605,Kabalwat Dispensary,Elgeyo Marakwet,Keiyo South,Dispensary,Ministry of Health,0,0,f,f,Operational,0.514277,35.269779
14606,Kabarak Health Centre,Nakuru,Rongai,Health Centre,Ministry of Health,5,0,f,f,Operational,-0.303099,36.080026
18823,Kabarak University Medical Centre,Nakuru,Rongai,Medical Clinic,Private Enterprise (Institution),4,2,f,f,Operational,-0.303099,36.080026
10388,Kabare Health Centre,Kirinyaga,Kirinyaga East,Health Centre,Ministry of Health,6,0,f,f,Operational,-0.5,37.283333
14607,Kabarnet District Hospital,Baringo,Baringo Central,District Hospital,Ministry of Health,160,11,f,f,Operational,0.466667,35.966667
17492,Kabarnet Faith Clinic,Baringo,Baringo Central,Medical Clinic,Private Practice - Clinical Officer,0,0,f,f,Operational,0.466667,35.966667
14608,Kabarnet High School Dispensary,Baringo,Baringo Central,Dispensary,Private Enterprise (Institution),0,0,f,f,Operational,0.466667,35.966667
17595,Kabarnet Womens' Clinic,Baringo,Baringo Central,Medical Clinic,Private Practice - Medical Specialist,0,0,f,f,Operational,0.466667,35.966667
14609,Kabartonjo District Hospital,Baringo,Baringo North,District Hospital,Ministry of Health,18,0,f,f,Operational,0.466667,35.966667
10389,Kabati Dispensary,Nyeri,Kieni West,Dispensary,Ministry of Health,0,0,f,f,Operational,-0.416667,36.95
16677,Kabati Dispensary (Laikipia West),Laikipia,Laikipia West,Dispensary,Ministry of Health,4,0,f,f,Operational,0.366667,37.033333
17449,Kabati Maternity Nursing Home,Kitui,Kitui West,Nursing Home,Private Practice - Nurse / Midwife,6,0,f,f,Operational,-1.366667,38.016667
17448,Kabati Medical Centre,Kitui,Kitui West,Medical Clinic,Private Practice - Clinical Officer,3,0,f,f,Operational,-1.366667,38.016667
20070,Kabati Medicare Health Services Nursing Home,Kitui,Kitui Central,Nursing Home,Private Practice - Clinical Officer,10,2,f,f,Operational,-1.366667,38.016667
14610,Kabatini Health Centre,Nakuru,Nakuru North,Health Centre,Ministry of Health,8,2,f,f,Operational,-0.303099,36.080026
14611,Kabazi Sub-District Hospital,Nakuru,Subukia,Sub-District Hospital,Ministry of Health,6,2,f,f,Operational,-0.303099,36.080026
18337,Kabebero AIPCA Dispensary,Nyeri,Nyeri South,Dispensary,Other Faith Based,0,0,f,f,Operational,-0.416667,36.95
12993,Kabete Approved School Dispensary,Nairobi,Westlands,Dispensary,Ministry of Health,0,0,f,f,Operational,-1.286389,36.817223
14612,Kabetwa Health Centre,Elgeyo Marakwet,Marakwet East,Health Centre,Ministry of Health,0,0,f,f,Operational,,
14613,Kabianga Health Centre,Kericho,Belgut,Health Centre,Ministry of Health,5,2,f,f,Operational,-0.366667,35.283333
14615,Kabichbich Health Centre,West Pokot,Pokot South,Health Centre,Ministry of Health,12,2,f,f,Operational,1.233333,35.116667
14617,Kabiemit Dispensary (Keiyo),Elgeyo Marakwet,Keiyo South,Dispensary,Ministry of Health,0,0,f,f,Operational,0.514277,35.269779
14619,Kabimoi Dispensary,Baringo,Koibatek,Dispensary,Ministry of Health,0,0,f,f,Operational,0.466667,35.966667
14630,Kabirirsang Dispensary,Nandi,Nandi Central,Dispensary,Ministry of Health,0,0,f,f,Operational,0.166667,35.133333
12995,Kabiro Medical Clinic,Nairobi,Dagoretti North,Health Centre,Non-Governmental Organizations,5,0,f,f,Operational,-1.286389,36.817223
14622,Kabitungu Dispensary,Kericho,Bureti,Dispensary,Ministry of Health,0,0,f,f,Operational,-0.366667,35.283333
17087,Kabiyet Dispensary,Baringo,Koibatek,Dispensary,Ministry of Health,0,0,f,f,Operational,0.466667,35.966667
14624,Kabobo Health Centre,Uasin Gishu,Eldoret West,Health Centre,Ministry of Health,37,0,f,f,Operational,0.516667,35.283333
14625,Kaboeito Dispensary,Kericho,Bureti,Dispensary,Ministry of Health,0,0,f,f,Operational,-0.366667,35.283333
20007,Kabogor Dispensary,Baringo,Mogotio,Dispensary,Ministry of Health,0,0,f,f,Operational,0.466667,35.966667
17023,Kaboi Dispensary,Nandi,Nandi South,Dispensary,Ministry of Health,0,0,f,f,Operational,0.166667,35.133333
14626,Kabolecho Dispensary,Narok,Trans Mara East,Dispensary,Ministry of Health,0,0,f,f,Operational,-1.083333,35.866667
13638,Kabondo Sub-District Hospital,Homa Bay,Rachuonyo South,Sub-District Hospital,Ministry of Health,14,3,f,f,Operational,-0.516667,34.45
14627,Kaborok Dispensary,Kericho,Belgut,Dispensary,Ministry of Health,0,0,f,f,Operational,-0.366667,35.283333
15910,Kaborom Dispensary,Bungoma,Mt Elgon,Dispensary,Ministry of Health,0,0,f,f,Operational,0.566667,34.566667
14628,Kaboson Health Centre,Bomet,Chepalungu,Health Centre,Christian Health Association of Kenya,0,0,f,f,Operational,-0.783333,35.35
14629,Kaboswa Tea Dispensary,Nandi,Nandi East,Dispensary,Company Medical Service,0,0,f,f,Operational,0.166667,35.133333
15909,Kaboywo Dispensary,Bungoma,Mt Elgon,Dispensary,Ministry of Health,0,0,f,f,Operational,0.566667,34.566667
16164,Kabras Action Group (KAG) Clinic,Kakamega,Kakamega North (Malava),Medical Clinic,Company Medical Service,0,0,f,f,Operational,0.284767,34.752308
15911,Kabuchai Health Centre,Bungoma,Bungoma Central,Health Centre,Ministry of Health,14,0,f,f,Operational,0.566667,34.566667
15912,Kabula Dispensary,Bungoma,Bumula,Dispensary,Ministry of Health,0,0,f,f,Operational,0.566667,34.566667
14631,Kabulwo Dispensary,Elgeyo Marakwet,Keiyo,Dispensary,Community,0,0,f,f,Not-Operational,,
14632,Kabunyeria Health Centre,Nandi,Tinderet,Health Centre,Ministry of Health,3,0,f,f,Operational,0.166667,35.133333
17531,Kabura Dispensary,Siaya,Siaya,Dispensary,Ministry of Health,0,0,f,f,Operational,0.066667,34.283333
13592,Got Oyaro Dispensary,Homa Bay,Rachuonyo North,Dispensary,Ministry of Health,0,0,f,f,Operational,-0.516667,34.45
11404,Gotani Dispensary,Kilifi,Kaloleni,Dispensary,Ministry of Health,0,0,f,f,Operational,-3.633333,39.85
13593,Gotichaki Dispensary,Kisii,South Gucha,Dispensary,Ministry of Health,0,0,f,f,Operational,-0.683333,34.766667
10717,Grace Baricho Clinic,Kirinyaga,Kirinyaga West,Medical Clinic,Private Practice - Nurse / Midwife,0,0,f,f,Operational,-0.5,37.283333
17070,Grace Medical Care Centre,Bungoma,Bungoma South,Medical Clinic,Other Faith Based,0,0,f,f,Operational,0.566667,34.566667
18288,Grace Medical Clinic (Imenti South),Meru,Imenti South,Medical Clinic,Private Practice - Nurse / Midwife,0,0,f,f,Operational,0.05,37.65
20917,Gracious Day Medical Centre(Tala),Machakos,Matungulu,Medical Clinic,Private Practice - Clinical Officer,0,0,f,f,Operational,-1.516667,37.266667
18317,Gracious Day Medical Clinic,Wajir,Wajir East,Medical Clinic,Private Practice - Clinical Officer,0,0,f,f,Operational,1.75,40.066667
20946,Gram's Medical Clinic,Vihiga,Emuhaya,Medical Clinic,Private Practice - General Practitioner,3,0,f,f,Operational,0.083333,34.716667
20305,Grazia Medical Clinic,Nyandarua,Nyandarua North,Medical Clinic,Private Practice - Nurse / Midwife,0,0,f,f,Operational,-0.183333,36.366667
14537,Great Comm Medical Clinic,Nakuru,Nakuru North,Nursing Home,Private Enterprise (Institution),5,5,f,f,Operational,-0.303099,36.080026
19895,Green Cross Medical Clinic,Nairobi,Kibra,Medical Clinic,Private Practice - Clinical Officer,0,0,f,f,Operational,-1.286389,36.817223
18740,Green Valley Clinic,Vihiga,Emuhaya,Medical Clinic,Private Practice - Nurse / Midwife,1,0,f,f,Operational,0.083333,34.716667
14538,Greenview Hospital,Kericho,Kericho,Other Hospital,Private Enterprise (Institution),8,4,f,f,Operational,-0.366667,35.283333
20217,Greenview Medical Clinic,Nakuru,Nakuru,Medical Clinic,Private Practice - Nurse / Midwife,0,0,f,f,Operational,-0.303099,36.080026
13352,Griftu District Hospital,Wajir,Wajir West,District Hospital,Ministry of Health,36,4,f,f,Operational,1.75,40.066667
16413,Gsu Dispensary,Nakuru,Molo,Dispensary,Ministry of Health,0,0,f,f,Operational,-0.303099,36.080026
14539,Gsu Dispensary (Kabarak),Nakuru,Rongai,Dispensary,Ministry of Health,0,0,f,f,Operational,-0.303099,36.080026
12961,Gsu Dispensary (Nairobi West),Nairobi,Kibra,Dispensary,Ministry of Health,0,0,f,f,Operational,-1.286389,36.817223
10304,Gsu Dispensary (Ruiru),Kiambu,Ruiru,Dispensary,Ministry of Health,0,0,f,f,Operational,-1.166667,36.833333
14541,Gsu Field Dispensary (Kajiado),Kajiado,Kajiado North,Dispensary,Other Public Institution,0,0,f,f,Operational,-1.85,36.783333
12963,Gsu Hq Dispensary (Ruaraka),Nairobi,Roysambu,Dispensary,Other Public Institution,0,0,f,f,Operational,-1.286389,36.817223
12962,GSUTraining School,Nairobi,Embakasi East,Health Centre,Ministry of Health,0,0,f,f,Operational,-1.286389,36.817223
13353,Guba Dispensary,Mandera,Banisa,Dispensary,Ministry of Health,0,0,f,f,Operational,3.933333,41.866667
13594,Gucha District Hospital,Kisii,Gucha,District Hospital,Ministry of Health,50,0,f,f,Operational,-0.683333,34.766667
13595,Gucha Maternity and Nursing Home,Kisii,Masaba South,Nursing Home,Private Enterprise (Institution),15,1,f,f,Operational,-0.683333,34.766667
10305,Gumba Health Centre,Nyeri,Mukurweini,Health Centre,Ministry of Health,10,0,f,f,Operational,-0.416667,36.95
20709,Gunana Dispensary,Wajir,Tarbaj,Dispensary,Ministry of Health,0,0,f,f,Not-Operational,1.75,40.066667
19122,Gundua Health Centre,Meru,Buuri,Dispensary,Private Practice - Nurse / Midwife,0,0,f,f,Operational,0.05,37.65
18715,Gunduwa Health Centre,Meru,Imenti North,Health Centre,Private Practice - Unspecified,2,0,f,f,Operational,0.05,37.65
13355,Gurar Health Centre,Wajir,Wajir North,Health Centre,Ministry of Health,0,0,f,f,Operational,1.75,40.066667
13356,Gurufa Dispensary,Garissa,Lagdera,Dispensary,Ministry of Health,0,0,f,f,Operational,-0.456944,39.658333
20603,Gurumesa Dispensary,Marsabit,Moyale,Dispensary,Ministry of Health,0,0,f,f,Operational,2.333333,37.983333
12054,Gus Dispensary,Marsabit,North Horr,Dispensary,Ministry of Health,11,0,f,f,Operational,2.333333,37.983333
14542,Guyana Medical Clinic,Trans Nzoia,Trans Nzoia East,Medical Clinic,Private Practice - Clinical Officer,0,0,f,f,Operational,1.016667,34.983333
13597,Gwitembe Health Centre,Migori,Kuria East,Health Centre,Ministry of Health,4,0,f,f,Operational,-1.066667,34.466667
19205,Gynocare Centre Maternity Home,Uasin Gishu,Eldoret East,Maternity Home,Private Practice - Medical Specialist,20,4,f,f,Operational,0.514277,35.269779
13357,Habaswein District Hospital,Wajir,Habaswein,District Hospital,Ministry of Health,24,0,f,f,Operational,1.75,40.066667
13358,Hadado Health Centre,Wajir,Wajir West,Health Centre,Ministry of Health,0,0,f,f,Operational,1.75,40.066667
13359,Hagadera Hospital,Garissa,Fafi,Other Hospital,Non-Governmental Organizations,120,0,f,f,Operational,-0.456944,39.658333
17336,Hagarbul Dispensary,Garissa,Dadaab,Dispensary,Ministry of Health,0,0,f,f,Operational,-0.456944,39.658333
20974,Haifa Med Clinic,Makueni,Mbooni West,Medical Clinic,Private Practice - Clinical Officer,1,1,f,f,Operational,-1.8,37.616667
17149,Hakati Dspensary,Busia,Samia,Dispensary,Armed Forces,0,0,f,f,Operational,0.46,34.11
12967,Hakati Medical Clinic,Nairobi,Embakasi Central,Medical Clinic,Private Enterprise (Institution),0,0,f,f,Operational,-1.286389,36.817223
18801,Hamey Dispensary,Garissa,Dadaab,Dispensary,Ministry of Health,0,0,f,f,Operational,-0.456944,39.658333
15894,Hamisi Sub District Hospital,Vihiga,Hamisi,Sub-District Hospital,Ministry of Health,16,4,f,f,Operational,0.083333,34.716667
19970,Hamsadam Medical Clinic,Machakos,Machakos,Medical Clinic,Private Practice - Clinical Officer,0,0,f,f,Operational,-1.516667,37.266667
16753,Hamundia Health Centre,Kiambu,Ruiru,Health Centre,Ministry of Health,4,0,f,f,Operational,-1.166667,36.833333
19472,Hamza Medical Centre,Nairobi,Makadara,Medical Clinic,Private Practice - Clinical Officer,0,0,f,f,Operational,-1.286389,36.817223
17751,Hamza Medical Clinic,Wajir,Wajir North,Medical Clinic,Private Practice - Nurse / Midwife,0,0,f,f,Operational,1.75,40.066667
13360,Handaro Dispensary,Garissa,Hulugho,Dispensary,Ministry of Health,0,0,f,f,Operational,-0.456944,39.658333
13599,Happy Magwagwa Clinic,Nyamira,Nyamira North,Medical Clinic,Private Enterprise (Institution),1,0,f,f,Operational,-0.633333,34.933333
13361,Hara Health Centre,Garissa,Ijara,Health Centre,Ministry of Health,0,0,f,f,Operational,-0.456944,39.658333
20715,Haraka Dispensary,Nyandarua,Kinangop,Dispensary,Ministry of Health,1,1,f,f,Pending Opening,-0.183333,36.366667
19801,Haraka Medical Clinic,Nyandarua,Kinangop,Medical Clinic,Private Practice - Unspecified,0,0,f,f,Operational,-0.183333,36.366667
13362,Hareri Dispensary,Mandera,Mandera East,Dispensary,Ministry of Health,0,0,f,f,Operational,3.933333,41.866667
19908,Harmony Medical Clinic,Siaya,Gem,Dispensary,Private Practice - Nurse / Midwife,0,0,f,f,Operational,0.066667,34.283333
17078,Haroresa,Tana River,Galole,Dispensary,Ministry of Health,0,0,f,f,Operational,-1.5,40.033333
19755,Harrison Mudoga Mc,Trans Nzoia,Trans Nzoia West,Medical Clinic,Private Practice - Nurse / Midwife,0,0,f,f,Operational,1.016667,34.983333
20178,Havillan Medical Center,Kajiado,Kajiado North,Medical Clinic,Private Practice - Nurse / Midwife,0,0,f,f,Operational,-1.286389,36.817223
17008,Health Bridge Medical Clinic,Mandera,Mandera West,Medical Clinic,Private Practice - Nurse / Midwife,0,0,f,f,Operational,3.933333,41.866667
19497,Health Care Services,Nairobi,Makadara,Medical Clinic,Private Practice - General Practitioner,0,0,f,f,Operational,-1.286389,36.817223
14543,Health For All (ACK) Clinic,Kajiado,Kajiado Central,Dispensary,Christian Health Association of Kenya,1,0,f,f,Operational,-1.85,36.783333
19597,Health Source Medical Centre,Mombasa,Kisauni,Medical Clinic,Private Practice - General Practitioner,0,0,f,f,Operational,-4.043477,39.668205
18278,Healthways Medical Centre,Nairobi,Langata,Medical Clinic,Private Enterprise (Institution),0,0,f,f,Operational,-1.286389,36.817223
19824,Hebron CFW Clinic,Kirinyaga,Kirinyaga South,Medical Clinic,Non-Governmental Organizations,0,0,f,f,Operational,-0.5,37.283333
19813,Hebron CFW Clinic (Kutus),Kirinyaga,Kirinyaga South,Medical Clinic,Non-Governmental Organizations,0,0,f,f,Operational,-0.5,37.283333
12057,Heillu Dispensary,Marsabit,Moyale,Dispensary,Ministry of Health,0,0,f,f,Operational,2.333333,37.983333
14545,Hekima Dispensary,Nakuru,Nakuru,Dispensary,Other Faith Based,0,0,f,f,Operational,-0.303099,36.080026
20093,Hekima HTC Center,Migori,Kuria West,VCT Centre (Stand-Alone),Non-Governmental Organizations,0,0,f,f,Operational,-1.066667,34.466667
21263,Hekima Medical Centre,Nairobi,Roysambu,Medical Clinic,Private Practice - Clinical Officer,0,0,f,f,Operational,-1.286389,36.817223
11408,Hekima Medical Clinic,Mombasa,Kisauni,Medical Clinic,Private Practice - Clinical Officer,0,0,f,f,Operational,-4.043477,39.668205
20229,Helna Medical Clinic,Laikipia,Nyahururu,Medical Clinic,Private Practice - Clinical Officer,0,0,f,f,Pending Opening,0.366667,37.033333
18373,Helpers of Mary Dispensary,Nakuru,Nakuru,Dispensary,Kenya Episcopal Conference-Catholic Secretariat,0,0,f,f,Operational,-0.303099,36.080026
20962,Helsamy Medical Clinic,Kisumu,Kisumu East,Medical Clinic,Private Practice - Clinical Officer,1,0,f,f,Operational,-0.10221,34.761711
13603,Hema Hospital,Kisii,Kisii Central,Other Hospital,Private Enterprise (Institution),168,20,f,f,Operational,-0.683333,34.766667
17674,Hema Medical Clinic,Vihiga,Hamisi,Medical Clinic,Private Practice - Nurse / Midwife,2,2,f,f,Operational,0.083333,34.716667
10312,Heni Health Centre,Nyandarua,Kinangop,Health Centre,Ministry of Health,0,0,f,f,Operational,-0.183333,36.366667
16180,Heri Medical Centre,Kilifi,Kilifi North,Medical Clinic,Private Enterprise (Institution),0,0,f,f,Operational,-3.633333,39.85
19955,Heri Tana Medical Clinic,Tana River,Tana Delta,Medical Clinic,Private Practice - Clinical Officer,6,0,f,f,Operational,-1.5,40.033333
17364,Heritage Medical Clinic,Kiambu,Kikuyu,Medical Clinic,Private Practice - Nurse / Midwife,0,0,f,f,Operational,-1.033333,37.066667
10313,Heshima Clinic,Kirinyaga,Kirinyaga East,Medical Clinic,Private Practice - Nurse / Midwife,0,0,f,f,Operational,-0.533333,37.45
14547,Heshima Medical Clinic (Nakuru North),Nakuru,Nakuru North,Medical Clinic,Private Practice - Nurse / Midwife,0,0,f,f,Operational,-0.303099,36.080026
19112,Heshima Medical Clinic-Masinga,Machakos,Masinga,Medical Clinic,Private Practice - Nurse / Midwife,0,2,f,f,Operational,-1.516667,37.266667
18445,Hessed Clinic Masiro,Siaya,Siaya,Medical Clinic,Private Practice - Nurse / Midwife,0,0,f,f,Operational,0.066667,34.283333
10316,Hezeman Afya Bora,Kirinyaga,Kirinyaga West,Laboratory (Stand-alone),Private Enterprise (Institution),0,0,f,f,Operational,-0.5,37.283333
16522,Hidaya Medical Clinic,Kilifi,Malindi,Medical Clinic,Private Practice - Clinical Officer,0,0,f,f,Operational,-3.216667,40.116667
20859,Hifadhi Siha Clinic,Kajiado,Isinya,Medical Clinic,Private Practice - General Practitioner,0,0,f,f,Operational,-1.85,36.783333
19787,High Way Medical Clinic,Nyandarua,Nyandarua South,Medical Clinic,Private Practice - Clinical Officer,0,0,f,f,Operational,-0.183333,36.366667
18844,Highrise Medical Services,Mombasa,Kisauni,Medical Clinic,Private Practice - Nurse / Midwife,0,0,f,f,Operational,-4.043477,39.668205
13363,Highway Clinic (Wajir East),Wajir,Wajir East,Medical Clinic,Private Enterprise (Institution),0,0,f,f,Operational,1.75,40.066667
18022,Highway Mediacl Clinic (Nyeri North),Nyeri,Kieni East,Medical Clinic,Private Practice - Clinical Officer,0,0,f,f,Operational,-0.416667,36.95
12060,Highway Medical Clinic,Meru,Meru Central,Medical Clinic,Private Enterprise (Institution),0,0,f,f,Operational,0.05,37.65
20714,High-Way Medical Clinic,Nyandarua,Kinangop,Medical Clinic,Private Practice - Clinical Officer,0,0,f,f,Operational,-0.183333,36.366667
16708,Highway Medical Clinic (Bungoma East),Bungoma,Bungoma East,Medical Clinic,Private Enterprise (Institution),0,0,f,f,Operational,0.566667,34.566667
10318,Highway Medical Clinic (Kirinyaga),Kirinyaga,Kirinyaga Central,Medical Clinic,Private Practice - Clinical Officer,0,0,f,f,Operational,-0.5,37.283333
19015,Highway Medical Clinic (Pokot Central),West Pokot,Pokot Central,Medical Clinic,Private Practice - Nurse / Midwife,0,0,f,f,Operational,1.233333,35.116667
14548,Highway Medical Clinic (Trans Nzoia East),Trans Nzoia,Trans Nzoia East,Medical Clinic,Private Practice - Clinical Officer,0,0,f,f,Operational,1.016667,34.983333
19876,Highway Medical Clinic Iten,Elgeyo Marakwet,Keiyo,Medical Clinic,Private Practice - Nurse / Midwife,0,0,f,f,Operational,,
10718,Highway Medical Clinic Kibingoti,Kirinyaga,Kirinyaga West,Medical Clinic,Private Practice - Nurse / Midwife,0,0,f,f,Operational,-0.5,37.283333
18924,Highway Medical Clinic Maua,Meru,Igembe South,Medical Clinic,Private Practice - Clinical Officer,0,0,f,f,Operational,0.05,37.65
10319,Highway Medical Enterprises,Kirinyaga,Kirinyaga Central,Laboratory (Stand-alone),Private Enterprise (Institution),0,0,f,f,Operational,-0.5,37.283333
19949,Hilac Medical Clinic-Habaswein,Wajir,Habaswein,Medical Clinic,Private Practice - Clinical Officer,0,0,f,f,Operational,1.75,40.066667
20648,Hillcrest Medical Clinic,Uasin Gishu,Eldoret East,Medical Clinic,Private Practice - Clinical Officer,0,0,f,f,Operational,0.516667,35.283333
19877,Hillday Medical Clinic,Nyandarua,Kipipiri,Medical Clinic,Private Practice - Nurse / Midwife,0,0,f,f,Operational,-0.183333,36.366667
20616,Hillside medical centre,Machakos,Machakos,Medical Clinic,Private Practice - Medical Specialist,2,1,f,f,Operational,-1.286389,36.817223
11409,Hindi Magogoni Dispensary,Lamu,Lamu West,Dispensary,Ministry of Health,6,0,f,f,Operational,-2.266667,40.9
13364,Hodhan Dispensary,Wajir,Wajir East,Dispensary,Ministry of Health,0,0,f,f,Operational,1.75,40.066667
18035,Holale Medical Clinic ( Moyale),Marsabit,Moyale,Medical Clinic,Private Practice - Clinical Officer,0,0,f,f,Operational,2.333333,37.983333
18950,Holiday Medical Clinic,Tharaka Nithi,Maara,Medical Clinic,Private Enterprise (Institution),0,0,f,f,Operational,,
17766,Kabururu Dispensary,Tharaka Nithi,Meru South,Dispensary,Community,0,0,f,f,Operational,,
10393,Kabuti Clinic,Kirinyaga,Kirinyaga East,Medical Clinic,Private Practice - Nurse / Midwife,0,0,f,f,Operational,-0.5,37.283333
14633,Kabutii-Matiret Dispensary,Kericho,Belgut,Dispensary,Ministry of Health,3,0,f,f,Operational,-0.366667,35.283333
13639,Kabuto Dispensary,Migori,Nyatike,Dispensary,Ministry of Health,2,0,f,f,Operational,-1.066667,34.466667
17626,Kabwareng Dispensary,Nandi,Nandi Central,Dispensary,Ministry of Health,0,0,f,f,Operational,0.166667,35.133333
14634,Kacheliba District Hospital,West Pokot,North Pokot,District Hospital,Ministry of Health,52,2,f,f,Operational,1.233333,35.116667
14635,Kacheliba Mobile Clinic,West Pokot,North Pokot,Dispensary,Other Faith Based,0,0,f,f,Operational,1.233333,35.116667
19070,Kacheliba South West Clinic,West Pokot,North Pokot,Medical Clinic,Private Practice - Clinical Officer,0,0,f,f,Operational,1.233333,35.116667
18876,Kachuth Dispensary,Homa Bay,Ndhiwa,Dispensary,Ministry of Health,6,3,f,f,Operational,-0.516667,34.45
18937,Kaciongo Medical Clinic,Meru,Igembe South,Medical Clinic,Private Practice - Clinical Officer,0,0,f,f,Operational,0.05,37.65
11446,Kaderboy Medical Clinic (Old Town),Mombasa,Mvita,Dispensary,Local Authority,0,0,f,f,Operational,-4.043477,39.668205
17648,Kadija Dispensary,Mandera,Mandera East,Dispensary,Ministry of Health,0,0,f,f,Operational,3.933333,41.866667
16283,Kadinda Health Centre,Kisumu,Nyando,Health Centre,Non-Governmental Organizations,3,0,f,f,Operational,-0.10221,34.761711
17186,Kadokony Dispensary,West Pokot,West Pokot,Dispensary,Community Development Fund,0,0,f,f,Operational,1.233333,35.116667
17848,Kadvan Medical Clinic,Kakamega,Butere,Medical Clinic,Private Practice - Nurse / Midwife,1,1,f,f,Operational,0.284767,34.752308
11447,Kadzinuni Dispensary,Kilifi,Kilifi North,Dispensary,Ministry of Health,0,0,f,f,Operational,-3.633333,39.85
17381,Kaelo Dispensary,Meru,Igembe North,Dispensary,Ministry of Health,0,0,f,f,Pending Opening,0.05,37.65
20239,Hope and Health Medical Services,Kiambu,Limuru,Medical Clinic,Private Practice - Clinical Officer,0,0,f,f,Operational,-1.166667,36.833333
16983,Hope Compassionate (ACK) Dispensary,Homa Bay,Homa Bay,Dispensary,Christian Health Association of Kenya,0,0,f,f,Operational,-0.516667,34.45
17446,Hope Medical Clinic,Kiambu,Limuru,Medical Clinic,Private Practice - Nurse / Midwife,0,0,f,f,Operational,-1.166667,36.833333
19278,Hope Medical Clinic ( Githurai),Nairobi,Roysambu,Medical Clinic,Private Practice - General Practitioner,0,0,f,f,Operational,-1.286389,36.817223
19234,Hope Medical Clinic (Babadogo),Nairobi,Ruaraka,Medical Clinic,Private Practice - Nurse / Midwife,0,0,f,f,Operational,-1.286389,36.817223
10323,Hope Medical Clinic (Gatundu South),Kiambu,Gatundu,Medical Clinic,Private Practice - Nurse / Midwife,0,0,f,f,Operational,-1.166667,36.833333
10325,Hope Medical Clinic (Kirinyaga),Kirinyaga,Kirinyaga West,Medical Clinic,Private Practice - Nurse / Midwife,0,0,f,f,Operational,-0.5,37.283333
18994,Hope Medical Clinic (Loitokitok),Kajiado,Loitoktok,Medical Clinic,Private Practice - Clinical Officer,1,0,f,f,Operational,-1.85,36.783333
17869,Hope Medical Clinic (Mariakani),Kilifi,Kaloleni,Medical Clinic,Private Practice - Clinical Officer,0,0,f,f,Operational,-3.633333,39.85
16686,Hope Medical Clinic (Nakuru),Nakuru,Nakuru North,Medical Clinic,Private Practice - Nurse / Midwife,0,0,f,f,Operational,-0.303099,36.080026
19114,Hope World Wide,Uasin Gishu,Eldoret West,Medical Clinic,Private Enterprise (Institution),0,0,f,f,Operational,-1.286389,36.817223
17684,Hope World Wide Kenya Mukuru Clinic,Nairobi,Embakasi South,Dispensary,Non-Governmental Organizations,0,0,f,f,Operational,-1.286389,36.817223
18875,Hope World Wide Nakuru,Nakuru,Nakuru,Medical Clinic,Other Faith Based,0,0,f,f,Operational,-1.286389,36.817223
19373,Horeb Medical Clinic ( Hunters),Nairobi,Kasarani,Medical Clinic,Private Practice - General Practitioner,0,0,f,f,Operational,-1.286389,36.817223
11415,Horesha Medicalicare,Taita Taveta,Mwatate,Medical Clinic,Private Enterprise (Institution),0,0,f,f,Operational,,
18720,House of Hope Medical Centre,Kisumu,Nyakach,Medical Clinic,Private Practice - General Practitioner,0,0,f,f,Operational,-0.10221,34.761711
17897,Howdil Aday Clinic,Marsabit,Moyale,Medical Clinic,Private Practice - Nurse / Midwife,0,0,f,f,Operational,2.333333,37.983333
13610,Huduma Clinic,Migori,Kuria West,Medical Clinic,Private Enterprise (Institution),8,0,f,f,Operational,-1.066667,34.466667
17393,Huduma Health Centre,Nairobi,Kibra,Maternity Home,Private Practice - Clinical Officer,2,0,f,f,Operational,-1.286389,36.817223
18675,Huhoini Dispensary,Nyandarua,Nyandarua North,Dispensary,Ministry of Health,0,0,f,f,Operational,-0.183333,36.366667
16205,Hulahula Dispensary,Marsabit,Marsabit,Dispensary,Ministry of Health,0,0,f,f,Operational,2.333333,37.983333
13365,Hulugho Sub-District Hospital,Garissa,Hulugho,Sub-District Hospital,Ministry of Health,6,2,f,f,Operational,-0.456944,39.658333
16793,Hungai Dispensary,Wajir,Tarbaj,Dispensary,Ministry of Health,0,0,f,f,Operational,1.75,40.066667
19302,Hunters Medical Clinic,Nairobi,Kasarani,Medical Clinic,Private Practice - General Practitioner,0,0,f,f,Operational,-1.286389,36.817223
12061,Hurri-Hills Dispensary,Marsabit,Marsabit North,Dispensary,Ministry of Health,0,0,f,f,Operational,2.333333,37.983333
12972,Huruma (NCCK) Dispensary,Nairobi,Mathare,Dispensary,Christian Health Association of Kenya,0,0,f,f,Operational,-1.286389,36.817223
14552,Huruma Dispensary,Nakuru,Njoro,Dispensary,Other Faith Based,0,0,f,f,Operational,-0.303099,36.080026
14555,Huruma District Hospital,Uasin Gishu,Eldoret West,District Hospital,Ministry of Health,4,0,f,f,Operational,0.514277,35.269779
12974,Huruma Lions Dispensary,Nairobi,Mathare,Dispensary,Local Authority,0,0,f,f,Operational,-1.286389,36.817223
17580,Huruma Medical Clinic,Murang'a,Kiharu,Medical Clinic,Private Practice - General Practitioner,0,0,f,f,Operational,-0.716667,37.15
18297,Huruma Medical Clinic (Bamba),Kilifi,Ganze,Medical Clinic,Private Practice - Clinical Officer,0,0,f,f,Operational,-3.633333,39.85
19255,Huruma Medical Clinic (Changamwe),Mombasa,Changamwe,Medical Clinic,Private Practice - Clinical Officer,0,0,f,f,Operational,-4.043477,39.668205
10329,Huruma Medical Clinic (Gatundu),Kiambu,Gatundu,Medical Clinic,Private Practice - Nurse / Midwife,0,0,f,f,Operational,-1.166667,36.833333
17879,Huruma Medical Clinic (Kanja),Embu,Embu East,Medical Clinic,Private Practice - Nurse / Midwife,0,0,f,f,Operational,-0.533333,37.45
17898,Huruma Medical Clinic (Moyale),Marsabit,Moyale,Medical Clinic,Private Practice - Nurse / Midwife,0,0,f,f,Operational,2.333333,37.983333
14554,Huruma Mobile Clinic,Nakuru,Njoro,Dispensary,Other Faith Based,0,0,f,f,Operational,-0.303099,36.080026
12976,Huruma Nursing Home & Maternity,Nairobi,Mathare,Nursing Home,Private Enterprise (Institution),30,0,f,f,Operational,-1.286389,36.817223
19983,Hylax Clinic (Masaba North),Nyamira,North Masaba,Medical Clinic,Private Practice - Nurse / Midwife,12,2,f,f,Operational,-0.633333,34.933333
20556,I Choose Life - Africa(Kileleshwa),Nairobi,Dagoretti North,VCT Centre (Stand-Alone),Non-Governmental Organizations,0,0,f,f,Operational,-1.286389,36.817223
18201,I Choose Life Africa,Nairobi,Embakasi South,Medical Clinic,Private Enterprise (Institution),8,1,f,f,Operational,-1.286389,36.817223
20939,I Choose Life Africa Bomet VCT,Bomet,Bomet Central,VCT Centre (Stand-Alone),Non-Governmental Organizations,0,0,f,f,Pending Opening,-1.286389,36.817223
13611,Ibacho Sub-District Hospital,Kisii,Masaba South,Sub-District Hospital,Ministry of Health,8,0,f,f,Operational,-0.683333,34.766667
13612,Ibeno Sub-District Hospital,Kisii,Kisii Central,Sub-District Hospital,Ministry of Health,30,0,f,f,Operational,-0.683333,34.766667
10331,Ichagachiru Dispensary,Nyeri,Tetu,Dispensary,Ministry of Health,0,0,f,f,Operational,-0.416667,36.95
10332,Ichagaki (Mission) Health Centre,Murang'a,Muranga South,Health Centre,Kenya Episcopal Conference-Catholic Secretariat,0,0,f,f,Operational,-0.716667,37.15
10333,Ichamara Dispensary,Nyeri,Mukurweini,Dispensary,Ministry of Health,1,0,f,f,Operational,-0.416667,36.95
10335,Ichichi Dispensary,Murang'a,Muranga West,Dispensary,Ministry of Health,0,0,f,f,Operational,-0.716667,37.15
12067,Ichomba Clinic,Meru,Imenti South,Medical Clinic,Private Practice - Nurse / Midwife,0,0,f,f,Operational,0.05,37.65
18023,Ichuga Medical Clinic,Nyeri,Kieni East,Medical Clinic,Private Practice - Nurse / Midwife,0,0,f,f,Operational,-0.416667,36.95
14556,Icross Dispensary,Kajiado,Kajiado North,Dispensary,Ministry of Health,0,0,f,f,Operational,-1.85,36.783333
20211,Ideal Medical Clinic,Kiambu,Kikuyu,Medical Clinic,Private Practice - General Practitioner,0,0,f,f,Operational,-1.166667,36.833333
11418,Idsowe Dispensary,Tana River,Tana Delta,Dispensary,Ministry of Health,0,0,f,f,Operational,-1.5,40.033333
15896,Iduku Dispensary,Vihiga,Vihiga,Dispensary,Ministry of Health,3,2,f,f,Operational,0.083333,34.716667
18799,Ifo 2 Hospital,Garissa,Dadaab,Other Hospital,Humanitarian Agencies,30,10,f,f,Operational,-0.456944,39.658333
13368,Ifo Hospital,Garissa,Dadaab,Other Hospital,Non-Governmental Organizations,162,0,f,f,Operational,-0.456944,39.658333
12069,Igamatundu Dispensary,Tharaka Nithi,Meru South,Dispensary,Community,0,0,f,f,Operational,,
10337,Igana Dispensary,Nyeri,Mukurweini,Dispensary,Ministry of Health,0,0,f,f,Operational,-0.416667,36.95
12070,Igandene Dispensary,Meru,Imenti South,Dispensary,Christian Health Association of Kenya,0,0,f,f,Operational,0.05,37.65
15897,Igara Dispensary,Busia,Nambale,Dispensary,Ministry of Health,0,0,f,f,Operational,0.46,34.11
13613,Igare Medical Clinic (Sameta),Kisii,Sameta,Medical Clinic,Private Enterprise (Institution),0,0,f,f,Operational,-0.683333,34.766667
18864,Igarii Dispensary,Meru,Tigania East,Dispensary,Ministry of Health,0,0,f,f,Operational,0.05,37.65
10338,Igegania Sub-District Hospital,Kiambu,Gatundu North,Sub-District Hospital,Ministry of Health,14,2,f,f,Operational,-1.166667,36.833333
13614,Igena-Itambe Dispensary,Nyamira,Nyamira,Dispensary,Ministry of Health,0,0,f,f,Operational,-0.633333,34.933333
19489,Ignane Health Centre,Meru,Meru Central,Health Centre,Ministry of Health,0,0,f,f,Operational,0.05,37.65
13583,God Kwer Dispensary,Migori,Migori,Dispensary,Ministry of Health,3,0,f,f,Operational,-1.066667,34.466667
13584,Godber Dispensary,Homa Bay,Rachuonyo South,Health Centre,Ministry of Health,0,0,f,f,Operational,-0.516667,34.45
13585,Godbura Health Centre,Homa Bay,Suba,Health Centre,Ministry of Health,1,0,f,f,Operational,-0.516667,34.45
11400,Godo Dispensary,Kwale,Msambweni,Dispensary,Ministry of Health,1,0,f,f,Operational,-4.183333,39.45
13351,Godoma Health Centre (Nep),Wajir,Wajir North,Health Centre,Ministry of Health,0,0,f,f,Operational,1.75,40.066667
12050,Godoma Model Health Centre (Moyale),Marsabit,Moyale,Health Centre,Ministry of Health,14,4,f,f,Operational,2.333333,37.983333
13586,Gods Will Clinic,Kisumu,Kisumu East,Medical Clinic,Private Enterprise (Institution),0,0,f,f,Operational,-0.10221,34.761711
19907,Gogo Disp,Siaya,Gem,Dispensary,Ministry of Health,0,0,f,f,Operational,0.066667,34.283333
14513,GOK Farm (Nahrc) Dispensary,Nakuru,Naivasha,Dispensary,Ministry of Health,0,0,f,f,Operational,-0.303099,36.080026
18264,GOK Prison Siaya,Siaya,Siaya,Medical Clinic,Other Public Institution,0,0,f,f,Operational,0.066667,34.283333
16676,GOK Rumuruti Prisons Dispensary,Laikipia,Laikipia West,Dispensary,Ministry of Health,2,0,f,f,Operational,0.366667,37.033333
20902,Golden Gates Hospital,Mombasa,Mvita,Medical Clinic,Private Practice - Clinical Officer,0,0,f,f,Operational,-4.043477,39.668205
20131,Goldenlife Medical Centre Naivasha,Nakuru,Naivasha,Other Hospital,Private Practice - General Practitioner,8,0,f,f,Operational,-1.286389,36.817223
12051,Golole Dispensary,Marsabit,Sololo,Dispensary,Ministry of Health,0,0,f,f,Operational,2.333333,37.983333
16546,Gombato Dispensary (CDF),Kwale,Msambweni,Dispensary,Ministry of Health,0,0,f,f,Operational,-4.183333,39.45
13587,Gongo Dispensary,Homa Bay,Homa Bay,Dispensary,Community,0,0,f,f,Operational,-0.516667,34.45
17516,Gongo Health Centre,Siaya,Gem,Health Centre,Ministry of Health,4,1,f,f,Operational,0.066667,34.283333
11401,Gongoni Health Centre,Kilifi,Magarini,Health Centre,Ministry of Health,10,0,f,f,Operational,-3.633333,39.85
11402,Gongoni Medical Clinic,Kilifi,Magarini,Medical Clinic,Private Practice - Clinical Officer,0,0,f,f,Operational,-3.633333,39.85
14530,Good Health Clinic Ngong,Kajiado,Kajiado North,Medical Clinic,Private Practice - Clinical Officer,0,0,f,f,Operational,-1.85,36.783333
16847,Good Hope Clinic,Meru,Meru Central,Medical Clinic,Private Enterprise (Institution),0,0,f,f,Operational,0.05,37.65
12071,Igoki Dispensary,Meru,Imenti North,Dispensary,Ministry of Health,0,0,f,f,Operational,0.05,37.65
18340,Igorera Medical Clinic,Kisii,Kenyenya,Medical Clinic,Private Enterprise (Institution),2,0,f,f,Operational,-0.683333,34.766667
15899,Iguhu District Hospital,Kakamega,Kakamega South (Ikolomani),District Hospital,Ministry of Health,21,4,f,f,Operational,0.284767,34.752308
14557,Igure Dispensary,Baringo,Koibatek,Dispensary,Ministry of Health,0,0,f,f,Operational,0.466667,35.966667
14558,Igwamiti Dispensary,Nakuru,Subukia,Dispensary,Ministry of Health,0,0,f,f,Operational,-0.303099,36.080026
19800,Igwamiti Medical Clinic,Nyandarua,Nyandarua West,Medical Clinic,Private Practice - Nurse / Midwife,0,0,f,f,Operational,-0.183333,36.366667
10339,Ihuririo Dispensary,Nyeri,Nyeri South,Dispensary,Ministry of Health,0,0,f,f,Operational,-0.416667,36.95
10340,Ihururu Health Centre,Nyeri,Tetu,Health Centre,Ministry of Health,0,0,f,f,Operational,-0.416667,36.95
12073,Iiani Catholic Dispensary,Kitui,Kitui West,Dispensary,Other Faith Based,4,0,f,f,Operational,-1.366667,38.016667
12072,Iiani Dispensary,Makueni,Kathonzweni,Dispensary,Ministry of Health,2,1,f,f,Operational,-1.8,37.616667
17918,Iiani Dispensary (Kibwezi),Makueni,Kibwezi,Dispensary,Ministry of Health,2,2,f,f,Operational,-1.8,37.616667
12074,Iiani/Kiatineni Dispensary,Makueni,Mbooni West,Dispensary,Ministry of Health,3,0,f,f,Not-Operational,-1.8,37.616667
20723,Iimbani Dispensary,Machakos,Kathiani,Dispensary,Ministry of Health,0,0,f,f,Operational,-1.516667,37.266667
13406,Ijara District Hospital - Masalani,Garissa,Ijara,District Hospital,Ministry of Health,50,11,f,f,Operational,-0.456944,39.658333
13370,Ijara Health Centre,Garissa,Ijara,Health Centre,Ministry of Health,6,2,f,f,Operational,-0.456944,39.658333
16958,Ikalyoni Dispensary,Makueni,Makueni,Dispensary,Ministry of Health,0,0,f,f,Operational,-1.8,37.616667
12077,Ikanga Sub-District Hospital,Kitui,Mutomo,Sub-District Hospital,Ministry of Health,14,0,f,f,Operational,-1.366667,38.016667
20921,Ikhanyi Dispensary,Kakamega,Kakamega North (Malava),Dispensary,Ministry of Health,6,4,f,f,Pending Opening,0.284767,34.752308
13616,Ikobe Health Centre(Manga),Nyamira,Manga,Health Centre,Ministry of Health,1,0,f,f,Operational,-0.633333,34.933333
12078,Ikombe Dispensary,Machakos,Yatta,Dispensary,Ministry of Health,3,0,f,f,Operational,-1.516667,37.266667
20399,Florensis Kenya LTD Medical Clinic(Naivasha),Nakuru,Naivasha,Medical Clinic,Private Practice - Nurse / Midwife,0,0,f,f,Operational,-0.303099,36.080026
18659,Florex Medical Clinic,Nakuru,Nakuru,Medical Clinic,Private Practice - Nurse / Midwife,1,0,f,f,Operational,-0.303099,36.080026
14500,Flourspar Health Centre,Elgeyo Marakwet,Keiyo South,Health Centre,Private Enterprise (Institution),13,1,f,f,Operational,0.514277,35.269779
19807,Fly Over Health Clinic,Nyandarua,Kinangop,Medical Clinic,Private Practice - Nurse / Midwife,0,0,f,f,Operational,-1.286389,36.817223
19806,Fly Over Medical Clinic,Nyandarua,Kinangop,Medical Clinic,Private Practice - Nurse / Midwife,0,0,f,f,Operational,-0.183333,36.366667
10184,Focus Medical Clinic and Counselling Centre,Kiambu,Ruiru,Medical Clinic,Private Practice - Nurse / Midwife,7,7,f,f,Operational,-1.166667,36.833333
12019,Forolle Dispensary,Marsabit,Marsabit North,Dispensary,Ministry of Health,0,0,f,f,Not-Operational,2.333333,37.983333
14501,Forttenan Sub District Hospital,Kericho,Kipkelion,Sub-District Hospital,Ministry of Health,18,0,f,f,Operational,-0.366667,35.283333
19173,Fountain Healthcare,Uasin Gishu,Eldoret East,Medical Clinic,Private Practice - Medical Specialist,0,0,f,f,Operational,0.514277,35.269779
14502,Fountain Medical Centre,Narok,Narok North,Medical Clinic,Christian Health Association of Kenya,0,0,f,f,Operational,-1.083333,35.866667
17787,Fountain Medical Clinic,Nakuru,Nakuru,Dispensary,Christian Health Association of Kenya,0,0,f,f,Operational,-0.303099,36.080026
18780,Fountain of Hope Medical Clinic,Machakos,Machakos,Medical Clinic,Private Practice - Nurse / Midwife,3,3,f,f,Operational,-1.286389,36.817223
14503,Fr andrian Heath Centre,Kajiado,Mashuru,Health Centre,Kenya Episcopal Conference-Catholic Secretariat,3,1,f,f,Operational,-1.85,36.783333
10185,Fr Baldo Cath Disp,Nyandarua,Nyandarua Central,Dispensary,Kenya Episcopal Conference-Catholic Secretariat,0,0,f,f,Operational,-0.183333,36.366667
13555,Framo Medical Clinic,Nyamira,North Masaba,Medical Clinic,Private Enterprise (Institution),2,0,f,f,Operational,-0.633333,34.933333
18612,Fremo Medical Centre,Nairobi,Dagoretti South,Health Centre,Private Practice - Clinical Officer,10,0,f,f,Operational,-1.286389,36.817223
12944,Frepals Community Nursing Home,Nairobi,Kibra,Maternity Home,Non-Governmental Organizations,21,0,f,f,Operational,-1.286389,36.817223
19835,Front Line Medical Clinic,Kirinyaga,Kirinyaga North,Medical Clinic,Private Practice - Nurse / Midwife,0,0,f,f,Operational,-0.5,37.283333
17901,Frontier Medical Clinic (Moyale),Marsabit,Moyale,Medical Clinic,Private Practice - General Practitioner,0,0,f,f,Operational,2.333333,37.983333
19058,Frontier Medicare,Wajir,Habaswein,Medical Clinic,Private Practice - Nurse / Midwife,0,0,f,f,Operational,1.75,40.066667
11379,Fundi Issa Dispensary,Kilifi,Magarini,Dispensary,Ministry of Health,0,0,f,f,Operational,-3.216667,40.116667
16659,Furqan Dispensary,Garissa,Ijara,Dispensary,Ministry of Health,0,0,f,f,Operational,-0.456944,39.658333
12945,Future Age Medical Services,Nairobi,Langata,Medical Clinic,Private Enterprise (Institution),0,0,f,f,Operational,-1.286389,36.817223
17522,Future Life Dispensary,Siaya,Siaya,Dispensary,Other Faith Based,0,0,f,f,Operational,0.066667,34.283333
17877,G K Prisons (Thika),Kiambu,Thika West,Dispensary,Ministry of Health,0,0,f,f,Operational,-1.033333,37.066667
17716,G S U Kinisa Dispensary,Meru,Imenti North,Dispensary,Ministry of Health,0,0,f,f,Operational,0.05,37.65
16852,Gaatia Dispensary,Meru,Imenti South,Dispensary,Ministry of Health,0,0,f,f,Operational,0.05,37.65
18630,Gababa Dispensary,Garissa,Ijara,Dispensary,Ministry of Health,0,0,f,f,Operational,-0.456944,39.658333
10190,Gacharage Dispensary,Murang'a,Kandara,Dispensary,Ministry of Health,0,0,f,f,Operational,-0.716667,37.15
10191,Gacharageini Dispensary,Murang'a,Mathioya,Dispensary,Ministry of Health,0,0,f,f,Operational,-0.716667,37.15
10192,Gachatha Medical Clinic (Nyeri South),Nyeri,Nyeri Central,Medical Clinic,Private Practice - Nurse / Midwife,0,0,f,f,Not-Operational,-0.416667,36.95
10194,Gachege Dispensary,Kiambu,Gatundu North,Dispensary,Ministry of Health,0,0,f,f,Operational,-1.166667,36.833333
10195,Gachika Dispensary,Kiambu,Gatundu,Dispensary,Ministry of Health,0,0,f,f,Operational,-1.166667,36.833333
18608,Gachororo Health Centre,Kiambu,Thika West,Health Centre,Ministry of Health,5,3,f,f,Operational,-1.033333,37.066667
18339,Gachua Catholic Dispensary,Meru,Imenti North,Dispensary,Kenya Episcopal Conference-Catholic Secretariat,0,0,f,f,Operational,0.05,37.65
12024,Gaciongo Dispensary,Tharaka Nithi,Tharaka North,Dispensary,Ministry of Health,0,0,f,f,Operational,,
10197,Gaciongo Dispensary (Kirinyaga),Kirinyaga,Kirinyaga East,Dispensary,Ministry of Health,0,0,f,f,Operational,-0.5,37.283333
12025,Gafarsa Health Centre,Isiolo,Garbatula,Health Centre,Ministry of Health,2,0,f,f,Operational,0.35,37.583333
11380,Gahaleni Dispensary,Kilifi,Malindi,Dispensary,Ministry of Health,0,0,f,f,Operational,-3.216667,40.116667
12026,Gaitu Dispensary,Meru,Meru Central,Dispensary,Christian Health Association of Kenya,0,0,f,f,Operational,0.05,37.65
10200,Gakawa Dispensary,Nyeri,Kieni East,Health Centre,Ministry of Health,1,0,f,f,Operational,-0.416667,36.95
20355,Gaketha Dispensary,Tharaka Nithi,Maara,Dispensary,Ministry of Health,0,0,f,f,Operational,,
10202,Gakoe Health Centre,Kiambu,Gatundu,Health Centre,Ministry of Health,3,1,f,f,Operational,-1.166667,36.833333
12027,Gakoromone Dispensary,Meru,Imenti North,Dispensary,Ministry of Health,0,0,f,f,Operational,0.05,37.65
18703,Gakoromone Health Care Clinic,Meru,Imenti North,Medical Clinic,Private Practice - Nurse / Midwife,0,0,f,f,Operational,0.05,37.65
16738,Gakurungu Dispensary,Tharaka Nithi,Tharaka South,Dispensary,Ministry of Health,0,0,f,f,Operational,0.05,37.65
11381,Galana Hospital,Kilifi,Malindi,Medical Clinic,Private Practice - Clinical Officer,16,1,f,f,Operational,-3.216667,40.116667
16199,Galili Dispensary,Tana River,Tana Delta,Dispensary,Ministry of Health,1,0,f,f,Operational,-1.5,40.033333
13342,Galmagalla Health Centre,Garissa,Fafi,Health Centre,Ministry of Health,0,0,f,f,Operational,-0.456944,39.658333
18332,Galmagalla Nomadic Clinic,Garissa,Fafi,Dispensary,Ministry of Health,1,0,f,f,Operational,-0.456944,39.658333
17808,Kapkesembe Dispensary,Bomet,Sotik,Dispensary,Ministry of Health,0,0,f,f,Pending Opening,-0.783333,35.35
14714,Kapkesosio Dispensary,Bomet,Chepalungu,Dispensary,Ministry of Health,4,0,f,f,Operational,-0.783333,35.35
17284,Kapkessum Dispensary,Elgeyo Marakwet,Keiyo,Dispensary,Ministry of Health,0,0,f,f,Operational,,
14715,Kapkiam Dispensary,Kericho,Kericho,Dispensary,Ministry of Health,3,0,f,f,Operational,-0.366667,35.283333
14716,Kapkiamo Dispensary,Baringo,Baringo North,Dispensary,Ministry of Health,0,0,f,f,Operational,0.466667,35.966667
17642,Kapkibimbir Dispensary,Nandi,Chesumei,Dispensary,Ministry of Health,0,0,f,f,Operational,0.166667,35.133333
14717,Kapkimolwa Dispensary,Bomet,Bomet East,Dispensary,Ministry of Health,0,0,f,f,Operational,-0.783333,35.35
20635,Kapkirwa Dispensary,Nandi,Tinderet,Dispensary,Ministry of Health,0,0,f,f,Operational,0.166667,35.133333
14719,Kapkitony Dispensary,Elgeyo Marakwet,Keiyo South,Dispensary,Other Faith Based,0,0,f,f,Operational,0.514277,35.269779
17417,Kapkoi Disp,Uasin Gishu,Wareng,Dispensary,Ministry of Health,0,0,f,f,Operational,0.514277,35.269779
14721,Kapkoi Health Centre,Elgeyo Marakwet,Keiyo,Health Centre,Other Faith Based,22,2,f,f,Operational,,
14720,Kapkoi Health Centre (Kwanza),Trans Nzoia,Kwanza,Health Centre,Ministry of Health,0,0,f,f,Operational,1.016667,34.983333
14723,Kapkole Dispensary,Baringo,Baringo Central,Dispensary,Ministry of Health,0,0,f,f,Operational,0.466667,35.966667
14724,Kapkolei Dispensary,Nandi,Nandi South,Dispensary,Ministry of Health,0,0,f,f,Operational,0.166667,35.133333
20467,Kapkombe Dispensary,Baringo,Baringo North,Dispensary,Ministry of Health,0,0,f,f,Operational,0.466667,35.966667
17019,Kapkomoi Dispensary,Baringo,Baringo Central,Dispensary,Ministry of Health,0,0,f,f,Operational,0.466667,35.966667
21084,Kapkonga dispensary,Elgeyo Marakwet,Keiyo South,Dispensary,Ministry of Health,0,0,f,f,Operational,,
17152,Kapkoris Dispensary,West Pokot,West Pokot,Dispensary,Ministry of Health,0,0,f,f,Operational,1.233333,35.116667
17772,Kapkoros Dispensary (Tinderet),Nandi,Tinderet,Dispensary,Ministry of Health,0,0,f,f,Operational,0.166667,35.133333
14728,Kapkoros Health Centre,Bomet,Bomet Central,Health Centre,Ministry of Health,12,0,f,f,Operational,-0.783333,35.35
17076,Kapkota Dispensary,Bungoma,Mt Elgon,Dispensary,Ministry of Health,0,0,f,f,Pending Opening,0.566667,34.566667
17289,Garseyqoftu Dispensary,Wajir,Wajir West,Dispensary,Ministry of Health,0,0,f,f,Operational,1.75,40.066667
12030,Gatab Health Centre,Marsabit,Loyangalani,Health Centre,Christian Health Association of Kenya,10,4,f,f,Operational,-1.286389,36.817223
10206,Gatamu Medical Clinic,Nyeri,Nyeri South,Medical Clinic,Private Practice - Clinical Officer,0,0,f,f,Operational,-0.416667,36.95
10208,Gatangara Dispensary,Murang'a,Muranga West,Dispensary,Ministry of Health,0,0,f,f,Operational,-0.716667,37.15
16230,Gatankene Dispensary,Meru,Imenti South,Dispensary,Ministry of Health,0,0,f,f,Operational,0.05,37.65
10209,Gatara Health Centre,Murang'a,Kahuro,Health Centre,Ministry of Health,0,0,f,f,Operational,-0.716667,37.15
16463,Gategi Health Centre,Embu,Mbeere South,Health Centre,Ministry of Health,13,5,f,f,Operational,-0.533333,37.45
10210,Gatei Dispensary,Nyeri,Mathira East,Dispensary,Ministry of Health,0,0,f,f,Operational,-0.416667,36.95
10212,Gathaithi Dispensary,Murang'a,Kiharu,Dispensary,Ministry of Health,0,0,f,f,Operational,-0.716667,37.15
10213,Gathambi Health Centre,Kirinyaga,Kirinyaga West,Health Centre,Ministry of Health,0,0,f,f,Operational,-0.5,37.283333
10214,Gathanga Dispensary,Kiambu,Kiambu,Dispensary,Ministry of Health,0,0,f,f,Operational,-1.166667,36.833333
19965,Gathangari Dispensary,Kiambu,Githunguri,Dispensary,Ministry of Health,0,0,f,f,Operational,-1.166667,36.833333
20023,Gathanji Clinic,Laikipia,Laikipia East,Medical Clinic,Private Practice - Nurse / Midwife,0,0,f,f,Operational,0.366667,37.033333
17058,Gathanji Dispensary,Murang'a,Gatanga,Dispensary,Ministry of Health,0,0,f,f,Operational,-1.033333,37.066667
10215,Gathara Dispensary,Nyandarua,Nyandarua South,Dispensary,Ministry of Health,0,0,f,f,Operational,-0.183333,36.366667
10216,Gatheru Dispensary,Murang'a,Kiharu,Dispensary,Ministry of Health,0,0,f,f,Operational,-0.716667,37.15
10217,Gathigiriri Health Centre,Kirinyaga,Kirinyaga South,Health Centre,Ministry of Health,0,0,f,f,Operational,-0.5,37.283333
21069,Gathuthuma Dispensary,Kirinyaga,Kirinyaga Central,Dispensary,Ministry of Health,0,0,f,f,Operational,-0.5,37.283333
17305,Gatiaini Dispensary,Murang'a,Kigumo,Dispensary,Ministry of Health,0,0,f,f,Operational,-0.716667,37.15
12031,Gatimbi Health Centre,Meru,Meru Central,Health Centre,Ministry of Health,12,2,f,f,Operational,0.05,37.65
16838,Gatimbi Medical Clinic,Meru,Meru Central,Medical Clinic,Private Enterprise (Institution),0,0,f,f,Operational,0.05,37.65
18781,Gatimu Health Centre,Nyandarua,Nyandarua West,Health Centre,Ministry of Health,4,0,f,f,Operational,-0.183333,36.366667
10220,Gatina Dispensary,Nyeri,Mathira East,Dispensary,Ministry of Health,0,0,f,f,Operational,-0.416667,36.95
16803,Gatina United Clinic,Nairobi,Dagoretti North,Medical Clinic,Non-Governmental Organizations,0,0,f,f,Operational,-1.286389,36.817223
18453,Gatiruri Dispensary,Embu,Mbeere North,Dispensary,Ministry of Health,4,0,f,f,Operational,-0.533333,37.45
10221,Gatithi Dispensary,Kirinyaga,Kirinyaga West,Dispensary,Ministry of Health,0,0,f,f,Operational,-0.5,37.283333
10222,Gatitu Dispensary,Nyeri,Nyeri Central,Dispensary,Ministry of Health,0,0,f,f,Operational,-0.416667,36.95
10223,Gatondo Dispensary (Kipipiri),Nyandarua,Kipipiri,Dispensary,Ministry of Health,0,0,f,f,Operational,-0.183333,36.366667
10224,Gatondo Dispensary (Nyeri North),Nyeri,Mathira East,Dispensary,Ministry of Health,0,0,f,f,Operational,-0.416667,36.95
10229,Gatugura Dispensary,Kirinyaga,Kirinyaga East,Dispensary,Ministry of Health,0,0,f,f,Operational,-0.5,37.283333
10231,Gatukuyu Medical Clinic,Kiambu,Gatundu North,Medical Clinic,Private Practice - Nurse / Midwife,0,0,f,f,Operational,-1.033333,37.066667
10232,Gatumbi (SDA) Dispensary,Kirinyaga,Kirinyaga East,Dispensary,Christian Health Association of Kenya,0,0,f,f,Operational,-0.5,37.283333
12032,Gatumbi Dispensary,Embu,Embu East,Dispensary,Ministry of Health,0,0,f,f,Operational,-0.533333,37.45
10233,Gatundu District Hospital,Kiambu,Gatundu,District Hospital,Ministry of Health,162,11,f,f,Operational,-1.166667,36.833333
12033,Gatunduri Dispensary,Embu,Manyatta,Dispensary,Ministry of Health,0,0,f,f,Operational,-0.533333,37.45
12034,Gatunga Health Centre,Tharaka Nithi,Tharaka South,Health Centre,Kenya Episcopal Conference-Catholic Secretariat,6,0,f,f,Operational,,
18080,Gatunga Model Health Centre,Tharaka Nithi,Tharaka North,Health Centre,Ministry of Health,0,0,f,f,Operational,,
10234,Gatunyu Dispensary,Murang'a,Gatanga,Dispensary,Ministry of Health,1,0,f,f,Operational,-1.033333,37.066667
10236,Gatura Healh Centre,Murang'a,Gatanga,Health Centre,Ministry of Health,8,4,f,f,Operational,-1.033333,37.066667
16976,Gaturi Catholic Parish Dispensary,Murang'a,Kiharu,Dispensary,Kenya Episcopal Conference-Catholic Secretariat,0,0,f,f,Operational,-0.716667,37.15
16232,Gaturi Dispensary,Meru,Imenti South,Dispensary,Christian Health Association of Kenya,0,0,f,f,Operational,0.05,37.65
10237,Gaturi Medical Clinic,Murang'a,Kiharu,Medical Clinic,Private Enterprise (Institution),0,0,f,f,Operational,-0.716667,37.15
16386,Gatuto Dispensary,Kirinyaga,Kirinyaga Central,Dispensary,Ministry of Health,0,0,f,f,Operational,-0.5,37.283333
10239,Gatwe Health Centre,Kirinyaga,Kirinyaga Central,Health Centre,Ministry of Health,0,0,f,f,Operational,-0.5,37.283333
21189,Gatwekera B(Olympic),Nairobi,Kibra,Dispensary,Ministry of Health,0,0,f,f,Pending Opening,-1.286389,36.817223
11386,Geca Medical Clinic,Mombasa,Likoni,Medical Clinic,Private Enterprise (Institution),0,0,f,f,Operational,-4.043477,39.668205
17314,Gechiriet Dispensary,Kericho,Kericho,Dispensary,Community,0,0,f,f,Operational,-0.366667,35.283333
11387,Gede Health Centre,Kilifi,Kilifi North,Health Centre,Ministry of Health,14,6,f,f,Operational,-3.633333,39.85
11388,Gede Medical Clinic,Kilifi,Kilifi North,Medical Clinic,Private Enterprise (Institution),0,0,f,f,Operational,-3.633333,39.85
13557,Gekano Health Centre (Manga),Nyamira,Manga,Health Centre,Kenya Episcopal Conference-Catholic Secretariat,15,0,f,f,Operational,-0.633333,34.933333
14505,Gelegele Dispensary,Bomet,Sotik,Dispensary,Ministry of Health,3,0,f,f,Operational,-0.783333,35.35
18705,General Medical Clinic and Lab,Meru,Imenti North,Medical Clinic,Private Practice - Unspecified,0,0,f,f,Operational,0.05,37.65
10242,Genesis Clinic (Kirinyaga),Kirinyaga,Kirinyaga West,Medical Clinic,Private Practice - Nurse / Midwife,0,0,f,f,Operational,-0.5,37.283333
16500,Genesis Community Bamako Initiative,Kirinyaga,Kirinyaga West,Not in List,Non-Governmental Organizations,0,0,f,f,Operational,-0.5,37.283333
17236,Genesis Medical Clinic,Kitui,Kitui West,Medical Clinic,Private Practice - Nurse / Midwife,0,0,f,f,Not-Operational,-1.366667,38.016667
19702,Genesis Medical Clinic Kitengela,Kajiado,Isinya,Medical Clinic,Private Practice - Nurse / Midwife,0,0,f,f,Operational,-1.85,36.783333
16442,Genesis Medicare,Mombasa,Kisauni,Medical Clinic,Private Practice - Nurse / Midwife,0,0,f,f,Operational,-4.043477,39.668205
19287,Genus Medical Services & Diagnostic Lab,Nairobi,Roysambu,Medical Clinic,Private Practice - General Practitioner,0,0,f,f,Operational,-1.286389,36.817223
17725,Gertrude Komarock Clinic,Nairobi,Embakasi Central,Health Centre,Private Practice - General Practitioner,3,2,f,f,Operational,-1.286389,36.817223
18191,Gertrudes Children Clinic (Kitengela),Kajiado,Kajiado North,Medical Clinic,Private Practice - General Practitioner,0,0,f,f,Operational,-1.286389,36.817223
20820,Gertrudes Children Hospital,Mombasa,Kisauni,Medical Centre,Private Enterprise (Institution),0,0,f,f,Operational,-1.286389,36.817223
13558,Gesabakwa Health Centre,Kisii,Nyamache,Health Centre,Ministry of Health,0,0,f,f,Operational,-0.683333,34.766667
13559,Gesima Health Centre,Nyamira,North Masaba,Health Centre,Ministry of Health,2,0,f,f,Operational,-0.633333,34.933333
13560,Gesuguri Dispensary,Kisii,Kisii South,Dispensary,Ministry of Health,0,0,f,f,Operational,-0.683333,34.766667
13561,Gesure Dispensary (Sameta),Kisii,Sameta,Dispensary,Ministry of Health,0,0,f,f,Operational,-0.683333,34.766667
13562,Gesure Health Centre (Manga),Nyamira,Manga,Health Centre,Ministry of Health,1,0,f,f,Operational,-0.633333,34.933333
13563,Gesusu (SDA) Dispensary,Kisii,Masaba South,Dispensary,Ministry of Health,1,0,f,f,Operational,-0.683333,34.766667
13564,Gesusu Sub-District Hospital,Kisii,Masaba South,Sub-District Hospital,Ministry of Health,28,2,f,f,Operational,-0.683333,34.766667
19151,Get Well Clinic and Lab Services,Wajir,Wajir East,Medical Clinic,Private Enterprise (Institution),0,0,f,f,Operational,1.75,40.066667
10244,Geta Bush Health Centre,Nyandarua,Kipipiri,Health Centre,Ministry of Health,10,4,f,f,Operational,-0.183333,36.366667
14506,Geta Dispensary,Trans Nzoia,Trans Nzoia East,Dispensary,Ministry of Health,0,0,f,f,Operational,1.016667,34.983333
10245,Geta Forest Dispensary,Nyandarua,Kipipiri,Dispensary,Ministry of Health,0,0,f,f,Operational,-0.183333,36.366667
13566,Getare Health Centre(Manga),Nyamira,Manga,Health Centre,Ministry of Health,2,0,f,f,Operational,-0.633333,34.933333
14507,Getarwet Dispensary,Kericho,Bureti,Dispensary,Ministry of Health,0,0,f,f,Operational,-0.366667,35.283333
13568,Geteri Dispensary,Kisii,Masaba South,Dispensary,Ministry of Health,1,0,f,f,Operational,-0.683333,34.766667
20102,Gethsemane Garden Mission Hospital,Homa Bay,Mbita,VCT Centre (Stand-Alone),Non-Governmental Organizations,0,0,f,f,Operational,-0.516667,34.45
16281,Getiesi Health Centre,Nyamira,Nyamira,Health Centre,Ministry of Health,0,0,f,f,Operational,-0.633333,34.933333
13570,Getongoroma Health Centre,Migori,Kuria East,Health Centre,Christian Health Association of Kenya,6,0,f,f,Operational,-1.066667,34.466667
12035,Getrude Dispensary,Embu,Manyatta,Dispensary,Kenya Episcopal Conference-Catholic Secretariat,0,0,f,f,Operational,-0.533333,37.45
18395,Getrude Embakasi Clinic,Nairobi,Embakasi South,Medical Clinic,Private Practice - General Practitioner,6,4,f,f,Operational,-1.286389,36.817223
20886,Getrudes Children's Hospital,Nairobi,Makadara,Medical Clinic,Private Practice - Clinical Officer,6,2,f,f,Operational,-1.286389,36.817223
12953,Getrudes Hospital (Nairobi West Clinic),Nairobi,Langata,Medical Clinic,Private Enterprise (Institution),0,0,f,f,Operational,-1.286389,36.817223
18969,Geva Family Health Services,Kisumu,Kisumu East,Medical Clinic,Private Practice - Clinical Officer,1,1,f,f,Operational,-0.10221,34.761711
11390,Ghazi Dispensary,Taita Taveta,Voi,Dispensary,Ministry of Health,0,0,f,f,Operational,,
12036,Giaki Sub-District Hospital,Meru,Imenti North,Sub-District Hospital,Ministry of Health,8,0,f,f,Operational,0.05,37.65
13572,Gianchore Health Centre,Nyamira,Nyamira,Health Centre,Ministry of Health,1,0,f,f,Operational,-0.633333,34.933333
10248,Giathanini Dispensary,Kiambu,Thika East,Dispensary,Ministry of Health,0,0,f,f,Operational,-1.033333,37.066667
13573,Giatunda Dispensary,Kisii,South Gucha,Dispensary,Ministry of Health,0,0,f,f,Operational,-0.683333,34.766667
20259,Gibea Medical Centre,Nakuru,Nakuru,Medical Clinic,Private Practice - Nurse / Midwife,0,0,f,f,Operational,-0.303099,36.080026
17365,Gichagini Dispensary,Murang'a,Kandara,Dispensary,Ministry of Health,0,0,f,f,Operational,-0.716667,37.15
17750,Ilkiremisho Dispensary,Narok,Narok North,Dispensary,Community Development Fund,0,0,f,f,Operational,-1.083333,35.866667
20372,Illasit Dispensary,Kajiado,Loitoktok,Dispensary,Ministry of Health,4,0,f,f,Operational,-1.85,36.783333
14567,Illasit Medical Clinic,Kajiado,Loitoktok,Medical Clinic,Private Practice - Clinical Officer,4,0,f,f,Operational,-1.85,36.783333
12086,Illaut Dispensary,Marsabit,Marsabit South,Dispensary,Christian Health Association of Kenya,6,0,f,f,Operational,2.333333,37.983333
12087,Illeret Health Centre (North Horr),Marsabit,North Horr,Health Centre,Ministry of Health,4,0,f,f,Operational,2.333333,37.983333
18251,Illikeek Oodupa Clinic,Narok,Trans Mara West - Dikirr,Medical Clinic,Private Practice - Nurse / Midwife,2,0,f,f,Operational,-1.083333,35.866667
14568,Illinga'rua Dispensary,Baringo,Marigat,Dispensary,Ministry of Health,0,0,f,f,Operational,0.466667,35.966667
20546,Ilmotiok Dispensary,Laikipia,Laikipia North,Dispensary,Ministry of Health,2,2,f,f,Operational,0.366667,37.033333
19724,Ilparakuo Dispensary,Kajiado,Kajiado North,Dispensary,Ministry of Health,0,0,f,f,Operational,-1.85,36.783333
14561,Ilpolei Dispensary,Laikipia,Laikipia North,Dispensary,Ministry of Health,4,1,f,f,Operational,0.366667,37.033333
15041,Ilpolosat Dispensary,Kajiado,Isinya,Dispensary,Ministry of Health,0,0,f,f,Operational,-1.85,36.783333
14569,Iltilal Health Centre,Kajiado,Loitoktok,Health Centre,Ministry of Health,20,4,f,f,Operational,-1.85,36.783333
18586,Iluvya,Machakos,Machakos,Dispensary,Ministry of Health,0,0,f,f,Pending Opening,-1.516667,37.266667
16484,Imalaba Dispensary,Kakamega,Kakamega South (Ikolomani),Dispensary,Ministry of Health,0,0,f,f,Operational,0.284767,34.752308
18941,Imanga Health Centre,Kakamega,Butere,Health Centre,Ministry of Health,8,4,f,f,Pending Opening,0.284767,34.752308
21264,Imani 44 Medical Centre,Nairobi,Roysambu,Medical Clinic,Private Practice - Clinical Officer,0,0,f,f,Operational,-1.286389,36.817223
16142,Imani Clinic,Kakamega,Mumias,Medical Clinic,Private Practice - Nurse / Midwife,0,0,f,f,Operational,0.284767,34.752308
16357,Imani Dispensary,Uasin Gishu,Eldoret West,Dispensary,Private Enterprise (Institution),0,0,f,f,Operational,0.514277,35.269779
12088,Imani Health Care (Machakos),Machakos,Machakos,Medical Clinic,Private Practice - Nurse / Midwife,0,0,f,f,Not-Operational,-1.516667,37.266667
19469,Imani Health Servises,Nairobi,Dagoretti South,Health Centre,Private Practice - Nurse / Midwife,4,0,f,f,Operational,-1.286389,36.817223
18177,Imani Hospital,Uasin Gishu,Eldoret West,Other Hospital,Private Enterprise (Institution),16,0,f,f,Operational,0.514277,35.269779
21226,Imani Medical and Laboratory Centre,Kiambu,Kikuyu,Medical Clinic,Private Practice - Nurse / Midwife,0,0,f,f,Operational,-1.286389,36.817223
19402,Imani Medical Centre,Nairobi,Roysambu,Medical Clinic,Private Practice - General Practitioner,0,0,f,f,Not-Operational,-1.286389,36.817223
17669,Imani Medical Centre (Athi River),Machakos,Athi River,Medical Clinic,Private Practice - Clinical Officer,1,0,f,f,Operational,-1.516667,37.266667
11392,Giriama Mission Dispensary,Kilifi,Kaloleni,Dispensary,Kenya Episcopal Conference-Catholic Secretariat,0,0,f,f,Operational,-3.633333,39.85
13576,Giribe Dispensary,Migori,Migori,Dispensary,Ministry of Health,2,0,f,f,Operational,-1.066667,34.466667
16665,Girigiri Dispensary,Migori,Kuria East,Dispensary,Ministry of Health,1,0,f,f,Operational,-1.066667,34.466667
13577,Gisage Dispensary,Nyamira,Nyamira North,Dispensary,Ministry of Health,0,0,f,f,Operational,-0.633333,34.933333
13647,Gita Sub County Hospital,Kisumu,Kisumu East,Sub-District Hospital,Local Authority,0,0,f,f,Operational,-0.10221,34.761711
17843,Gitaraka Dispensary,Embu,Mbeere South,Dispensary,Ministry of Health,1,1,f,f,Operational,-0.533333,37.45
12039,Gitare Dispensary (Embu),Embu,Embu East,Dispensary,Ministry of Health,0,0,f,f,Operational,-0.533333,37.45
10257,Gitare Health Centre (Gatundu),Kiambu,Gatundu,Health Centre,Ministry of Health,2,2,f,f,Operational,-1.166667,36.833333
10259,Gitata Medical Clinic,Nyeri,Nyeri South,Medical Clinic,Private Practice - Clinical Officer,0,0,f,f,Operational,-0.416667,36.95
17659,Gitathi Dispensary,Murang'a,Muranga South,Dispensary,Ministry of Health,0,0,f,f,Operational,-0.716667,37.15
19804,Githabai Medical Clinic,Nyandarua,Kinangop,Medical Clinic,Private Practice - Nurse / Midwife,0,0,f,f,Operational,-0.183333,36.366667
10261,Githagara Health Centre,Murang'a,Kahuro,Health Centre,Ministry of Health,0,0,f,f,Operational,-0.716667,37.15
20950,Githakwa Dispensary,Nyeri,Tetu,Dispensary,Ministry of Health,0,0,f,f,Operational,-0.416667,36.95
17253,Githambo Dispensary,Murang'a,Kiharu,Dispensary,Community Development Fund,0,0,f,f,Operational,-0.716667,37.15
10262,Githanga (ACK) Dispensary,Murang'a,Kiharu,Dispensary,Christian Health Association of Kenya,0,0,f,f,Operational,-0.716667,37.15
17401,Githiga Private Medical Clinic,Kiambu,Lari,Medical Clinic,Private Practice - Nurse / Midwife,0,0,f,f,Operational,-1.166667,36.833333
19968,Githima Dispensary,Kiambu,Githunguri,Dispensary,Ministry of Health,0,0,f,f,Operational,-1.166667,36.833333
17424,Githima Medical Clinic,Kiambu,Githunguri,Dispensary,Private Practice - Nurse / Midwife,1,0,f,f,Operational,-1.166667,36.833333
10265,Githirioni Dispensary,Kiambu,Lari,Dispensary,Ministry of Health,0,0,f,f,Operational,-1.166667,36.833333
18887,Githogoro Runda Baptist Clinic (Getrudes Nairobi),Nairobi,Westlands,Dispensary,Private Enterprise (Institution),0,0,f,f,Operational,-1.286389,36.817223
12041,Githongo District Hospital,Meru,Meru Central,District Hospital,Ministry of Health,40,2,f,f,Operational,0.05,37.65
10266,Githuani (ACK) Dispensary,Kirinyaga,Kirinyaga West,Dispensary,Christian Health Association of Kenya,0,0,f,f,Operational,-0.5,37.283333
10268,Githunguri Dispensary,Murang'a,Kandara,Dispensary,Ministry of Health,0,0,f,f,Operational,-0.716667,37.15
16748,Githunguri Health Centre (Ruiru),Kiambu,Ruiru,Health Centre,Ministry of Health,2,0,f,f,Operational,-1.166667,36.833333
19264,Githurai Health Care and Dental Hospital,Kiambu,Ruiru,Medical Clinic,Private Practice - Clinical Officer,0,0,f,f,Operational,-1.166667,36.833333
10274,Githure (ACK) Dispensary,Kirinyaga,Kirinyaga East,Dispensary,Christian Health Association of Kenya,0,0,f,f,Operational,-0.533333,37.45
20312,Gitimaini dispensary,Nyeri,Mathira East,Dispensary,Ministry of Health,0,0,f,f,Pending Opening,-0.416667,36.95
12042,Gitine Dispensary,Meru,Imenti South,Dispensary,Ministry of Health,0,0,f,f,Operational,0.05,37.65
20563,Gitogoto Dispensary,Tharaka Nithi,Meru South,Dispensary,Ministry of Health,0,0,f,f,Operational,,
18147,Gitombani Dispensary,Tharaka Nithi,Maara,Dispensary,Ministry of Health,0,0,f,f,Operational,,
17837,Gituamba Community Dispensary,Kiambu,Gatundu North,Dispensary,Community Development Fund,0,0,f,f,Operational,-1.166667,36.833333
10277,Gituamba Dispensary,Kiambu,Thika East,Dispensary,Ministry of Health,10,2,f,f,Operational,-1.033333,37.066667
20643,Gituamba Mathore Dispensary,Kiambu,Lari,Dispensary,Ministry of Health,0,0,f,f,Operational,-1.166667,36.833333
10278,Gituamba Medical Clinic,Kiambu,Gatundu,Medical Clinic,Private Practice - Nurse / Midwife,0,0,f,f,Operational,-1.166667,36.833333
10280,Gitugi Dispensary (Nyeri South),Nyeri,Nyeri South,Dispensary,Ministry of Health,0,0,f,f,Operational,-0.416667,36.95
17408,Gitura Dispensary,Meru,Igembe South,Dispensary,Ministry of Health,0,0,f,f,Operational,0.05,37.65
17423,Gitura Dispensary-Kenol,Murang'a,Kandara,Dispensary,Ministry of Health,0,0,f,f,Operational,-0.716667,37.15
10284,Gitwe Medical Clinic,Kiambu,Gatundu,Medical Clinic,Private Practice - Nurse / Midwife,0,0,f,f,Operational,-1.166667,36.833333
17182,Givole Dispensary,Vihiga,Hamisi,Dispensary,Ministry of Health,2,2,f,f,Operational,0.083333,34.716667
15889,Givudimbuli Health Centre,Vihiga,Sabatia,Health Centre,Ministry of Health,7,2,f,f,Operational,0.083333,34.716667
19593,Giwa Health Services,Kiambu,Ruiru,Medical Clinic,Private Practice - Clinical Officer,0,0,f,f,Operational,-1.166667,36.833333
14516,GK Prison Annex Dispensary (Naivasha),Nakuru,Naivasha,Dispensary,Other Public Institution,0,0,f,f,Operational,-0.303099,36.080026
18308,GK Prison Clinic,Kilifi,Malindi,Medical Clinic,Ministry of Health,0,1,f,f,Operational,-3.216667,40.116667
15890,GK Prison Dispensary ( Bungoma South),Bungoma,Bungoma South,Dispensary,Other Public Institution,0,0,f,f,Operational,0.566667,34.566667
14517,GK Prison Dispensary (Athi River),Kajiado,Isinya,Dispensary,Ministry of Health,0,0,f,f,Operational,-1.85,36.783333
12045,GK Prison Dispensary (Embu),Embu,Manyatta,Dispensary,Ministry of Health,0,0,f,f,Operational,-0.533333,37.45
13350,GK Prison Dispensary (Garissa),Garissa,Garissa,Dispensary,Other Public Institution,0,0,f,f,Operational,-0.456944,39.658333
10285,GK Prison Dispensary (Gathigiriri ),Kirinyaga,Kirinyaga South,Dispensary,Ministry of Health,6,0,f,f,Operational,-0.5,37.283333
13578,GK Prison Dispensary (Homa Bay),Homa Bay,Homa Bay,Dispensary,Ministry of Health,0,0,f,f,Operational,-0.516667,34.45
10286,GK Prison Dispensary (Kingongo),Nyeri,Nyeri Central,Dispensary,Other Public Institution,0,0,f,f,Operational,-0.416667,36.95
12047,GK Prison Dispensary (Kitui),Kitui,Kitui Central,Dispensary,Ministry of Health,0,0,f,f,Operational,-1.366667,38.016667
12048,GK Prison Dispensary (Machakos),Machakos,Machakos,Dispensary,Ministry of Health,4,0,f,f,Operational,-1.516667,37.266667
11394,GK Prison Dispensary (Malindi),Kilifi,Malindi,Dispensary,Ministry of Health,0,0,f,f,Operational,-3.216667,40.116667
12049,GK Prison Dispensary (Meru),Meru,Imenti North,Dispensary,Ministry of Health,0,0,f,f,Operational,0.05,37.65
17728,GK Prison Dispensary (Migori),Migori,Migori,Dispensary,Ministry of Health,2,0,f,f,Operational,-1.066667,34.466667
14518,GK Prison Dispensary (Nandi Central),Nandi,Nandi Central,Dispensary,Ministry of Health,0,0,f,f,Operational,0.166667,35.133333
10288,GK Prison Dispensary (Ruiru),Kiambu,Ruiru,Dispensary,Other Public Institution,0,0,f,f,Operational,-1.166667,36.833333
11396,GK Prisons Clinic (Malindi),Kilifi,Malindi,Dispensary,Other Public Institution,0,0,f,f,Operational,-3.216667,40.116667
14523,GK Prisons Dispensary,Narok,Narok North,Dispensary,Ministry of Health,1,0,f,f,Operational,-1.083333,35.866667
15891,GK Prisons Dispensary (Busia),Busia,Busia,Dispensary,Other Public Institution,0,0,f,f,Operational,0.46,34.11
14519,GK Prisons Dispensary (Eldoret East),Uasin Gishu,Eldoret East,Dispensary,Ministry of Health,0,0,f,f,Operational,0.514277,35.269779
14521,GK Prisons Dispensary (Kericho),Kericho,Kericho,Dispensary,Ministry of Health,0,0,f,f,Operational,-0.366667,35.283333
13579,GK Prisons Dispensary (Kibos),Kisumu,Kisumu East,Dispensary,Ministry of Health,0,0,f,f,Operational,-0.10221,34.761711
13580,GK Prisons Dispensary (Kisii),Kisii,Kisii Central,Dispensary,Ministry of Health,0,0,f,f,Operational,-0.683333,34.766667
14430,Elburgon Nursing Home,Nakuru,Molo,Nursing Home,Private Enterprise (Institution),10,0,f,f,Operational,-0.303099,36.080026
14964,Eldama Ravine (AIC) Health Centre,Baringo,Koibatek,Health Centre,Christian Health Association of Kenya,12,1,f,f,Operational,0.466667,35.966667
14432,Eldama Ravine District Hospital,Baringo,Koibatek,District Hospital,Ministry of Health,112,4,f,f,Operational,0.466667,35.966667
19324,Eldama Ravine Medical Centre,Baringo,Koibatek,Medical Clinic,Private Practice - Clinical Officer,6,0,f,f,Operational,0.466667,35.966667
19322,Eldama Ravine Nursing Home,Baringo,Koibatek,Nursing Home,Private Practice - Clinical Officer,18,5,f,f,Operational,0.466667,35.966667
13333,Eldas Health Centre,Wajir,Eldas,Health Centre,Ministry of Health,0,0,f,f,Operational,1.75,40.066667
11998,Eldera Dispensary,Isiolo,Garbatula,Dispensary,Ministry of Health,0,0,f,f,Operational,0.35,37.583333
16290,Eldere Dispensary,Garissa,Lagdera,Dispensary,Ministry of Health,0,0,f,f,Operational,-0.456944,39.658333
21113,Eldomed Medical Centre,Uasin Gishu,Eldoret East,Medical Clinic,Private Enterprise (Institution),5,0,f,f,Operational,0.514277,35.269779
14434,Eldoret Airport Dispensary,Uasin Gishu,Wareng,Dispensary,Ministry of Health,0,0,f,f,Operational,0.514277,35.269779
14435,Eldoret Hospital,Uasin Gishu,Eldoret East,Other Hospital,Private Enterprise (Institution),150,16,f,f,Operational,0.514277,35.269779
18978,Eldoret Medical Services,Uasin Gishu,Eldoret West,Medical Clinic,Private Practice - General Practitioner,0,0,f,f,Operational,0.514277,35.269779
17874,Eldoret MTC Clinic,Uasin Gishu,Eldoret East,Medical Clinic,Ministry of Health,0,0,f,f,Operational,0.514277,35.269779
18669,Eldoret Rapha Medical Centre,Uasin Gishu,Eldoret East,Medical Clinic,Christian Health Association of Kenya,0,0,f,f,Operational,0.516667,35.283333
18861,Eldoret Regional Blood Bank,Uasin Gishu,Eldoret East,Blood Bank,Ministry of Health,0,0,f,f,Operational,0.516667,35.283333
17351,Eldume Dispensary,Baringo,Marigat,Dispensary,Ministry of Health,0,0,f,f,Not-Operational,0.466667,35.966667
14436,Elelea Health Centre,Turkana,Turkana East,Health Centre,Ministry of Health,24,0,f,f,Operational,3.116667,35.6
11999,Elgade Dispensary,Marsabit,Marsabit North,Dispensary,Ministry of Health,0,0,f,f,Operational,2.333333,37.983333
21025,Elgeyo Marakwet County Beyond Zero Mobile Clinic,Elgeyo Marakwet,Keiyo,Dispensary,Ministry of Health,0,0,f,f,Operational,,
17229,El-Golicha Dispensary,Mandera,Mandera Central,Dispensary,Ministry of Health,0,0,f,f,Operational,3.933333,41.866667
14438,Elgon View Hospital,Uasin Gishu,Wareng,Other Hospital,Private Enterprise (Institution),39,0,f,f,Operational,0.514277,35.269779
15871,Elgon View Medical Cottage,Bungoma,Bungoma South,Nursing Home,Private Enterprise (Institution),16,1,f,f,Operational,0.566667,34.566667
20664,Elias Medical Clinic,Kiambu,Ruiru,Medical Clinic,Private Practice - Clinical Officer,0,0,f,f,Pending Opening,-1.286389,36.817223
18146,Elis Medicare,Tharaka Nithi,Maara,Medical Clinic,Private Practice - Nurse / Midwife,0,0,f,f,Operational,,
19836,Elite Clinic,Nyandarua,Kinangop,Medical Clinic,Private Practice - Nurse / Midwife,0,0,f,f,Operational,-0.183333,36.366667
18031,Elite Medical Clinic (Bungoma East),Bungoma,Bungoma East,Medical Clinic,Private Practice - Nurse / Midwife,0,0,f,f,Operational,0.566667,34.566667
19708,Elite Medical Clinic (Mathira West),Nyeri,Mathira West,Medical Clinic,Private Practice - Nurse / Midwife,0,0,f,f,Operational,-0.416667,36.95
14440,Eliye Springs (AIC) Dispensary,Turkana,Turkana Central,Dispensary,Christian Health Association of Kenya,0,0,f,f,Operational,3.116667,35.6
18846,Eliye Springs Community Dispensary,Turkana,Turkana Central,Dispensary,Ministry of Health,0,0,f,f,Operational,3.116667,35.6
20767,Elkambere Dispensary,Garissa,Hulugho,Dispensary,Ministry of Health,2,1,f,f,Pending Opening,-0.456944,39.658333
13334,Elnoor Dispensary,Wajir,Eldas,Dispensary,Ministry of Health,0,0,f,f,Operational,1.75,40.066667
17230,El-Ram Dispensary,Mandera,Mandera Central,Dispensary,Ministry of Health,0,0,f,f,Operational,3.933333,41.866667
18361,Eluche,Kakamega,Mumias,Dispensary,Community,0,0,f,f,Operational,0.284767,34.752308
15872,Elukhambi Dispensary,Kakamega,Kakamega Central (Lurambi),Dispensary,Ministry of Health,4,0,f,f,Operational,0.284767,34.752308
13335,Elwak District Hospital,Mandera,Mandera Central,District Hospital,Ministry of Health,48,17,f,f,Operational,3.933333,41.866667
16714,Elwangale Health Centre,Kakamega,Khwisero,Health Centre,Ministry of Health,0,0,f,f,Operational,0.284767,34.752308
15874,Elwesero Dispensary(Model Health Centre),Kakamega,Kakamega Central (Lurambi),Dispensary,Community,0,0,f,f,Operational,0.284767,34.752308
20396,Dr.P.W.Kamau&Associates(Upper Hill Medical Centre),Nairobi,Dagoretti North,Medical Clinic,Private Practice - General Practitioner,0,0,f,f,Operational,-1.286389,36.817223
15864,Dreamland Mc Health Centre,Bungoma,Kimilili Bungoma,Health Centre,Other Faith Based,8,0,f,f,Operational,0.566667,34.566667
18389,Dreamline Medical Clinic Kamulu,Nairobi,Kasarani,Medical Clinic,Private Practice - General Practitioner,0,2,f,f,Operational,-1.286389,36.817223
12929,Dreams Centre Dispensary (Langata),Nairobi,Langata,Dispensary,Kenya Episcopal Conference-Catholic Secretariat,0,0,f,f,Operational,-1.286389,36.817223
18481,DRIC (Naivasha),Nakuru,Naivasha,Health Project,Community,0,0,f,f,Operational,-0.303099,36.080026
20059,Drop In Service Centre,Mombasa,Mvita,Medical Clinic,Non-Governmental Organizations,0,0,f,f,Operational,-4.043477,39.668205
16668,Drop Inn Ray Clinic,Kajiado,Kajiado North,Medical Clinic,Non-Governmental Organizations,0,0,f,f,Operational,-1.85,36.783333
20234,Drugnet Medical centre,Nairobi,Ruaraka,Medical Clinic,Private Practice - Unspecified,0,0,f,f,Operational,-1.286389,36.817223
17063,Dry's Dispensary,Uasin Gishu,Eldoret East,Dispensary,Ministry of Health,0,0,f,f,Operational,0.516667,35.283333
13099,Dsc Karen Dispensary (Armed Forces),Nairobi,Langata,Dispensary,Armed Forces,0,0,f,f,Operational,-1.286389,36.817223
17046,Dubai Medical Clinic,Nakuru,Nakuru North,Medical Clinic,Private Practice - Nurse / Midwife,0,0,f,f,Operational,-0.303099,36.080026
13330,Dugo Health Centre,Wajir,Wajir North,Health Centre,Ministry of Health,0,0,f,f,Operational,1.75,40.066667
13331,Dujis Health Centre,Garissa,Balambala,Health Centre,Ministry of Health,0,0,f,f,Operational,-0.456944,39.658333
11990,Dukana Health Centre (North Horr),Marsabit,North Horr,Health Centre,Ministry of Health,8,0,f,f,Operational,2.333333,37.983333
14424,Dundori Health Centre,Nakuru,Nakuru North,Health Centre,Ministry of Health,10,2,f,f,Operational,-0.303099,36.080026
19024,Dungicha Dispensary,Kilifi,Ganze,Dispensary,Ministry of Health,0,0,f,f,Operational,-3.633333,39.85
20706,Dureweey Dispensary,Wajir,Tarbaj,Dispensary,Ministry of Health,0,0,f,f,Operational,1.75,40.066667
20829,Duse Dispensary,Isiolo,Garbatula,Dispensary,Ministry of Health,0,0,f,f,Operational,0.35,37.583333
11991,Dwa Health Centre,Makueni,Kibwezi,Health Centre,Company Medical Service,11,2,f,f,Operational,-1.8,37.616667
18263,Dzanikeni Medical Clinic,Kilifi,Rabai,Medical Clinic,Private Practice - Nurse / Midwife,0,0,f,f,Operational,-3.633333,39.85
11359,Dzikunze Dispensary,Kilifi,Ganze,Dispensary,Ministry of Health,8,0,f,f,Operational,-3.633333,39.85
11360,Dzitsoni Medical Clinic,Kilifi,Kilifi North,Medical Clinic,Private Enterprise (Institution),0,0,f,f,Operational,-3.633333,39.85
21146,Eagle Health Care Solution,Nairobi,Westlands,Medical Clinic,Private Practice - Nurse / Midwife,0,0,f,f,Operational,-1.286389,36.817223
20738,Eagles Health Solution Clinic,Makueni,Mukaa,Medical Clinic,Private Practice - Clinical Officer,0,0,f,f,Operational,-1.286389,36.817223
11992,EAPC Kigumo Clinic,Embu,Embu East,Dispensary,Christian Health Association of Kenya,0,0,f,f,Operational,-0.533333,37.45
20699,Earnest Medical Point Centre,Machakos,Athi River,Medical Clinic,Private Enterprise (Institution),0,0,f,f,Operational,-1.516667,37.266667
18152,East Africa Portland Cement Company Clinic,Machakos,Athi River,Medical Clinic,Company Medical Service,0,0,f,f,Not-Operational,-1.516667,37.266667
18638,East End Chemist,Meru,Imenti North,Not in List,Private Practice - Unspecified,0,0,f,f,Unknown,0.05,37.65
21122,East Laikipia Dispensary,Laikipia,Laikipia East,Dispensary,Ministry of Health,0,0,f,f,Operational,0.366667,37.033333
12930,Eastleigh Health Centre,Nairobi,Kamukunji,Health Centre,Local Authority,24,0,f,f,Operational,-1.286389,36.817223
11994,Ebenezer Dispensary,Makueni,Mbooni West,Dispensary,Ministry of Health,0,0,f,f,Operational,-1.8,37.616667
20179,Ebenezer Health Care Dispensary,Kakamega,Butere,Dispensary,Private Practice - Nurse / Midwife,2,1,f,f,Pending Opening,0.284767,34.752308
10158,Ebenezer Medical Clinic (Lari),Kiambu,Lari,Medical Clinic,Private Practice - Nurse / Midwife,2,0,f,f,Operational,-1.166667,36.833333
11362,Ebenezer Medical Clinic (Malindi),Kilifi,Malindi,Medical Clinic,Private Practice - Nurse / Midwife,0,0,f,f,Operational,-3.216667,40.116667
10160,Ebenezer Medical Clinic (Nyeri South),Nyeri,Nyeri South,Medical Clinic,Private Practice - Nurse / Midwife,4,0,f,f,Operational,-0.416667,36.95
18990,Ebenezer Medical Services,Nairobi,Kibra,Medical Clinic,Private Practice - Nurse / Midwife,0,0,f,f,Operational,-1.286389,36.817223
20549,Ebenezer Reproductive health clinic,Narok,Narok North,Medical Clinic,Private Practice - Nurse / Midwife,0,0,f,f,Operational,-1.083333,35.866667
13537,Ebiosi Dispensary,Kisii,Nyamache,Dispensary,Ministry of Health,0,0,f,f,Operational,-0.683333,34.766667
20515,Ebuhala Health Centre,Kakamega,Khwisero,Health Centre,Ministry of Health,8,4,f,f,Operational,0.284767,34.752308
15865,Ebukanga Dispensary,Vihiga,Emuhaya,Dispensary,Ministry of Health,0,0,f,f,Operational,0.083333,34.716667
17113,Ebukoolo Dispensary,Vihiga,Emuhaya,Dispensary,Ministry of Health,0,0,f,f,Pending Opening,0.083333,34.716667
16975,Eburi Dispensary,Kisii,South Gucha,Dispensary,Ministry of Health,0,0,f,f,Operational,-0.683333,34.766667
14425,Eburru Dispensary,Nakuru,Gilgil,Dispensary,Ministry of Health,8,0,f,f,Operational,-0.303099,36.080026
15866,Ebusiratsi Health Centre,Vihiga,Emuhaya,Health Centre,Ministry of Health,10,3,f,f,Operational,0.083333,34.716667
15867,Ebusyubi Dispensary,Vihiga,Emuhaya,Dispensary,Ministry of Health,0,0,f,f,Pending Opening,0.083333,34.716667
20632,Eclipse Medical Centre,Mombasa,Kisauni,Medical Clinic,Private Practice - Clinical Officer,0,0,f,f,Operational,-4.043477,39.668205
13220,EDARP Donholm Clinic,Nairobi,Embakasi East,Dispensary,Kenya Episcopal Conference-Catholic Secretariat,0,0,f,f,Operational,-1.286389,36.817223
13191,EDARP Soweto Health Centre,Nairobi,Embakasi Central,Health Centre,Kenya Episcopal Conference-Catholic Secretariat,0,0,f,f,Operational,-1.286389,36.817223
20611,Edcef Care Health Services,Kiambu,Lari,Medical Clinic,Private Practice - Nurse / Midwife,0,0,f,f,Operational,-1.166667,36.833333
18197,Edkar Health Services,Kajiado,Kajiado North,Medical Clinic,Private Practice - Nurse / Midwife,0,0,f,f,Operational,-1.286389,36.817223
21058,Emafubu Dispensary,Busia,Butula,Dispensary,Ministry of Health,0,0,f,f,Pending Opening,0.46,34.11
18165,Emahene Medical Clinic,Kakamega,Khwisero,Medical Clinic,Private Practice - Nurse / Midwife,5,0,f,f,Operational,0.284767,34.752308
12467,Emali Manchester Medical Clinic,Makueni,Nzaui,Medical Clinic,Private Practice - General Practitioner,12,2,f,f,Operational,-1.8,37.616667
18260,Emali Model Health Centre,Makueni,Nzaui,Health Centre,Ministry of Health,0,0,f,f,Operational,-1.8,37.616667
12002,Emali Nursing Home,Makueni,Nzaui,Medical Clinic,Private Enterprise (Institution),16,2,f,f,Operational,-1.516667,37.266667
17409,Emalindi Health Centre,Kakamega,Khwisero,Health Centre,Ministry of Health,2,0,f,f,Operational,0.284767,34.752308
19270,Emanuel Medical Clinic,Kajiado,Kajiado Central,Medical Clinic,Private Practice - General Practitioner,0,0,f,f,Operational,-1.85,36.783333
14441,Emaroro Dispensary,Kajiado,Mashuru,Dispensary,Ministry of Health,0,0,f,f,Operational,-1.85,36.783333
14442,Emarti Health Centre,Narok,Trans Mara West - Dikirr,Health Centre,Ministry of Health,18,3,f,f,Operational,-1.083333,35.866667
16867,Ematiha Dispensary,Kakamega,Kakamega Central (Lurambi),Dispensary,Ministry of Health,4,0,f,f,Operational,0.284767,34.752308
15875,Ematsuli Dispensary,Vihiga,Emuhaya,Dispensary,Ministry of Health,1,0,f,f,Operational,0.083333,34.716667
12935,Embakasi Health Centre,Nairobi,Embakasi East,Health Centre,Local Authority,0,0,f,f,Operational,-1.286389,36.817223
19437,Embakasi Medical Centre,Nairobi,Embakasi South,Health Centre,Private Practice - Clinical Officer,4,2,f,f,Operational,-1.286389,36.817223
18894,Embakasi Medical Centre (Aun),Nairobi,Embakasi West,Medical Clinic,Private Practice - General Practitioner,6,2,f,f,Operational,-1.286389,36.817223
10166,Embaringo Dispensary,Nyeri,Kieni West,Dispensary,Ministry of Health,0,0,f,f,Operational,-0.416667,36.95
18073,Embomos Dispensary,Bomet,Konoin,Dispensary,Ministry of Health,0,0,f,f,Operational,-0.783333,35.35
13543,Embonga Health Centre,Nyamira,Nyamira,Health Centre,Ministry of Health,15,0,f,f,Operational,-0.633333,34.933333
12003,Embori Farm Clinic,Meru,Buuri,Dispensary,Company Medical Service,0,0,f,f,Operational,0.05,37.65
16238,Embu Kmtc Dispensary,Embu,Manyatta,Dispensary,Ministry of Health,0,0,f,f,Operational,-0.533333,37.45
12004,Embu Provincial General Hospital,Embu,Manyatta,Provincial General Hospital,Ministry of Health,618,97,f,f,Operational,-0.533333,37.45
20204,Embu Univesity College Health Unit,Embu,Manyatta,Training Institution in Health (Stand-alone),Other Public Institution,0,0,f,f,Operational,-0.533333,37.45
17164,Embu-Mbeere Hospice,Embu,Mbeere South,Medical Clinic,Ministry of Health,0,0,f,f,Operational,-0.533333,37.45
16349,Emc Kimumu Dispensary,Uasin Gishu,Eldoret East,Dispensary,Ministry of Health,0,0,f,f,Operational,0.516667,35.283333
21215,Emerging Infectious Disease Center,Nairobi,Westlands,Medical Clinic,Private Practice - General Practitioner,0,0,f,f,Operational,-1.286389,36.817223
17272,Emeroka Dispensary,Kisii,Masaba South,Dispensary,Ministry of Health,2,0,f,f,Operational,-0.683333,34.766667
17184,Emesc Medical Clinic,Turkana,Turkana Central,Medical Clinic,Private Practice - General Practitioner,0,0,f,f,Operational,3.116667,35.6
14446,Emining Health Centre,Baringo,Mogotio,Health Centre,Ministry of Health,16,2,f,f,Operational,0.466667,35.966667
14447,Emitik Dispensary,Nakuru,Kuresoi,Dispensary,Ministry of Health,0,0,f,f,Operational,-0.303099,36.080026
18987,Emko Clinic,Nairobi,Kibra,Medical Clinic,Private Practice - Clinical Officer,0,0,f,f,Operational,-1.286389,36.817223
17425,Emmah Medial Clinic,Kiambu,Githunguri,Dispensary,Private Practice - Nurse / Midwife,0,0,f,f,Operational,-1.166667,36.833333
17574,Emmanuel Community Health Clinic,Nyeri,Kieni East,Medical Clinic,Private Practice - Nurse / Midwife,0,0,f,f,Operational,-0.416667,36.95
12005,Emmanuel Kigari (ACK) Dispensary,Embu,Manyatta,Dispensary,Christian Health Association of Kenya,0,0,f,f,Operational,-0.533333,37.45
18893,Emmanuel Medical Centre,Nairobi,Embakasi West,Medical Clinic,Private Practice - General Practitioner,5,2,f,f,Operational,-1.286389,36.817223
16707,Emmanuel Medical Clinic (Bungoma East),Bungoma,Bungoma East,Medical Clinic,Private Enterprise (Institution),0,0,f,f,Operational,0.566667,34.566667
16743,Emmanuel Medical Clinic (Kangundo),Machakos,Matungulu,Medical Clinic,Private Enterprise (Institution),0,0,f,f,Not-Operational,-1.516667,37.266667
14443,Emmaus Clinic,Nakuru,Kuresoi,Medical Clinic,Private Practice - Nurse / Midwife,4,0,f,f,Operational,-0.303099,36.080026
10169,Emmaus Medical Clinic,Murang'a,Kigumo,Medical Clinic,Private Practice - Nurse / Midwife,0,0,f,f,Operational,-0.716667,37.15
14448,Emotoroki Dispensary,Kajiado,Kajiado Central,Dispensary,Ministry of Health,0,0,f,f,Operational,-1.85,36.783333
14444,Empough Dispensary,West Pokot,West Pokot,Dispensary,Ministry of Health,0,0,f,f,Operational,1.233333,35.116667
14449,Emsea Dispensary,Elgeyo Marakwet,Keiyo South,Dispensary,Ministry of Health,0,0,f,f,Operational,,
20010,Emsos Dispensary,Baringo,Mogotio,Dispensary,Ministry of Health,0,0,f,f,Operational,0.466667,35.966667
15876,Emuhaya Sub County Referral Hospital,Vihiga,Emuhaya,Sub-District Hospital,Ministry of Health,12,3,f,f,Operational,0.083333,34.716667
20039,Emukaba Dispensary,Kakamega,Kakamega Central (Lurambi),Dispensary,Ministry of Health,0,0,f,f,Operational,0.284767,34.752308
15877,Emukaya Clinic,Kakamega,Kakamega Central (Lurambi),Medical Clinic,Private Enterprise (Institution),3,0,f,f,Operational,0.284767,34.752308
14450,Emumwenyi Dispensary,Kajiado,Loitoktok,Dispensary,Ministry of Health,4,0,f,f,Operational,-1.85,36.783333
14451,Emurua Dikir Dispensary,Kajiado,Mashuru,Dispensary,Ministry of Health,0,0,f,f,Operational,-1.85,36.783333
14452,Emurua Dikirr Dispensary,Narok,Trans Mara East,Dispensary,Ministry of Health,0,0,f,f,Operational,-1.083333,35.866667
16762,Emusanda Dispensary,Kakamega,Kakamega Central (Lurambi),Dispensary,Ministry of Health,4,0,f,f,Operational,0.284767,34.752308
15878,Emusenjeli Dispensary,Vihiga,Emuhaya,Dispensary,Ministry of Health,0,0,f,f,Operational,0.083333,34.716667
16979,Emusire Health Centre,Vihiga,Emuhaya,Health Centre,Ministry of Health,0,0,f,f,Operational,0.083333,34.716667
16055,Emutsesa Dispensary,Kakamega,Khwisero,Dispensary,Ministry of Health,0,0,f,f,Operational,0.284767,34.752308
12007,Ena Dispensary,Embu,Embu East,Dispensary,Ministry of Health,0,0,f,f,Operational,-0.533333,37.45
14453,Enabelbel Health Centre,Narok,Narok North,Health Centre,Ministry of Health,9,3,f,f,Operational,-1.083333,35.866667
14454,Enaibor Ajijik Dispensary,Narok,Narok North,Dispensary,Ministry of Health,0,0,f,f,Operational,-1.083333,35.866667
17519,Enanga Clinic,Kakamega,Khwisero,Medical Clinic,Private Practice - Nurse / Midwife,0,0,f,f,Operational,0.284767,34.752308
20915,Enaramatishoreki Health Centre,Narok,Narok North,Health Centre,Ministry of Health,0,0,f,f,Operational,-1.083333,35.866667
19730,Endarasha Medical Clinic,Nyeri,Kieni East,Medical Clinic,Private Practice - Clinical Officer,0,0,f,f,Operational,-0.416667,36.95
10170,Endarasha Rural Health Centre,Nyeri,Kieni West,Health Centre,Ministry of Health,10,0,f,f,Operational,-0.416667,36.95
12008,Endau Dispensary,Kitui,Mutitu,Dispensary,Ministry of Health,2,0,f,f,Operational,-1.366667,38.016667
14455,Endebess District Hospital,Trans Nzoia,Kwanza,District Hospital,Ministry of Health,20,8,f,f,Operational,1.016667,34.983333
12009,Endei Dispensary,Machakos,Masinga,Dispensary,Ministry of Health,0,2,f,f,Not-Operational,-1.516667,37.266667
14456,Endo Health Centre,Elgeyo Marakwet,Marakwet East,Health Centre,Kenya Episcopal Conference-Catholic Secretariat,40,0,f,f,Operational,0.514277,35.269779
14457,Endoinyo Erinka Dispensary,Narok,Narok South,Dispensary,Ministry of Health,0,0,f,f,Operational,-1.083333,35.866667
17746,Endoinyo Narasha,Narok,Narok South,Dispensary,Ministry of Health,0,0,f,f,Operational,-1.083333,35.866667
14524,GK Prisons Dispensary (Ngeria),Uasin Gishu,Wareng,Dispensary,Ministry of Health,0,0,f,f,Operational,0.514277,35.269779
14527,GK Prisons Dispensary (Turkana Central),Turkana,Turkana Central,Dispensary,Ministry of Health,0,0,f,f,Operational,3.116667,35.6
18616,GK Prisons Medium Dispensary,Kericho,Kericho,Dispensary,Ministry of Health,0,0,f,f,Operational,-0.366667,35.283333
17972,Glaisa Medical Clinic,Nyandarua,Nyandarua Central,Medical Clinic,Private Practice - Nurse / Midwife,0,0,f,f,Operational,-0.183333,36.366667
21233,Global Medical Centre,Kiambu,Kikuyu,Medical Clinic,Private Practice - Unspecified,0,0,f,f,Operational,-1.166667,36.833333
19927,Global Providers International Clinic,Kisumu,Kisumu East,Health Centre,Non-Governmental Organizations,3,0,f,f,Operational,-0.10221,34.761711
20533,Globe Medical Centre,Nyandarua,Nyandarua North,Medical Centre,Private Practice - General Practitioner,0,0,f,f,Operational,-0.183333,36.366667
14529,Gloria Health Services,Kajiado,Kajiado North,Medical Clinic,Private Enterprise (Institution),0,0,f,f,Operational,-1.85,36.783333
18613,Glory Health Clinic,Nairobi,Dagoretti South,Dispensary,Private Practice - Nurse / Midwife,0,0,f,f,Operational,-1.286389,36.817223
10291,Glory Medical Clinic,Kiambu,Thika West,Medical Clinic,Private Enterprise (Institution),0,0,f,f,Operational,-1.033333,37.066667
20286,Glory Medical Clinic (Gilgil),Nakuru,Gilgil,Medical Clinic,Private Practice - Nurse / Midwife,0,0,f,f,Operational,-0.303099,36.080026
19120,Glory Medical Clinic (Kitui Central),Kitui,Kitui Central,Medical Clinic,Private Practice - Nurse / Midwife,0,0,f,f,Operational,-1.366667,38.016667
11399,Glory Medical Clinic (Tana River),Tana River,Galole,Medical Clinic,Private Enterprise (Institution),0,0,f,f,Operational,-1.5,40.033333
20490,Glory Medical Reproductive and Youth Friendly Centre,Nakuru,Nakuru,Medical Clinic,Private Practice - Nurse / Midwife,0,0,f,f,Operational,-0.303099,36.080026
17037,Glory Ministry Medical Clinic,Nakuru,Subukia,Medical Clinic,Other Faith Based,5,1,f,f,Operational,-0.303099,36.080026
18282,Glovnet VCT,Nairobi,Makadara,VCT Centre (Stand-Alone),Non-Governmental Organizations,0,0,f,f,Operational,-1.286389,36.817223
13581,Gobei  Health Centre,Siaya,Bondo,Health Centre,Ministry of Health,2,0,f,f,Operational,0.066667,34.283333
13582,God Jope Dispensary,Migori,Migori,Dispensary,Ministry of Health,3,0,f,f,Operational,-1.066667,34.466667
14469,Entasopia Health Centre,Kajiado,Kajiado North,Health Centre,Ministry of Health,12,0,f,f,Operational,-1.85,36.783333
14471,Entontol Dispensary,Narok,Narok North,Dispensary,Ministry of Health,4,0,f,f,Operational,-1.083333,35.866667
17430,Enzai Afya Medical Clinic,Makueni,Mukaa,Medical Clinic,Private Practice - Nurse / Midwife,0,0,f,f,Operational,-1.8,37.616667
15879,Enzaro Health Centre,Vihiga,Vihiga,Health Centre,Ministry of Health,12,4,f,f,Operational,0.083333,34.716667
12011,Enziu Dispensary,Kitui,Mwingi Central,Dispensary,Ministry of Health,1,0,f,f,Operational,-1.366667,38.016667
17281,Epkee Dispensary,Elgeyo Marakwet,Keiyo South,Dispensary,Ministry of Health,0,0,f,f,Operational,0.514277,35.269779
20443,Equator Clinic,Busia,Busia,Medical Clinic,Private Practice - Nurse / Midwife,3,1,f,f,Operational,0.46,34.11
14474,Equator Health Centre,Baringo,Koibatek,Health Centre,Ministry of Health,0,0,f,f,Operational,0.466667,35.966667
15880,Equator Nursing and Maternity Home,Vihiga,Emuhaya,Nursing Home,Private Practice - Unspecified,33,0,f,f,Operational,0.083333,34.716667
17916,Equity Medical Clinic,Makueni,Kibwezi,Medical Clinic,Private Practice - Clinical Officer,0,0,f,f,Operational,-1.8,37.616667
20351,Equity Medical Clinic Embulbul,Kajiado,Kajiado North,Medical Clinic,Private Practice - Nurse / Midwife,0,0,f,f,Operational,-1.85,36.783333
13546,Eramba Dispensary,Kisii,Marani,Dispensary,Ministry of Health,0,0,f,f,Operational,-0.683333,34.766667
15881,Eregi Mission Health Centre,Kakamega,Kakamega South (Ikolomani),Health Centre,Other Faith Based,18,0,f,f,Operational,0.284767,34.752308
18089,Eremit Dispensary,Kajiado,Kajiado North,Dispensary,Ministry of Health,0,0,f,f,Operational,-1.85,36.783333
14475,Ereteti Dispensary,Kajiado,Isinya,Dispensary,Ministry of Health,0,0,f,f,Operational,-1.85,36.783333
14476,Ereto Health Centre,Narok,Narok North,Health Centre,Non-Governmental Organizations,12,0,f,f,Operational,-1.083333,35.866667
13547,Eronge Health Centre,Nyamira,Borabu,Health Centre,Christian Health Association of Kenya,10,0,f,f,Operational,-0.633333,34.933333
14477,Esageri Health Centre,Baringo,Koibatek,Health Centre,Ministry of Health,10,0,f,f,Operational,0.466667,35.966667
13548,Esani Sub-District Hospital,Nyamira,North Masaba,Sub-District Hospital,Ministry of Health,10,0,f,f,Operational,-0.633333,34.933333
19725,Escutar Health Partners Medical Clinic,Machakos,Mwala,Medical Clinic,Private Practice - Nurse / Midwife,0,0,f,f,Operational,-1.516667,37.266667
19899,Eshiabwali Health Centre,Kakamega,Khwisero,Health Centre,Ministry of Health,6,6,f,f,Operational,0.284767,34.752308
18940,Eshibimbi Health Centre,Kakamega,Butere,Health Centre,Ministry of Health,8,4,f,f,Pending Opening,0.284767,34.752308
20679,Eshikalame Dispensary,Kakamega,Mumias,Dispensary,Ministry of Health,0,0,f,f,Pending Opening,0.284767,34.752308
15882,Eshikhuyu Dispensary,Kakamega,Kakamega Central (Lurambi),Dispensary,Ministry of Health,4,0,f,f,Operational,0.284767,34.752308
17217,Eshikulu Dispensary,Kakamega,Mumias,Dispensary,Ministry of Health,3,1,f,f,Operational,0.284767,34.752308
16114,Eshimukoko Health Centre,Kakamega,Butere,Health Centre,Ministry of Health,8,2,f,f,Operational,0.284767,34.752308
16115,Eshinutsa Health Centre,Kakamega,Khwisero,Health Centre,Ministry of Health,24,10,f,f,Operational,0.284767,34.752308
15883,Eshiongo Dispensary,Kakamega,Kakamega Central (Lurambi),Dispensary,Ministry of Health,4,0,f,f,Operational,0.284767,34.752308
17133,Eshirembe Dispensary,Kakamega,Kakamega Central (Lurambi),Dispensary,Ministry of Health,0,0,f,f,Operational,0.284767,34.752308
20803,Eshisiru Medical Cottage,Kakamega,Kakamega Central (Lurambi),Medical Clinic,Private Practice - Clinical Officer,10,10,f,f,Operational,0.284767,34.752308
11368,Eshu Dispensary,Kwale,Msambweni,Dispensary,Ministry of Health,0,0,f,f,Operational,-4.183333,39.45
13549,Esianyi Dispensary,Nyamira,Nyamira North,Dispensary,Ministry of Health,2,0,f,f,Operational,-0.633333,34.933333
15885,Esiarambatsi Health Centre,Vihiga,Emuhaya,Health Centre,Ministry of Health,4,0,f,f,Operational,0.083333,34.716667
20171,Esikulu Dispensary,Busia,Busia,Dispensary,Ministry of Health,0,0,f,f,Operational,0.46,34.11
15887,Esitsaba Dispensary,Vihiga,Emuhaya,Dispensary,Ministry of Health,1,0,f,f,Operational,0.083333,34.716667
20847,Eskot Dispensary,Isiolo,Garbatula,Dispensary,Ministry of Health,0,0,f,f,Operational,0.35,37.583333
16427,Esonorua Dispensary,Kajiado,Kajiado North,Dispensary,Ministry of Health,0,0,f,f,Operational,-1.85,36.783333
14478,Esther Memorial Nursing Home,Nakuru,Nakuru North,Health Centre,Private Enterprise (Institution),12,2,f,f,Operational,-0.303099,36.080026
13550,Etago Sub-District Hospital,Kisii,South Gucha,Sub-District Hospital,Ministry of Health,14,5,f,f,Operational,-0.683333,34.766667
14480,Ethi Dispensary,Laikipia,Laikipia East,Dispensary,Christian Health Association of Kenya,0,0,f,f,Operational,0.366667,37.033333
13551,Etono Health Centre,Nyamira,Nyamira North,Health Centre,Ministry of Health,5,0,f,f,Operational,-0.633333,34.933333
10173,Eunice Medical Clinic,Nyeri,Nyeri South,Medical Clinic,Private Practice - Nurse / Midwife,0,0,f,f,Operational,-0.416667,36.95
18134,Eunik Highway Medical Clinic,Makueni,Makueni,Medical Clinic,Private Practice - Nurse / Midwife,0,0,f,f,Operational,-1.8,37.616667
14482,Euvan Medical Clinic,Nakuru,Nakuru North,Medical Clinic,Private Practice - Nurse / Midwife,0,0,f,f,Operational,-0.303099,36.080026
18046,Everest Dental Group Karatina Clinic,Nyeri,Mathira East,Medical Clinic,Private Practice - Medical Specialist,0,0,f,f,Operational,-0.416667,36.95
20220,Everest Health Care(Mwingi Central),Kitui,Mwingi Central,Medical Clinic,Private Practice - Clinical Officer,0,0,f,f,Operational,-1.366667,38.016667
18719,Everest Medical/Dental Clinic,Meru,Imenti North,Dental Clinic,Private Practice - Unspecified,0,0,f,f,Operational,0.05,37.65
19995,Evesben Foundation Medical Clinic,Nairobi,Kibra,Medical Clinic,Private Practice - Clinical Officer,0,0,f,f,Operational,-1.286389,36.817223
20109,Ewang'ane Suswa,Narok,Narok North,Dispensary,Community,3,1,f,f,Operational,-1.083333,35.866667
14483,Ewaso Dispensary,Laikipia,Laikipia North,Dispensary,Ministry of Health,4,1,f,f,Operational,0.366667,37.033333
14485,Ewaso Ngiro Health Centre,Narok,Narok South,Health Centre,Other Faith Based,12,0,f,f,Operational,-1.083333,35.866667
14486,Ewuaso Kedong Dispensary,Kajiado,Kajiado North,Dispensary,Ministry of Health,0,0,f,f,Operational,-1.85,36.783333
12006,Ex Lewa Dispensary,Meru,Buuri,Dispensary,Ministry of Health,0,0,f,f,Operational,0.05,37.65
19443,Exodus Community Health Care,Nairobi,Embakasi Central,Medical Clinic,Private Practice - Unspecified,1,2,f,f,Operational,-1.286389,36.817223
18054,Exodus Medical Clinic,Migori,Migori,Medical Clinic,Private Practice - Nurse / Midwife,2,2,f,f,Operational,-1.066667,34.466667
19632,Express Medical Clinic,Nyeri,Mathira East,Medical Clinic,Private Practice - Clinical Officer,0,0,f,f,Operational,-0.416667,36.95
21105,Express Medical Clinic (Kirinyaga),Kirinyaga,Kirinyaga West,Medical Clinic,Private Practice - Clinical Officer,0,0,f,f,Operational,-0.5,37.283333
18632,Eye Care Centre,Meru,Imenti North,Medical Clinic,Private Practice - Medical Specialist,0,0,f,f,Operational,0.05,37.65
13338,Fafi Dispensary,Garissa,Fafi,Dispensary,Ministry of Health,0,0,f,f,Operational,-0.456944,39.658333
17592,Faith Clinic,Kericho,Belgut,Medical Clinic,Private Practice - Nurse / Midwife,0,0,f,f,Operational,-0.366667,35.283333
19078,Faith Health Clinic,Kajiado,Kajiado North,Medical Clinic,Private Practice - Nurse / Midwife,0,0,f,f,Operational,-1.85,36.783333
17453,Faith Medical Centre,Kitui,Mwingi Central,Medical Clinic,Private Practice - Clinical Officer,13,3,f,f,Operational,-1.366667,38.016667
18469,Faith Medical Clinic,Kakamega,Lugari,Medical Clinic,Private Practice - Nurse / Midwife,2,0,f,f,Operational,0.284767,34.752308
18840,Faith Medical Clinic,Kakamega,Lugari,Medical Clinic,Private Practice - Nurse / Midwife,1,2,f,f,Operational,0.284767,34.752308
20864,Faith Medical CLinic (Kieni West),Nyeri,Kieni West,Medical Clinic,Private Practice - Nurse / Midwife,0,0,f,f,Operational,-0.416667,36.95
20631,Faith Medical Services,Nyandarua,Kinangop,Medical Clinic,Private Practice - Nurse / Midwife,0,0,f,f,Operational,-0.183333,36.366667
12013,Faith Nursing Home (Ikutha),Kitui,Ikutha,Nursing Home,Private Practice - Nurse / Midwife,12,2,f,f,Operational,-1.366667,38.016667
21269,Fame Outreach Rescue Clinic,Kitui,Mwingi Central,Medical Clinic,Other Faith Based,0,0,f,f,Operational,-1.366667,38.016667
19274,Family Acces Medical Centre,Nairobi,Ruaraka,Medical Clinic,Private Practice - General Practitioner,0,0,f,f,Operational,-1.286389,36.817223
19137,Family Care Doctor's Plaza,Meru,Imenti North,Medical Clinic,Private Practice - Medical Specialist,0,0,f,f,Operational,-1.286389,36.817223
21032,Family Care Medical Centre,Kilifi,Malindi,Medical Centre,Private Practice - Nurse / Midwife,0,0,f,f,Operational,-3.216667,40.116667
12942,Family Care Medical Centre & Maternity,Nairobi,Langata,Maternity Home,Non-Governmental Organizations,20,0,f,f,Operational,-1.286389,36.817223
12015,Family Care Medical Centre (Meru),Meru,Imenti North,Medical Clinic,Non-Governmental Organizations,0,0,f,f,Operational,0.05,37.65
19328,Family Care Medical Centre Eye Clinic,Meru,Imenti North,Medical Clinic,Private Practice - Medical Specialist,0,0,f,f,Operational,0.05,37.65
10178,Family Care Medical Clinic,Kiambu,Ruiru,Medical Clinic,Private Practice - Nurse / Midwife,0,0,f,f,Operational,-1.166667,36.833333
10179,Family Dental Clinic,Kirinyaga,Kirinyaga Central,Dental Clinic,Private Enterprise (Institution),0,0,f,f,Operational,-0.5,37.283333
15888,Family Health Care Clinic,Kakamega,Kakamega Central (Lurambi),Medical Clinic,Private Enterprise (Institution),0,0,f,f,Operational,0.284767,34.752308
18239,Family Health Centre (Embu),Embu,Manyatta,Medical Clinic,Private Practice - Nurse / Midwife,0,0,f,f,Operational,-0.533333,37.45
16348,Family Health Options Kenya (Eldoret),Uasin Gishu,Eldoret East,Health Centre,Private Enterprise (Institution),21,7,f,f,Operational,0.514277,35.269779
11375,Family Health Options Kenya (FHOK) Mombasa,Mombasa,Mvita,Dispensary,Non-Governmental Organizations,0,0,f,f,Operational,-4.043477,39.668205
13552,Family Health Options Kenya (FHOPK) Dispensary,Kisumu,Kisumu East,Dispensary,Non-Governmental Organizations,0,0,f,f,Operational,-0.10221,34.761711
16756,Family Health Options Kenya Clinic,Kiambu,Thika West,Medical Clinic,Non-Governmental Organizations,0,0,f,f,Operational,-1.166667,36.833333
14177,Family Healthoptions Kenya (Nakuru),Nakuru,Nakuru,Health Centre,Non-Governmental Organizations,0,0,f,f,Operational,-0.303099,36.080026
12941,Family Life Promotions and Services,Nairobi,Embakasi West,Dispensary,Non-Governmental Organizations,3,1,f,f,Operational,-1.286389,36.817223
11370,Family Medical Centre (Kisauni),Mombasa,Kisauni,Medical Clinic,Private Enterprise (Institution),0,0,f,f,Operational,-4.043477,39.668205
11371,Family Medical Centre (Malindi),Kilifi,Malindi,Medical Clinic,Private Practice - Clinical Officer,0,0,f,f,Operational,-3.216667,40.116667
20115,Family Medical Clinic,Nakuru,Nakuru,Medical Clinic,Private Practice - Nurse / Midwife,0,0,f,f,Operational,-0.303099,36.080026
18568,Family Nursing Home and Maternity  ( Mwingi Central),Kitui,Mwingi Central,Nursing Home,Private Practice - Clinical Officer,15,15,f,f,Operational,-1.366667,38.016667
13553,Family Saver Clinic,Nyamira,Nyamira North,Medical Clinic,Private Enterprise (Institution),3,0,f,f,Operational,-0.633333,34.933333
20454,FAO Hope Medical Centre,Busia,Teso North,Nursing Home,Private Practice - Medical Specialist,4,4,f,f,Operational,0.46,34.11
11288,Chumani Medical Clinic,Kilifi,Kilifi North,Medical Clinic,Private Practice - Clinical Officer,0,0,f,f,Operational,-3.633333,39.85
13529,Chuowe Dispensary,Homa Bay,Rachuonyo North,Dispensary,Ministry of Health,0,0,f,f,Operational,-0.516667,34.45
18795,Church Army Medical Clinic,Nairobi,Makadara,Medical Clinic,Christian Health Association of Kenya,0,0,f,f,Operational,-1.286389,36.817223
14392,Churo Dispensary,Baringo,East Pokot,Dispensary,Christian Health Association of Kenya,0,0,f,f,Operational,0.466667,35.966667
20047,Churo GOK Dispensary,Baringo,East Pokot,Dispensary,Ministry of Health,0,0,f,f,Operational,0.466667,35.966667
13530,Chuthber Dispensary,Homa Bay,Rachuonyo North,Dispensary,Ministry of Health,2,0,f,f,Operational,-0.516667,34.45
15861,Chwele Friends Dispensary,Bungoma,Bungoma West,Dispensary,Christian Health Association of Kenya,0,0,f,f,Operational,0.566667,34.566667
15860,Chwele Sub district hospital,Bungoma,Bungoma Central,Sub-District Hospital,Ministry of Health,12,0,f,f,Operational,0.566667,34.566667
20991,Chyulu Medicare services,Makueni,Kibwezi,Medical Clinic,Private Practice - Clinical Officer,0,0,f,f,Operational,-1.8,37.616667
10096,Ciagini  Health Centre,Kirinyaga,Kirinyaga North,Health Centre,Ministry of Health,0,0,f,f,Operational,-0.5,37.283333
20497,Ciakathukure Dispensary,Embu,Mbeere North,Dispensary,Ministry of Health,0,0,f,f,Operational,-0.533333,37.45
11975,Ciama Medical Clinic,Meru,Imenti South,Medical Clinic,Private Practice - Nurse / Midwife,0,0,f,f,Operational,0.05,37.65
10097,Cianda Dispensary,Kiambu,Kiambu,Dispensary,Ministry of Health,0,0,f,f,Operational,-1.166667,36.833333
18629,CID HQS Dispensary,Nairobi,Roysambu,Dispensary,State Coorporation,0,0,f,f,Operational,-1.286389,36.817223
14393,Civil Servant Dc Headquarter Dispensary,Kericho,Bureti,Dispensary,Ministry of Health,0,0,f,f,Operational,-0.366667,35.283333
17985,Civil Servants Clinic (Nakuru),Nakuru,Nakuru,Dispensary,Ministry of Health,0,0,f,f,Operational,-0.303099,36.080026
18901,Clay Hill Hospital,Kajiado,Kajiado North,Other Hospital,Private Enterprise (Institution),30,0,f,f,Operational,-1.85,36.783333
17388,Clinix Health Care,Nairobi,Langata,Medical Clinic,Private Practice - Unspecified,0,0,f,f,Operational,-1.286389,36.817223
18754,Clinix Health Care (Kibra),Nairobi,Kibra,Medical Clinic,Private Enterprise (Institution),0,0,f,f,Operational,-1.286389,36.817223
19071,Clinix Health Care Limited (Meru),Meru,Imenti North,Medical Clinic,Company Medical Service,0,0,f,f,Operational,-1.286389,36.817223
14394,Cmf Aitong Health Centre,Narok,Narok South,Health Centre,Other Faith Based,12,0,f,f,Operational,-1.083333,35.866667
20369,CMIA Grace Children's Centre Dispensary,Nairobi,Langata,Dispensary,Christian Health Association of Kenya,0,0,f,f,Operational,-1.286389,36.817223
11289,Coast Province General Hospital,Mombasa,Mvita,Provincial General Hospital,Ministry of Health,499,33,f,f,Operational,-4.043477,39.668205
10101,Coffee Research Staff Dispensary,Kiambu,Ruiru,Dispensary,Company Medical Service,0,0,f,f,Operational,-1.166667,36.833333
18748,Comfort The Chidren International (Ctc) Naivasha,Nakuru,Naivasha,Health Project,Non-Governmental Organizations,0,0,f,f,Operational,-0.303099,36.080026
19455,Communal Oriented Service International Centre,Nairobi,Embakasi East,Health Centre,Private Practice - General Practitioner,16,4,f,f,Operational,-1.286389,36.817223
19697,Community Diagnostic Medical Centre,Kajiado,Isinya,Medical Clinic,Private Practice - General Practitioner,0,0,f,f,Operational,-1.85,36.783333
20230,Community Evolution Network VCT,Nairobi,Kibra,Medical Clinic,Non-Governmental Organizations,0,0,f,f,Operational,-1.286389,36.817223
14395,Community Medical and Lab Services Clinic,Samburu,Samburu Central,Medical Clinic,Private Practice - Clinical Officer,0,0,f,f,Operational,1.316667,36.983333
16536,Community Medical Centre (Kongowea),Mombasa,Kisauni,Medical Clinic,Private Practice - General Practitioner,0,0,f,f,Operational,-4.043477,39.668205
20210,Complete Care Health Services,Kiambu,Kikuyu,Medical Clinic,Private Practice - General Practitioner,0,0,f,f,Operational,-1.286389,36.817223
10098,Complex Medical Centre,Kirinyaga,Kirinyaga North,Medical Clinic,Private Practice - Clinical Officer,0,0,f,f,Operational,-0.5,37.283333
10099,Comrade Nurising Home,Kirinyaga,Kirinyaga South,Nursing Home,Private Practice - Clinical Officer,20,0,f,f,Operational,-0.5,37.283333
20641,Congo medical services,Nairobi,Roysambu,Medical Clinic,Private Enterprise (Institution),0,0,f,f,Operational,-1.286389,36.817223
12958,Coni Health Centre,Nairobi,Embakasi Central,Health Centre,Private Practice - Nurse / Midwife,4,1,f,f,Operational,-1.286389,36.817223
19450,Connections Medical Clinic,Nairobi,Embakasi East,Medical Clinic,Private Practice - Unspecified,2,1,f,f,Operational,-1.286389,36.817223
14396,Consolata Clinic,Nakuru,Njoro,Dispensary,Other Faith Based,0,0,f,f,Operational,-0.303099,36.080026
11976,Consolata Hospital (Nkubu),Meru,Imenti South,Other Hospital,Kenya Episcopal Conference-Catholic Secretariat,227,31,f,f,Operational,0.05,37.65
12413,Consolata Kyeni Hospital,Embu,Embu East,Other Hospital,Kenya Episcopal Conference-Catholic Secretariat,167,16,f,f,Operational,-0.533333,37.45
10100,Consolata Mission Hospital (Mathari),Nyeri,Nyeri Central,Other Hospital,Kenya Episcopal Conference-Catholic Secretariat,170,17,f,f,Operational,-0.416667,36.95
18888,Consolata Shrine Dispensary (Deep Sea Nairobi),Nairobi,Westlands,Dispensary,Kenya Episcopal Conference-Catholic Secretariat,0,0,f,f,Operational,-1.286389,36.817223
20148,Copeman Health Care Centre,Nakuru,Kuresoi,Medical Clinic,Private Practice - Clinical Officer,0,0,f,f,Operational,-0.303099,36.080026
18579,Coping Centre,Nakuru,Nakuru,VCT Centre (Stand-Alone),Non-Governmental Organizations,0,0,f,f,Operational,-0.303099,36.080026
12905,Coptic Hospital (Ngong Road),Nairobi,Dagoretti North,Other Hospital,Christian Health Association of Kenya,60,0,f,f,Operational,-1.286389,36.817223
12904,Coptic Medical Clinic,Nairobi,Makadara,Medical Clinic,Christian Health Association of Kenya,0,0,f,f,Operational,-1.286389,36.817223
15862,Coptic Nursing Home,Vihiga,Emuhaya,Nursing Home,Other Faith Based,27,0,f,f,Operational,0.083333,34.716667
19439,Corban Health Care,Nairobi,Embakasi West,Health Centre,Private Practice - Nurse / Midwife,3,1,f,f,Operational,-1.286389,36.817223
19722,Cordis Maria Dispensary,Kiambu,Ruiru,Dispensary,Kenya Episcopal Conference-Catholic Secretariat,0,0,f,f,Pending Opening,-1.166667,36.833333
11291,Corner Chaani Medical Clinic,Mombasa,Changamwe,Medical Clinic,Other Faith Based,0,0,f,f,Operational,-4.043477,39.668205
18313,Corner Clinic,Taita Taveta,Voi,Medical Clinic,Private Practice - Nurse / Midwife,0,0,f,f,Operational,,
16537,Corner Medical Clinic,Mombasa,Kisauni,Medical Clinic,Private Practice - Nurse / Midwife,0,0,f,f,Operational,-4.043477,39.668205
11292,Cornerstone Medical Clinic,Kwale,Matuga,Medical Clinic,Private Practice - Clinical Officer,0,0,f,f,Operational,-4.183333,39.45
18474,Cornerstone Medical Clinic (Nyeri Central),Nyeri,Nyeri Central,Medical Clinic,Private Practice - Clinical Officer,0,0,f,f,Operational,-0.416667,36.95
18119,Cornestone Baptist Clinic,Busia,Samia,Medical Clinic,Other Faith Based,0,0,f,f,Operational,0.46,34.11
12907,Cotolengo Centre,Nairobi,Langata,Dispensary,Kenya Episcopal Conference-Catholic Secretariat,0,0,f,f,Operational,-1.286389,36.817223
11977,Cottolengo Mission Hospital,Meru,Meru Central,Other Hospital,Kenya Episcopal Conference-Catholic Secretariat,132,4,f,f,Operational,0.05,37.65
20734,County Gate Medical Clinic,Machakos,Yatta,Medical Clinic,Private Practice - Clinical Officer,5,3,f,f,Operational,-1.516667,37.266667
18546,County Medical Centre - Embu Ltd,Embu,Manyatta,Nursing Home,Private Enterprise (Institution),25,4,f,f,Operational,-0.533333,37.45
19153,County Medical Clinic and Lab Sevices,Wajir,Wajir East,Medical Clinic,Private Practice - Clinical Officer,0,0,f,f,Operational,1.75,40.066667
18812,County Medicare Ltd (Maralal Nursing Home),Samburu,Samburu Central,Dispensary,Private Practice - Clinical Officer,10,0,f,f,Operational,1.316667,36.983333
11293,Cowdray Dispensary,Kilifi,Kilifi North,Dispensary,Ministry of Health,0,0,f,f,Operational,-3.216667,40.116667
21234,Cradle Clinic,Kiambu,Kikuyu,Medical Clinic,Private Practice - Clinical Officer,0,0,f,f,Operational,-1.286389,36.817223
14398,Crater Medical Centre,Nakuru,Nakuru,Nursing Home,Private Practice - Medical Specialist,25,17,f,f,Operational,-0.303099,36.080026
18549,Creadis Htc Centre,Bungoma,Bungoma South,VCT Centre (Stand-Alone),Non-Governmental Organizations,1,0,f,f,Operational,0.566667,34.566667
21201,Creative Medical Services,Kiambu,Kiambu,Medical Clinic,Private Practice - Clinical Officer,0,0,f,f,Operational,-1.166667,36.833333
19486,Credible Health Centre,Nairobi,Makadara,Medical Clinic,Private Practice - General Practitioner,0,0,f,f,Operational,-1.286389,36.817223
12900,Crescent Medical Aid (Pangani),Nairobi,Starehe,Medical Clinic,Non-Governmental Organizations,0,0,f,f,Operational,-1.286389,36.817223
19634,Crescent Medical Aid Kenya Korogocho Clinic,Nairobi,Ruaraka,Medical Clinic,Private Practice - General Practitioner,0,0,f,f,Operational,-1.286389,36.817223
12899,Crescent Medical Aid Murang'a Road,Nairobi,Starehe,Medical Clinic,Non-Governmental Organizations,0,0,f,f,Operational,-1.286389,36.817223
19685,Crescent-Davina Med Clinic,Trans Nzoia,Trans Nzoia West,Medical Clinic,Private Practice - General Practitioner,0,0,f,f,Operational,1.016667,34.983333
19721,Crestwood Medical Clinic,Kiambu,Ruiru,Medical Clinic,Private Practice - Clinical Officer,0,0,f,f,Operational,-1.286389,36.817223
11979,Crossroad Nursing Home,Marsabit,Moyale,Medical Clinic,Private Enterprise (Institution),0,0,f,f,Operational,2.333333,37.983333
19301,Crow Medical Centre,Nairobi,Roysambu,Medical Clinic,Private Practice - General Practitioner,0,0,f,f,Operational,-1.286389,36.817223
20954,Crystal Cottage Hospital & Medical Clinic Ltd,Trans Nzoia,Trans Nzoia West,Other Hospital,Private Practice - Medical Specialist,35,11,f,f,Operational,1.016667,34.983333
16538,Crystal Medical Centre,Mombasa,Kisauni,Medical Clinic,Private Practice - General Practitioner,0,0,f,f,Operational,-4.043477,39.668205
10102,Cura (ACK) Medical Clinic,Kiambu,Kikuyu,Medical Clinic,Christian Health Association of Kenya,0,0,f,f,Operational,-1.166667,36.833333
17402,Cura Medical Clinic,Kiambu,Kikuyu,Medical Clinic,Private Practice - Nurse / Midwife,0,0,f,f,Operational,-1.166667,36.833333
17397,Cure (AIC) International Hospital,Kiambu,Lari,Other Hospital,Other Faith Based,30,0,f,f,Operational,-1.166667,36.833333
11980,Curran Dispensary,Kitui,Mwingi East,Dispensary,Christian Health Association of Kenya,0,0,f,f,Operational,-1.366667,38.016667
19238,Current Medical Ciinic,Meru,Igembe North,Medical Clinic,Private Practice - Clinical Officer,0,0,f,f,Operational,0.05,37.65
11981,D Comboni Mission,Machakos,Masinga,Dispensary,Kenya Episcopal Conference-Catholic Secretariat,16,5,f,f,Operational,-1.033333,37.066667
20739,Daaba Dispensary,Isiolo,Isiolo,Dispensary,Ministry of Health,2,4,f,f,Operational,0.35,37.583333
11296,Daba (AIC) Dispensary,Tana River,Galole,Dispensary,Christian Health Association of Kenya,1,0,f,f,Operational,-1.5,40.033333
11982,Dabel Health Centre (Moyale),Marsabit,Moyale,Health Centre,Ministry of Health,4,0,f,f,Operational,2.333333,37.983333
13316,Dadaab Sub-District Hospital,Garissa,Dadaab,Sub-District Hospital,Ministry of Health,25,4,f,f,Operational,-0.456944,39.658333
13317,Dadajabula Sub District Hospital,Wajir,Habaswein,Sub-District Hospital,Ministry of Health,0,0,f,f,Operational,1.75,40.066667
20687,Dadhantaly Dispensary,Wajir,Eldas,Dispensary,Ministry of Health,0,0,f,f,Operational,1.75,40.066667
17006,Dagahley Dispensary,Wajir,Habaswein,Dispensary,Ministry of Health,0,0,f,f,Operational,1.75,40.066667
11297,Dagamra Dispensary,Kilifi,Magarini,Dispensary,Ministry of Health,0,0,f,f,Operational,-3.216667,40.116667
16186,Dagamra Medical Clinic,Kilifi,Rabai,Medical Clinic,Private Practice - Clinical Officer,0,0,f,f,Operational,-3.633333,39.85
20377,Dago Jonyo Dispensary,Kisumu,Seme,Dispensary,Ministry of Health,0,0,f,f,Operational,-0.10221,34.761711
11298,Danrose Clinic,Kilifi,Malindi,Medical Clinic,Private Practice - Nurse / Midwife,0,0,f,f,Operational,-3.216667,40.116667
13324,Danyere Health Centre,Garissa,Balambala,Health Centre,Ministry of Health,0,0,f,f,Operational,-0.456944,39.658333
19703,Dap Health Clinic,Nairobi,Embakasi Central,Medical Clinic,Private Practice - Medical Specialist,2,1,f,f,Operational,-1.286389,36.817223
13531,Daraja Medical Clinic,Kisii,Kisii Central,Medical Clinic,Private Enterprise (Institution),0,0,f,f,Operational,-0.683333,34.766667
18842,Darajani Medical Clinic,Mombasa,Kisauni,Medical Clinic,Private Practice - Clinical Officer,0,0,f,f,Operational,-4.043477,39.668205
18276,Darushif Medical Clinic,Nairobi,Embakasi West,Medical Clinic,Private Practice - Clinical Officer,0,0,f,f,Not-Operational,-1.286389,36.817223
16498,Dave Laboratory,Kirinyaga,Kirinyaga East,Laboratory (Stand-alone),Private Enterprise (Institution),0,0,f,f,Operational,-0.5,37.283333
11632,David Kariuki Medical Centre,Kilifi,Malindi,Medical Clinic,Private Practice - Clinical Officer,4,0,f,f,Operational,-3.216667,40.116667
11457,David Kayanda Dispensary,Taita Taveta,Mwatate,Dispensary,Ministry of Health,0,0,f,f,Operational,,
19596,Dawa Jema Medical Cl,Kiambu,Gatundu North,Medical Clinic,Private Practice - Nurse / Midwife,0,0,f,f,Operational,-1.166667,36.833333
19240,Dawa Mart Clinic,Meru,Igembe North,Medical Clinic,Private Practice - Nurse / Midwife,0,0,f,f,Operational,0.05,37.65
11299,Dawida Maternity Nursing Home,Taita Taveta,Wundanyi,Other Hospital,Private Enterprise (Institution),0,0,f,f,Operational,,
11300,Dawson Mwanyumba Dispensary,Taita Taveta,Mwatate,Dispensary,Ministry of Health,0,0,f,f,Operational,,
20195,Debomart Med Clinic,Nairobi,Makadara,Medical Clinic,Private Practice - Medical Specialist,0,0,f,f,Operational,-1.286389,36.817223
13532,Dede Dispensary,Migori,Awendo,Dispensary,Ministry of Health,8,0,f,f,Operational,-1.066667,34.466667
14401,Delamere Clinic,Nakuru,Gilgil,Medical Clinic,Company Medical Service,0,0,f,f,Operational,-0.303099,36.080026
19377,Delight Chemist & Lab,Nairobi,Ruaraka,Medical Clinic,Private Practice - General Practitioner,0,0,f,f,Operational,-1.286389,36.817223
10106,Delina Health Care,Nyeri,Tetu,Medical Clinic,Private Practice - Nurse / Midwife,0,0,f,f,Operational,-0.416667,36.95
20838,Demanje Medical Clinic,Makueni,Kilungu,Medical Clinic,Private Practice - Clinical Officer,3,1,f,f,Operational,-1.8,37.616667
11302,Dembwa Dispensary,Taita Taveta,Mwatate,Dispensary,Ministry of Health,0,0,f,f,Operational,,
19105,Dental Clinic Dr Mwiti Jm,Meru,Imenti North,Medical Clinic,Private Practice - General Practitioner,0,0,f,f,Operational,0.05,37.65
20452,Denticheck Clinical Services,Nakuru,Gilgil,Medical Clinic,Private Practice - Unspecified,0,0,f,f,Operational,-1.286389,36.817223
19694,Dentmind Dental Clinic Kitengela,Kajiado,Isinya,Dental Clinic,Private Practice - General Practitioner,0,0,f,f,Operational,-1.85,36.783333
13327,Dertu Health Centre,Garissa,Dadaab,Health Centre,Ministry of Health,0,0,f,f,Operational,-0.456944,39.658333
20489,Dessein Health Care,Nairobi,Makadara,Medical Clinic,Private Practice - General Practitioner,0,0,f,f,Operational,-1.286389,36.817223
19717,Destiny Medical Clinic (Kinoro-Imenti South),Meru,Imenti South,Medical Clinic,Private Practice - Nurse / Midwife,0,0,f,f,Operational,0.05,37.65
17537,Deteni Medical Clinic,Kilifi,Rabai,Medical Clinic,Private Practice - Clinical Officer,2,0,f,f,Operational,-4.043477,39.668205
17904,Devki Staff Clinic,Machakos,Athi River,Medical Clinic,Parastatal,1,1,f,f,Operational,-1.516667,37.266667
19265,Devki Staff Clinic (Ruiru),Kiambu,Ruiru,Medical Clinic,Company Medical Service,0,0,f,f,Operational,-1.286389,36.817223
20976,DG Peters Med Clinic,Makueni,Mbooni West,Medical Clinic,Private Practice - Clinical Officer,1,1,f,f,Operational,-1.8,37.616667
19874,Dhmt,Bomet,Sotik,District Health Office,Ministry of Health,0,0,f,f,Operational,-0.783333,35.35
18499,Diani Beach Hospital,Kwale,Msambweni,Other Hospital,Private Practice - General Practitioner,19,0,f,f,Operational,-4.183333,39.45
11304,Diani Health Centre,Kwale,Msambweni,Health Centre,Ministry of Health,6,1,f,f,Operational,-4.183333,39.45
18897,Dice Clinic Migori,Migori,Migori,Medical Clinic,Non-Governmental Organizations,2,0,f,f,Operational,-1.066667,34.466667
11305,Dida Dispensary,Kilifi,Ganze,Dispensary,Ministry of Health,0,0,f,f,Operational,-3.633333,39.85
11306,Didewaride Dispensary,Lamu,Lamu West,Dispensary,Ministry of Health,0,0,f,f,Operational,-2.266667,40.9
10109,Difathas Catholic Dispensary,Kirinyaga,Kirinyaga South,Dispensary,Kenya Episcopal Conference-Catholic Secretariat,0,0,f,f,Operational,-0.533333,37.45
10110,Difathas Health Centre,Kirinyaga,Kirinyaga South,Health Centre,Ministry of Health,5,1,f,f,Operational,-0.5,37.283333
13328,Diff Health Centre,Wajir,Wajir South,Health Centre,Ministry of Health,0,0,f,f,Operational,1.75,40.066667
13329,Dilmanyaley Health Centre,Wajir,Habaswein,Health Centre,Ministry of Health,0,0,f,f,Operational,1.75,40.066667
18723,Diplomatic Medical Clinic,Meru,Imenti North,Medical Clinic,Private Practice - Unspecified,0,0,f,f,Operational,0.05,37.65
11986,Dirib Gombo Dispensary,Marsabit,Marsabit,Dispensary,Kenya Episcopal Conference-Catholic Secretariat,2,0,f,f,Operational,2.333333,37.983333
16268,Diruma Dispensary,Migori,Nyatike,Dispensary,Ministry of Health,2,0,f,f,Not-Operational,-1.066667,34.466667
19109,Divine Mercy Catholic Dispensary,Machakos,Masinga,Dispensary,Kenya Episcopal Conference-Catholic Secretariat,2,2,f,f,Not-Operational,-1.516667,37.266667
11365,Divine Mercy Eldoro (Catholic) Dispensary,Taita Taveta,Taveta,Dispensary,Other Faith Based,0,0,f,f,Operational,,
18388,Divine Mercy Kariobangi,Nairobi,Embakasi West,Medical Clinic,Other Faith Based,0,0,f,f,Operational,-1.286389,36.817223
12351,Divine Mercy Kithatu Dispensary,Meru,Imenti South,Dispensary,Christian Health Association of Kenya,0,0,f,f,Operational,0.05,37.65
12917,Diwopa Health Centre,Nairobi,Embakasi Central,Health Centre,Kenya Episcopal Conference-Catholic Secretariat,32,2,f,f,Operational,-1.286389,36.817223
21166,Doctors Worldwide Muallafatul Qulub Medical Centre,Kilifi,Malindi,Medical Clinic,Non-Governmental Organizations,0,0,f,f,Operational,-3.216667,40.116667
21174,Doctors Worldwide Tembo Medical Centre,Migori,Nyatike,Medical Clinic,Non-Governmental Organizations,11,2,f,f,Operational,-1.066667,34.466667
12919,Dog Unit Dispensary (O P Kenya Police),Nairobi,Langata,Dispensary,Other Public Institution,0,0,f,f,Operational,-1.286389,36.817223
14404,Doldol Sub District Hospital,Laikipia,Laikipia North,Sub-District Hospital,Ministry of Health,10,2,f,f,Operational,0.366667,37.033333
13535,Dolphil Nursing & Maternity Home,Siaya,Gem,Other Hospital,Christian Health Association of Kenya,0,0,f,f,Operational,0.066667,34.283333
16432,Donyo Sabuk Dispensary,Machakos,Matungulu,Dispensary,Ministry of Health,4,0,f,f,Operational,-1.516667,37.266667
11988,Donyo Sabuk Nursing Home,Machakos,Matungulu,Nursing Home,Private Enterprise (Institution),30,5,f,f,Operational,-1.516667,37.266667
16562,Dorjos Health Services,Meru,Imenti North,Medical Clinic,Private Enterprise (Institution),0,0,f,f,Operational,0.05,37.65
12921,Dorkcare Nursing Home,Nairobi,Kamukunji,Nursing Home,Private Enterprise (Institution),9,0,f,f,Operational,-1.286389,36.817223
20529,Doulos Youth Friendly And VCT (KCC),Nairobi,Embakasi West,VCT Centre (Stand-Alone),Other Faith Based,0,0,f,f,Operational,-1.286389,36.817223
10116,Dr A P Gupta Radiological Clinic,Nyeri,Nyeri Central,Radiology Unit,Private Enterprise (Institution),0,0,f,f,Operational,-0.416667,36.95
19674,Dr Akoto Mc,Trans Nzoia,Trans Nzoia West,Not in List,Private Practice - Medical Specialist,0,0,f,f,Operational,1.016667,34.983333
14405,Dr Aluvaala Medical Clinic,Nakuru,Nakuru,Medical Clinic,Private Practice - Medical Specialist,0,0,f,f,Operational,-0.303099,36.080026
11313,Dr Awimbo E Clinic,Mombasa,Mvita,Medical Clinic,Private Practice - Unspecified,0,0,f,f,Operational,-4.043477,39.668205
11140,Dr B K Njuguna,Kirinyaga,Kirinyaga Central,Medical Clinic,Private Practice - Medical Specialist,0,0,f,f,Operational,-0.5,37.283333
20552,Dr B.K.Kariuki,Nakuru,Nakuru,Medical Clinic,Private Practice - Medical Specialist,0,0,f,f,Operational,-0.303099,36.080026
20553,Dr Babu Bora clinic,Nakuru,Nakuru,Medical Clinic,Private Practice - Medical Specialist,0,0,f,f,Operational,-0.303099,36.080026
20086,Dr Barnados House clinic,Nairobi,Langata,Medical Clinic,Kenya Episcopal Conference-Catholic Secretariat,0,0,f,f,Operational,-1.286389,36.817223
11314,Dr Bernad M Oduor Clinic,Kilifi,Malindi,Medical Clinic,Private Practice - Unspecified,0,0,f,f,Operational,-3.216667,40.116667
19418,Dr Chaundry Dental Services (Nairobi),Nairobi,Starehe,Medical Clinic,Private Practice - Unspecified,0,0,f,f,Operational,-1.286389,36.817223
11320,Dr Dosajee Medical Clinic,Kilifi,Malindi,Medical Clinic,Private Practice - Unspecified,0,0,f,f,Operational,-3.216667,40.116667
11321,Dr Dz Shaudia Clinic,Kilifi,Malindi,Medical Clinic,Private Practice - Unspecified,0,0,f,f,Not-Operational,-3.216667,40.116667
18003,Dr Eshtera Clinic,Homa Bay,Homa Bay,Medical Clinic,Private Practice - General Practitioner,0,0,f,f,Operational,-0.516667,34.45
17235,Dr G Muhiu Clinic,Murang'a,Kiharu,Medical Clinic,Private Practice - Medical Specialist,0,0,f,f,Operational,-0.716667,37.15
14408,Dr Gacheru Clinic,Laikipia,Laikipia East,Medical Clinic,Private Practice - Unspecified,0,0,f,f,Operational,0.366667,37.033333
19425,Dr George Munene Medical Clinic,Nairobi,Starehe,Medical Clinic,Private Practice - General Practitioner,0,0,f,f,Operational,-1.286389,36.817223
19567,Dr Gichuru Mwangi,Nairobi,Westlands,Medical Clinic,Private Practice - Medical Specialist,0,0,f,f,Operational,-1.286389,36.817223
11325,Dr Gikandi Clinic,Mombasa,Mvita,Medical Clinic,Private Practice - Unspecified,0,0,f,f,Operational,-4.043477,39.668205
18807,Dr Irimu Medical Clinic,Nairobi,Kibra,Medical Clinic,Private Practice - General Practitioner,0,0,f,f,Operational,-1.286389,36.817223
17292,Dr J K Kimani,Kirinyaga,Kirinyaga Central,Medical Clinic,Private Practice - Medical Specialist,0,0,f,f,Operational,-0.5,37.283333
19687,Dr James Murgor Mc,Trans Nzoia,Trans Nzoia West,Medical Clinic,Private Practice - Medical Specialist,0,0,f,f,Operational,1.016667,34.983333
19468,Dr Jemmah & Nyawange Med Clinic,Nairobi,Starehe,Medical Clinic,Private Practice - General Practitioner,0,0,f,f,Operational,-1.286389,36.817223
14409,Dr Kalyas Clinic,Nakuru,Nakuru,Medical Clinic,Private Practice - Medical Specialist,0,0,f,f,Operational,-0.303099,36.080026
10125,Dr Kanina B K Urology Clinic,Nyeri,Nyeri Central,Medical Clinic,Private Practice - Medical Specialist,0,0,f,f,Operational,-0.416667,36.95
14410,Dr Kanyiri Dental Clinic,Laikipia,Laikipia East,Medical Clinic,Private Practice - Unspecified,0,0,f,f,Not-Operational,0.366667,37.033333
14411,Dr Karania Medical Clinic,Nakuru,Nakuru,Medical Clinic,Private Practice - General Practitioner,0,0,f,f,Operational,-0.303099,36.080026
19690,Dr Karuu Mc,Trans Nzoia,Trans Nzoia West,Medical Clinic,Private Practice - General Practitioner,0,0,f,f,Operational,1.016667,34.983333
19286,Imani Medical Clinic ( Mathare A 4),Nairobi,Roysambu,Medical Clinic,Private Practice - General Practitioner,0,0,f,f,Operational,-1.286389,36.817223
10345,Imani Medical Clinic (Kiambu West),Kiambu,Limuru,Medical Clinic,Private Practice - Nurse / Midwife,1,3,f,f,Operational,-1.166667,36.833333
19808,Imani Medical Clinic (Nyandarua),Nyandarua,Kinangop,Medical Clinic,Private Practice - Nurse / Midwife,0,0,f,f,Operational,-0.183333,36.366667
16752,Imani Medical Clinic (Ruiru),Kiambu,Ruiru,Medical Clinic,Private Practice - Nurse / Midwife,0,0,f,f,Operational,-1.166667,36.833333
17885,Imani Medical Services,Kilifi,Malindi,Medical Clinic,Private Practice - Clinical Officer,0,0,f,f,Operational,-3.216667,40.116667
18294,Imani Yako Medical Clinic (Joska),Machakos,Matungulu,Medical Clinic,Private Practice - Nurse / Midwife,2,0,f,f,Operational,-1.516667,37.266667
17685,Imara Health Centre,Nairobi,Embakasi South,Health Centre,Christian Health Association of Kenya,6,1,f,f,Operational,-1.286389,36.817223
19327,Imarba Dispensary,Kajiado,Kajiado Central,Dispensary,Kenya Episcopal Conference-Catholic Secretariat,0,0,f,f,Operational,-1.85,36.783333
15901,Imbiakalo Dispensary,Kakamega,Kakamega North (Malava),Dispensary,Ministry of Health,0,0,f,f,Operational,0.284767,34.752308
20019,Imc Tekeleza Dice - Isebania,Migori,Kuria West,Medical Clinic,Non-Governmental Organizations,0,0,f,f,Operational,-1.066667,34.466667
19929,Imc Tekeleza Dice Clinic Karungu,Migori,Migori,Medical Clinic,Non-Governmental Organizations,2,0,f,f,Operational,-1.066667,34.466667
19930,Imc Tekeleza Dice Clinic Muhuru,Migori,Migori,Medical Clinic,Non-Governmental Organizations,2,0,f,f,Operational,-1.066667,34.466667
14572,Ime (AIC) Health Centre,Nakuru,Nakuru North,Health Centre,Christian Health Association of Kenya,0,0,f,f,Operational,-0.303099,36.080026
18977,Im-Hotep Medical Centre,Kajiado,Kajiado Central,Medical Centre,Private Practice - General Practitioner,0,0,f,f,Operational,-1.85,36.783333
10518,Immaculate Heart Hospital Kereita,Kiambu,Lari,Other Hospital,Kenya Episcopal Conference-Catholic Secretariat,36,10,f,f,Operational,-1.166667,36.833333
10349,Immaculate Heart of Mary Hospital,Kiambu,Thika East,Other Hospital,Kenya Episcopal Conference-Catholic Secretariat,56,10,f,f,Operational,-1.033333,37.066667
14414,Dr Mbuthia Clinic,Laikipia,Laikipia East,Medical Clinic,Private Practice - Unspecified,0,0,f,f,Operational,0.366667,37.033333
14415,Dr Mugo Medical Clinic,Nakuru,Nakuru,Medical Clinic,Private Practice - Medical Specialist,0,0,f,f,Operational,-0.303099,36.080026
10143,Dr Muraya Clinic,Kirinyaga,Kirinyaga Central,Medical Clinic,Private Practice - Medical Specialist,0,0,f,f,Operational,-0.5,37.283333
19416,Dr Musili Clinic (Afya Centre-Nairobi),Nairobi,Starehe,Medical Clinic,Private Practice - Medical Specialist,0,0,f,f,Operational,-1.286389,36.817223
11344,Dr Mustafa Kamani Clinic,Kilifi,Malindi,Medical Clinic,Private Practice - General Practitioner,0,0,f,f,Operational,-3.216667,40.116667
18728,Dr Muthuri Jj Clinic,Meru,Imenti North,Medical Clinic,Private Practice - Unspecified,0,0,f,f,Operational,0.05,37.65
20554,Dr Mwangi,Nakuru,Nakuru,Medical Clinic,Private Practice - General Practitioner,0,0,f,f,Operational,-0.303099,36.080026
10145,Dr N N Ngugi Dental Clinic,Nyeri,Nyeri Central,Dental Clinic,Private Enterprise (Institution),0,0,f,f,Operational,-0.416667,36.95
15835,Busibwabo Dispensary,Busia,Busia,Dispensary,Ministry of Health,3,0,f,f,Operational,0.46,34.11
18208,Busieso Dispensary,Elgeyo Marakwet,Marakwet West,Dispensary,Ministry of Health,0,0,f,f,Pending Opening,,
13314,Bute District Hospital,Wajir,Wajir North,District Hospital,Ministry of Health,30,2,f,f,Operational,1.75,40.066667
19870,Bute Medical Clinic,Wajir,Wajir North,Medical Clinic,Private Practice - Nurse / Midwife,0,0,f,f,Operational,1.75,40.066667
15836,Butere District Hospital,Kakamega,Butere,District Hospital,Ministry of Health,55,2,f,f,Operational,0.284767,34.752308
18939,Butere Iranda Health Centre,Kakamega,Butere,Health Centre,Ministry of Health,8,4,f,f,Pending Opening,0.284767,34.752308
14276,Butiik Dispensary,Kericho,Bureti,Dispensary,Ministry of Health,0,0,f,f,Operational,-0.366667,35.283333
20043,Butingo Dispensary,Kakamega,Kakamega Central (Lurambi),Dispensary,Ministry of Health,3,1,f,f,Operational,0.284767,34.752308
11958,Butiye Dispensary,Marsabit,Moyale,Dispensary,Ministry of Health,0,0,f,f,Operational,2.333333,37.983333
15837,Butonge Dispensary,Bungoma,Bungoma West,Dispensary,Christian Health Association of Kenya,0,0,f,f,Operational,0.566667,34.566667
15838,Butula Mission Health Centre,Busia,Butula,Health Centre,Other Faith Based,28,6,f,f,Operational,0.46,34.11
17081,Buwa,Tana River,Bura,Dispensary,Ministry of Health,0,0,f,f,Operational,-1.5,40.033333
15839,Buyangu Health Centre,Vihiga,Hamisi,Health Centre,Other Faith Based,19,0,f,f,Operational,0.083333,34.716667
20188,Buyemi Dispensary,Kakamega,Kakamega South (Ikolomani),Dispensary,Ministry of Health,2,2,f,f,Operational,0.284767,34.752308
11266,Bwagamoyo Dispensary,Kilifi,Rabai,Dispensary,Ministry of Health,0,0,f,f,Operational,-3.633333,39.85
15840,Bwaliro Dispensary,Busia,Butula,Dispensary,Ministry of Health,0,0,f,f,Operational,0.46,34.11
13519,Bware Dispensary,Migori,Uriri,Dispensary,Ministry of Health,5,0,f,f,Operational,-1.066667,34.466667
19756,Bwayi Dispensary,Trans Nzoia,Kwanza,Dispensary,Ministry of Health,0,0,f,f,Operational,1.016667,34.983333
14277,Bwena Dipensary,West Pokot,West Pokot,Dispensary,Private Enterprise (Institution),0,0,f,f,Operational,1.233333,35.116667
17894,Bwiti (Tiomin) Dispensary,Kwale,Msambweni,Dispensary,Ministry of Health,0,0,f,f,Pending Opening,-4.183333,39.45
21229,By Faith (PCEA)Mai-A-ihii women's Guild Dispensary,Kiambu,Kikuyu,Dispensary,Christian Health Association of Kenya,0,0,f,f,Operational,-1.166667,36.833333
10077,By Faith Clinic (Kirinyaga),Kirinyaga,Kirinyaga South,Medical Clinic,Private Practice - Nurse / Midwife,0,0,f,f,Operational,-0.5,37.283333
10079,By Grace Medical (Kutus) Clinic,Kirinyaga,Kirinyaga North,Medical Clinic,Private Practice - Nurse / Midwife,0,0,f,f,Operational,-0.5,37.283333
20918,By Grace Medical Clinic and Laboratory Services,Machakos,Matungulu,Medical Clinic,Private Practice - Nurse / Midwife,0,0,f,f,Operational,-1.516667,37.266667
20014,Bygrace Medical Clinic,Kiambu,Gatundu,Medical Clinic,Private Practice - Nurse / Midwife,0,0,f,f,Operational,-1.166667,36.833333
17763,California Medical Clinic,Mombasa,Likoni,Medical Clinic,Private Practice - Nurse / Midwife,0,0,f,f,Operational,-4.043477,39.668205
17978,Calvary Family Health Care Centre,Mombasa,Kisauni,Medical Clinic,Private Practice - Unspecified,0,0,f,f,Operational,-4.043477,39.668205
17812,Calvary Medical Clinic,Nakuru,Nakuru North,Medical Clinic,Private Practice - Nurse / Midwife,0,0,f,f,Operational,-0.303099,36.080026
21048,Camel Medical Centre,Wajir,Wajir South,Other Hospital,Private Practice - General Practitioner,30,1,f,f,Operational,1.75,40.066667
14278,Camp Brethren Medical Clinic,Nakuru,Gilgil,Medical Clinic,Private Practice - Nurse / Midwife,0,0,f,f,Operational,-0.303099,36.080026
11269,Camp David Medical Clinic,Mombasa,Changamwe,Medical Clinic,Non-Governmental Organizations,0,0,f,f,Not-Operational,-4.043477,39.668205
12889,Cana Family Life Clinic,Nairobi,Makadara,Maternity Home,Non-Governmental Organizations,12,0,f,f,Operational,-1.286389,36.817223
20670,Cana Medical Clinic,Machakos,Matungulu,Medical Clinic,Private Practice - Clinical Officer,0,0,f,f,Operational,-1.516667,37.266667
14279,Canaan (ACK) Medical Clinic,Nakuru,Naivasha,Medical Clinic,Christian Health Association of Kenya,0,0,f,f,Operational,-0.303099,36.080026
15841,Canaan Clinic (Matete),Kakamega,Matete,Medical Clinic,Private Enterprise (Institution),0,0,f,f,Operational,0.284767,34.752308
12890,Canaan Health Providers (Nairobi),Nairobi,Starehe,Medical Clinic,Private Enterprise (Institution),0,0,f,f,Operational,-1.286389,36.817223
11270,Canaan Medical Clinic,Mombasa,Changamwe,Medical Clinic,Private Enterprise (Institution),0,0,f,f,Operational,-4.043477,39.668205
17563,Care Medical Clinic (Geta Bush),Nyandarua,Kipipiri,Medical Clinic,Private Practice - Clinical Officer,0,0,f,f,Operational,-0.183333,36.366667
20850,Caregivers Community Hospital,Kajiado,Isinya,Other Hospital,Private Practice - Nurse / Midwife,10,1,f,f,Operational,-1.85,36.783333
20016,Careplus Medical Services,Kisumu,Kisumu East,Medical Clinic,Private Practice - General Practitioner,0,0,f,f,Operational,-0.10221,34.761711
18006,Cargo Human Care Clinic,Kiambu,Kiambu,Dispensary,Christian Health Association of Kenya,0,0,f,f,Operational,-1.166667,36.833333
21031,Caring Cross Medical Centre,Kajiado,Kajiado North,Medical Clinic,Private Practice - Clinical Officer,0,0,f,f,Operational,-1.85,36.783333
21227,Caros Medical Clinic,Kiambu,Kikuyu,Medical Clinic,Private Practice - Nurse / Midwife,0,0,f,f,Operational,-1.286389,36.817223
18043,Catholic Archdiocese of Mombasa CHBC & AIDS Relief,Mombasa,Kisauni,Medical Clinic,Kenya Episcopal Conference-Catholic Secretariat,0,0,f,f,Operational,-4.043477,39.668205
11960,Catholic Dispensary (Isiolo),Isiolo,Isiolo,Dispensary,Kenya Episcopal Conference-Catholic Secretariat,2,0,f,f,Operational,0.35,37.583333
18484,Catholic Dispensary Kariobangi,Nairobi,Embakasi North,Dispensary,Kenya Episcopal Conference-Catholic Secretariat,0,0,f,f,Operational,-1.286389,36.817223
16215,Catholic Hospital Laisamis,Marsabit,Marsabit South,Other Hospital,Kenya Episcopal Conference-Catholic Secretariat,45,5,f,f,Operational,2.333333,37.983333
15769,Catholic Hospital Wamba,Samburu,Samburu East,Other Hospital,Kenya Episcopal Conference-Catholic Secretariat,178,16,f,f,Operational,1.316667,36.983333
17922,Catholic Mission Dispensary,Wajir,Wajir East,Dispensary,Christian Health Association of Kenya,0,0,f,f,Operational,1.75,40.066667
12456,Catholic Mission Dispensary Makueni,Makueni,Makueni,Dispensary,Kenya Episcopal Conference-Catholic Secretariat,0,0,f,f,Operational,-1.8,37.616667
12892,Catholic University Dispensary,Nairobi,Langata,Dispensary,Kenya Episcopal Conference-Catholic Secretariat,0,0,f,f,Operational,-1.286389,36.817223
19919,Catmag Medical Centre,Kiambu,Kiambu,Medical Clinic,Private Practice - Unspecified,0,0,f,f,Operational,-1.166667,36.833333
19072,CCM Kaare,Tharaka Nithi,Maara,Medical Clinic,Private Practice - Nurse / Midwife,0,0,f,f,Operational,,
11964,Ccs Kiritiri Clinic,Embu,Mbeere South,Dispensary,Other Faith Based,0,0,f,f,Operational,-0.533333,37.45
18378,Cdn VCT,Nakuru,Nakuru,VCT Centre (Stand-Alone),Kenya Episcopal Conference-Catholic Secretariat,0,0,f,f,Operational,-0.303099,36.080026
14281,Cedar Medical Clinic (Kimana),Kajiado,Loitoktok,Medical Clinic,Private Practice - Nurse / Midwife,4,0,f,f,Operational,-1.85,36.783333
14283,Cengalo Dispensary,Uasin Gishu,Wareng,Dispensary,Ministry of Health,0,0,f,f,Operational,0.516667,35.283333
15821,Bulondo Dispensary,Bungoma,Bungoma South,Dispensary,Ministry of Health,12,0,f,f,Operational,0.566667,34.566667
16285,Bultohama Dispensary,Garissa,Hulugho,Dispensary,Ministry of Health,0,0,f,f,Operational,-0.456944,39.658333
15822,Bulwani Dispensary,Busia,Bunyala,Dispensary,Ministry of Health,0,0,f,f,Operational,0.46,34.11
15823,Bumala A Health Centre,Busia,Butula,Health Centre,Ministry of Health,4,0,f,f,Operational,0.46,34.11
15824,Bumala B Health Centre,Busia,Butula,Health Centre,Ministry of Health,14,0,f,f,Operational,0.46,34.11
20572,Bumala CFW clinic,Busia,Butula,Medical Clinic,Non-Governmental Organizations,0,0,f,f,Operational,0.46,34.11
15825,Bumula Health Centre,Bungoma,Bumula,Health Centre,Ministry of Health,51,0,f,f,Operational,0.566667,34.566667
15826,Bumutiru Dispensary,Busia,Butula,Dispensary,Ministry of Health,0,0,f,f,Operational,0.46,34.11
13312,Buna Sub-District Hospital,Wajir,Buna,Sub-District Hospital,Ministry of Health,7,2,f,f,Operational,1.75,40.066667
13518,Bunde Dispensary,Kisumu,Nyando,Dispensary,Ministry of Health,2,0,f,f,Operational,-0.10221,34.761711
21004,Bungoma Beyond Zero Mobile Unit,Bungoma,Bungoma East,Dispensary,Ministry of Health,2,0,f,f,Operational,0.566667,34.566667
15828,Bungoma County Referal Hospital,Bungoma,Bungoma South,District Hospital,Ministry of Health,216,7,f,f,Operational,0.566667,34.566667
20923,Bungoma Oasis Healthcare Limited,Bungoma,Bungoma South,Medical Clinic,Private Enterprise (Institution),2,0,f,f,Operational,0.566667,34.566667
20323,Bungoma West Medical Services,Bungoma,Bungoma South,Nursing Home,Private Practice - General Practitioner,40,0,f,f,Operational,0.566667,34.566667
14272,Bungwet Dispensary,Elgeyo Marakwet,Marakwet West,Dispensary,Ministry of Health,0,0,f,f,Operational,,
13339,Bura District Hospital,Garissa,Fafi,District Hospital,Ministry of Health,30,0,f,f,Operational,-0.456944,39.658333
11264,Bura Health Centre,Tana River,Bura,Health Centre,Ministry of Health,20,0,f,f,Operational,-1.5,40.033333
11263,Bura Health Centre (Taita Taveta),Taita Taveta,Mwatate,Dispensary,Ministry of Health,14,2,f,f,Operational,,
18312,Bura Health Centre Taita,Taita Taveta,Mwatate,Health Centre,Ministry of Health,14,2,f,f,Operational,,
11265,Bura Mission Clinic,Taita Taveta,Mwatate,Dispensary,Other Faith Based,0,0,f,f,Operational,,
17075,Bura Nomadic,Tana River,Bura,Dispensary,Ministry of Health,0,0,f,f,Operational,-1.5,40.033333
17870,Burabor Dispensary,Mandera,Mandera East,Dispensary,Ministry of Health,0,0,f,f,Operational,3.933333,41.866667
13520,Central Clinic (Kisumu East),Kisumu,Kisumu East,Medical Clinic,Private Enterprise (Institution),0,0,f,f,Operational,-0.10221,34.761711
18903,Central Medical Clinic (Kitui Central),Kitui,Kitui Central,Medical Clinic,Private Practice - Clinical Officer,0,0,f,f,Operational,-1.366667,38.016667
17696,Central Medical Clinic and Labaratory (Changamwe),Mombasa,Changamwe,Medical Clinic,Private Practice - Unspecified,0,0,f,f,Operational,-4.043477,39.668205
20154,Centre medical clinic,Nakuru,Nakuru,Medical Clinic,Private Practice - Nurse / Midwife,0,0,f,f,Operational,-0.303099,36.080026
21159,CFW  Kibumbu,Tharaka Nithi,Meru South,Medical Clinic,Private Practice - Nurse / Midwife,0,0,f,f,Operational,,
21175,CFW Clinic Ugunja,Siaya,Ugunja,Medical Clinic,Non-Governmental Organizations,0,0,f,f,Operational,-1.286389,36.817223
21148,CFW Clinics Kibagare,Nairobi,Westlands,Health Centre,Non-Governmental Organizations,0,0,f,f,Operational,-1.286389,36.817223
19938,CFW Kiamugumo Glory,Kirinyaga,Kirinyaga East,Medical Clinic,Non-Governmental Organizations,0,0,f,f,Operational,-0.5,37.283333
11966,CFW Kimangaru Clinic,Embu,Manyatta,Medical Clinic,Private Practice - Nurse / Midwife,0,0,f,f,Operational,-0.533333,37.45
19841,CFW Mwea Clinic,Kirinyaga,Kirinyaga South,Medical Clinic,Non-Governmental Organizations,0,0,f,f,Operational,-1.286389,36.817223
11274,Chaani (MCM) Dispensary,Mombasa,Changamwe,Dispensary,Local Authority,0,0,f,f,Operational,-4.043477,39.668205
17223,Chabuene Dispensary,Meru,Imenti North,Dispensary,Ministry of Health,0,0,f,f,Pending Opening,0.05,37.65
16475,Chagaik Dispensary,Kericho,Londiani,Dispensary,Company Medical Service,0,0,f,f,Operational,-0.366667,35.283333
14284,Chagaiya Dispensary,Uasin Gishu,Wareng,Dispensary,Ministry of Health,0,0,f,f,Operational,0.516667,35.283333
17573,Chaka Health Services Clinic,Nyeri,Kieni East,Medical Clinic,Private Practice - Nurse / Midwife,0,0,f,f,Operational,-0.416667,36.95
11276,Chakama Dispensary,Kilifi,Malindi,Dispensary,Ministry of Health,0,0,f,f,Operational,-3.216667,40.116667
16191,Chalani Dispensary,Kilifi,Kaloleni,Dispensary,Ministry of Health,0,0,f,f,Operational,-3.633333,39.85
11278,Challa Dispensary,Taita Taveta,Taveta,Dispensary,Ministry of Health,0,0,f,f,Operational,,
15845,Chamakanga Mission,Vihiga,Sabatia,Dispensary,Christian Health Association of Kenya,13,2,f,f,Operational,0.083333,34.716667
14285,Chamalal Dispensary,Bomet,Konoin,Dispensary,Ministry of Health,3,0,f,f,Operational,-0.783333,35.35
11279,Chamari CDF Dispensary,Kilifi,Magarini,Dispensary,Ministry of Health,0,0,f,f,Operational,-3.216667,40.116667
20308,Chamari Dispensary,Kilifi,Magarini,Dispensary,Community,0,0,f,f,Operational,-3.216667,40.116667
18782,Chamuka (CDF) Dispensary,Nyandarua,Nyandarua West,Dispensary,Ministry of Health,0,0,f,f,Operational,-0.183333,36.366667
12893,Chandaria Health Centre,Nairobi,Dagoretti South,Health Centre,Community,0,0,f,f,Operational,-1.286389,36.817223
12621,Chandaria Mwania Dispensary,Makueni,Kathonzweni,Dispensary,Ministry of Health,2,0,f,f,Operational,-1.8,37.616667
14286,Changach Barak Dispensary,Elgeyo Marakwet,Keiyo South,Dispensary,Ministry of Health,0,0,f,f,Operational,,
16421,Changara (GOK) Dispensary,Busia,Teso North,Dispensary,Ministry of Health,0,0,f,f,Operational,0.46,34.11
14287,Changoi Dispensary,Bomet,Konoin,Dispensary,Company Medical Service,6,3,f,f,Operational,-0.783333,35.35
11281,Charidende Dispensary (CDF),Tana River,Bura,Dispensary,Community Development Fund,0,0,f,f,Operational,-1.5,40.033333
10090,Charity Medical Clinic,Kiambu,Gatundu North,Maternity Home,Private Practice - Nurse / Midwife,6,2,f,f,Operational,-1.166667,36.833333
11282,Chasimba Health Centre,Kilifi,Kilifi South,Health Centre,Ministry of Health,10,0,f,f,Operational,-3.633333,39.85
14289,Chebangang Health Centre,Bomet,Konoin,Health Centre,Ministry of Health,19,0,f,f,Operational,-0.783333,35.35
14290,Chebango Dispensary,Bomet,Sotik,Dispensary,Ministry of Health,0,0,f,f,Operational,-0.783333,35.35
16701,Chepturnguny Dispensary,West Pokot,West Pokot,Dispensary,Ministry of Health,0,0,f,f,Operational,1.233333,35.116667
20327,Cheptya Dispensary,West Pokot,Pokot South,Dispensary,Ministry of Health,0,0,f,f,Operational,1.233333,35.116667
14376,Chepwostuiyet Dispensary,Bomet,Chepalungu,Dispensary,Ministry of Health,0,0,f,f,Operational,-0.783333,35.35
14377,Cheramei Dispensary,Uasin Gishu,Eldoret West,Dispensary,Ministry of Health,0,0,f,f,Operational,0.516667,35.283333
14378,Cherangan Dispensary,West Pokot,North Pokot,Dispensary,Ministry of Health,0,0,f,f,Operational,1.233333,35.116667
14379,Cherangany Health Centre,Trans Nzoia,Trans Nzoia East,Health Centre,Ministry of Health,20,0,f,f,Operational,1.016667,34.983333
19760,Cherangany Nursing Home Outpatient Clinic,Trans Nzoia,Trans Nzoia West,Medical Clinic,Private Enterprise (Institution),0,0,f,f,Operational,1.016667,34.983333
14381,Cherara Dispensary,Kericho,Kipkelion,Dispensary,Ministry of Health,4,0,f,f,Operational,-0.366667,35.283333
17144,Cheronget,Kericho,Belgut,Dispensary,Ministry of Health,0,0,f,f,Operational,-0.366667,35.283333
20240,Cherwa Dispensary,Kisumu,Nyakach,Dispensary,Ministry of Health,0,0,f,f,Operational,-0.10221,34.761711
21091,Chesanga Dispensary,Kericho,Kericho,Dispensary,Ministry of Health,0,0,f,f,Operational,-0.366667,35.283333
16680,Chesetan Dispensary,Elgeyo Marakwet,Marakwet East,Dispensary,Ministry of Health,0,0,f,f,Operational,,
15856,Chesikaki Dispensary,Bungoma,Cheptais,Dispensary,Ministry of Health,0,0,f,f,Operational,0.566667,34.566667
18582,Chesinende Dispensary,Bungoma,Mt Elgon,Dispensary,Ministry of Health,0,0,f,f,Operational,0.566667,34.566667
20107,Chesinende Health Services,Kericho,Londiani,Medical Clinic,Private Practice - Clinical Officer,2,0,f,f,Operational,-0.366667,35.283333
16728,Chesirimion Dispensary,Baringo,East Pokot,Dispensary,Ministry of Health,0,0,f,f,Operational,0.466667,35.966667
14383,Chesiyo Dispensary,Elgeyo Marakwet,Marakwet East,Dispensary,Other Public Institution,0,0,f,f,Operational,,
14384,Chesoen Dispensary,Bomet,Bomet Central,Dispensary,Ministry of Health,0,0,f,f,Operational,-0.783333,35.35
19249,Chesogor Medical Clinic/Chemist,Nandi,Nandi North,Medical Clinic,Private Practice - General Practitioner,0,0,f,f,Operational,0.166667,35.133333
14385,Chesoi Health Centre,Elgeyo Marakwet,Marakwet East,Health Centre,Kenya Episcopal Conference-Catholic Secretariat,25,0,f,f,Operational,,
16336,Chesoi Medical Clinic,Elgeyo Marakwet,Marakwet East,Medical Clinic,Private Enterprise (Institution),0,0,f,f,Operational,,
17018,Chesongo Dispensary,Baringo,Baringo Central,Dispensary,Ministry of Health,0,0,f,f,Operational,0.466667,35.966667
15850,Chegulo Dispensary,Kakamega,Kakamega North (Malava),Dispensary,Ministry of Health,0,0,f,f,Operational,0.284767,34.752308
14307,Cheindoi Dispensary,Nandi,Nandi Central,Dispensary,Ministry of Health,0,0,f,f,Operational,0.166667,35.133333
15851,Chekalini Dispensary,Kakamega,Lugari,Dispensary,Ministry of Health,4,0,f,f,Operational,0.284767,34.752308
14308,Chelelach Dispensary,Bomet,Chepalungu,Dispensary,Ministry of Health,0,0,f,f,Operational,-0.783333,35.35
15852,Chelelemuk (St.Boniface Mwanda B) Dispensary,Bungoma,Bungoma West,Dispensary,Other Faith Based,0,0,f,f,Operational,0.566667,34.566667
14309,Chelilis Dispensary,Kericho,Bureti,Dispensary,Ministry of Health,0,0,f,f,Operational,-0.366667,35.283333
21235,Chelopoy Dispensary,West Pokot,North Pokot,Dispensary,Ministry of Health,0,0,f,f,Operational,1.233333,35.116667
17328,Chemamit Dispensary,Narok,Trans Mara East,Dispensary,Ministry of Health,0,0,f,f,Operational,-1.083333,35.866667
14310,Chemamul Dispensary,Bomet,Konoin,Dispensary,Private Enterprise (Institution),0,0,f,f,Operational,-0.783333,35.35
19207,Chemamul Dispensary (Tinderet),Nandi,Tinderet,Dispensary,Ministry of Health,0,0,f,f,Operational,0.166667,35.133333
14311,Chemaner Dispensary (Bomet),Bomet,Bomet East,Dispensary,Ministry of Health,0,0,f,f,Operational,-0.783333,35.35
14312,Chemaner Dispensary (Kuresoi),Nakuru,Kuresoi,Dispensary,Ministry of Health,4,4,f,f,Operational,-0.303099,36.080026
14313,Chemartin Tea Dispensary,Nandi,Nandi East,Dispensary,Company Medical Service,0,0,f,f,Operational,0.166667,35.133333
14314,Chemase Dispensary,Kericho,Belgut,Dispensary,Private Enterprise (Institution),0,0,f,f,Operational,-0.366667,35.283333
14315,Chemase Health Centre,Nandi,Nandi South,Health Centre,Ministry of Health,16,2,f,f,Operational,0.166667,35.133333
15853,Chemasiri (ACK) Dispensary,Busia,Teso North,Dispensary,Christian Health Association of Kenya,0,0,f,f,Operational,0.46,34.11
14316,Chemasis Maternity Home,Nakuru,Subukia,Maternity Home,Private Practice - Nurse / Midwife,10,2,f,f,Operational,-0.303099,36.080026
20436,Chemasusu Dispensary,Baringo,Koibatek,Dispensary,Ministry of Health,0,0,f,f,Operational,0.466667,35.966667
10091,Chemat For Health Solutions Kamweti,Kirinyaga,Kirinyaga East,Laboratory (Stand-alone),Private Enterprise (Institution),0,0,f,f,Operational,-0.5,37.283333
14318,Chemelil Dispensary,Nandi,Nandi East,Dispensary,Ministry of Health,0,0,f,f,Operational,0.166667,35.133333
13521,Chemelil GOK Dispensary,Kisumu,Muhoroni,Dispensary,Ministry of Health,0,0,f,f,Operational,-0.10221,34.761711
16521,Chemichemi Medical Clinic,Kilifi,Malindi,Medical Clinic,Private Practice - Nurse / Midwife,0,0,f,f,Operational,-3.216667,40.116667
19837,Chemichemi Medical Clinic (Nyandarua),Nyandarua,Kipipiri,Medical Clinic,Private Practice - Nurse / Midwife,0,0,f,f,Operational,-0.183333,36.366667
16267,Chemin Clinic,Kisii,Masaba South,Medical Clinic,Private Enterprise (Institution),2,0,f,f,Operational,-0.683333,34.766667
14319,Chemogondany Hospital,Kericho,Belgut,Other Hospital,Private Enterprise (Institution),12,3,f,f,Operational,-0.366667,35.283333
14320,Chemoiben Dispensary,Kericho,Bureti,Dispensary,Ministry of Health,0,0,f,f,Operational,-0.366667,35.283333
17095,Chemoinoi Dispensary,Baringo,Mogotio,Dispensary,Ministry of Health,0,0,f,f,Operational,0.466667,35.966667
17636,Chemokonja Dispensary,Nandi,Chesumei,Dispensary,Ministry of Health,0,0,f,f,Operational,0.166667,35.133333
14321,Chemolingot District Hospital,Baringo,East Pokot,District Hospital,Ministry of Health,14,4,f,f,Operational,0.466667,35.966667
14322,Chemomi Tea Dispensary,Nandi,Nandi East,Dispensary,Company Medical Service,0,0,f,f,Operational,0.166667,35.133333
20868,Chemororoch Dispensary,Kericho,Belgut,Dispensary,Ministry of Health,0,0,f,f,Operational,-0.366667,35.283333
14323,Chemosot Health Centre,Kericho,Bureti,Health Centre,Ministry of Health,6,0,f,f,Operational,-0.366667,35.283333
20328,Chemotong Dispensary,West Pokot,Pokot South,Dispensary,Ministry of Health,0,0,f,f,Operational,1.233333,35.116667
14324,Chemundu Dispensary (Nandi Central),Nandi,Chesumei,Dispensary,Ministry of Health,0,0,f,f,Operational,0.166667,35.133333
14325,Chemursoi Dispensary,Nandi,Nandi South,Dispensary,Ministry of Health,0,0,f,f,Operational,0.166667,35.133333
14326,Chemuswo Dispensary,Nandi,Chesumei,Dispensary,Ministry of Health,0,0,f,f,Operational,0.166667,35.133333
18563,Chemwa Bridge Dispensary,Bungoma,Bungoma Central,Dispensary,Ministry of Health,2,0,f,f,Operational,0.566667,34.566667
14327,Chemworor Health Centre,Elgeyo Marakwet,Marakwet East,Health Centre,Ministry of Health,0,0,f,f,Operational,,
14328,Chepakundi Dispensary,Nakuru,Kuresoi,Dispensary,Ministry of Health,0,0,f,f,Operational,-0.303099,36.080026
14329,Chepareria (SDA) Dispensary,West Pokot,West Pokot,Dispensary,Other Faith Based,8,0,f,f,Operational,1.233333,35.116667
14330,Chepareria Sub District Hospital,West Pokot,West Pokot,Sub-District Hospital,Ministry of Health,30,0,f,f,Operational,1.233333,35.116667
14331,Chepchabas Dispensary,Bomet,Konoin,Dispensary,Ministry of Health,6,0,f,f,Operational,-0.783333,35.35
14332,Chepchoina Dispensary,Trans Nzoia,Kwanza,Dispensary,Ministry of Health,0,0,f,f,Operational,1.016667,34.983333
14333,Chepcholiet Dispensary,Kericho,Londiani,Dispensary,Ministry of Health,4,0,f,f,Operational,-0.366667,35.283333
14334,Chepgoiben Dispensary,Kericho,Belgut,Dispensary,Private Enterprise (Institution),0,0,f,f,Operational,-0.366667,35.283333
14335,Chepkanga Health Centre,Uasin Gishu,Eldoret East,Health Centre,Ministry of Health,0,0,f,f,Operational,0.514277,35.269779
14336,Chepkechir Dispensary,West Pokot,West Pokot,Dispensary,Ministry of Health,0,0,f,f,Operational,1.233333,35.116667
14337,Chepkemel Dispensary,Uasin Gishu,Eldoret West,Dispensary,Ministry of Health,0,0,f,f,Operational,0.516667,35.283333
14338,Chepkemel Health Centre (Kericho),Kericho,Belgut,Health Centre,Ministry of Health,8,2,f,f,Operational,-0.366667,35.283333
20740,Chepkerer Dispensary,Bungoma,Mt Elgon,Dispensary,Ministry of Health,0,0,f,f,Operational,0.566667,34.566667
14340,Chepkero Dispensary,Uasin Gishu,Eldoret East,Dispensary,Ministry of Health,0,0,f,f,Operational,0.516667,35.283333
14341,Chepkigen Dispensary,Uasin Gishu,Wareng,Dispensary,Ministry of Health,0,0,f,f,Operational,0.514277,35.269779
14343,Chepkoilel Campus Dispensary,Uasin Gishu,Eldoret East,Dispensary,Ministry of Health,0,0,f,f,Operational,0.514277,35.269779
18188,Chepkoiyo,Kericho,Kericho,Dispensary,Community,0,0,f,f,Operational,-0.366667,35.283333
21088,Chepkombe Dispensary,Kakamega,Kakamega East (Shinyalu),Dispensary,Ministry of Health,0,0,f,f,Operational,0.284767,34.752308
14345,Chepkongony Dispensary,Nandi,Nandi South,Dispensary,Ministry of Health,0,0,f,f,Operational,0.166667,35.133333
19011,Chepkono Medical Clinic,West Pokot,Pokot South,Medical Clinic,Private Practice - Nurse / Midwife,0,0,f,f,Operational,1.233333,35.116667
14342,Chepkopegh Dipensary,West Pokot,West Pokot,Dispensary,Ministry of Health,0,0,f,f,Operational,1.233333,35.116667
14346,Chepkorio Health Centre,Elgeyo Marakwet,Keiyo South,Health Centre,Ministry of Health,12,2,f,f,Operational,0.514277,35.269779
20518,Chepkosa Dispensary,Bomet,Chepalungu,Dispensary,Ministry of Health,4,2,f,f,Operational,-0.783333,35.35
14347,Chepkoton Dispensary,Kericho,Belgut,Dispensary,Ministry of Health,0,0,f,f,Operational,-0.366667,35.283333
15854,Chepkube Dispensary,Bungoma,Cheptais,Dispensary,Ministry of Health,0,0,f,f,Operational,0.566667,34.566667
14348,Chepkumia Dispensary,Nandi,Nandi Central,Dispensary,Ministry of Health,0,0,f,f,Operational,0.166667,35.133333
14349,Chepkunan Clinic,Nandi,Nandi South,Medical Clinic,Private Practice - Nurse / Midwife,0,0,f,f,Operational,0.166667,35.133333
14351,Chepkunyuk Dispensary,Nandi,Nandi East,Dispensary,Ministry of Health,0,0,f,f,Operational,0.166667,35.133333
14350,Chepkunyuk Dispensary (Kipkelion),Kericho,Kipkelion,Dispensary,Ministry of Health,4,0,f,f,Operational,-0.366667,35.283333
14352,Cheplambus Dispensary,Baringo,Baringo Central,Dispensary,Ministry of Health,0,0,f,f,Operational,0.466667,35.966667
14353,Cheplanget Dispensary,Kericho,Bureti,Dispensary,Ministry of Health,0,0,f,f,Operational,-0.366667,35.283333
14354,Cheplaskei Dispensary,Uasin Gishu,Eldoret West,Dispensary,Ministry of Health,0,0,f,f,Operational,0.516667,35.283333
17239,Cheplelabei Dispensary,Uasin Gishu,Eldoret West,Dispensary,Ministry of Health,0,0,f,f,Not-Operational,0.516667,35.283333
17629,Cheplengu Dispensary,Nandi,Chesumei,Dispensary,Ministry of Health,0,0,f,f,Operational,0.166667,35.133333
13523,Chepngombe Health Centre,Nyamira,Borabu,Health Centre,Ministry of Health,10,0,f,f,Operational,-0.633333,34.933333
14355,Chepngoror Dispensary,Uasin Gishu,Eldoret East,Dispensary,Ministry of Health,25,0,f,f,Operational,0.516667,35.283333
14356,Chepnyal Dispensary,West Pokot,West Pokot,Dispensary,Other Faith Based,0,0,f,f,Operational,1.233333,35.116667
20366,Chepnyal GOK Dispensary,West Pokot,West Pokot,Dispensary,Ministry of Health,0,0,f,f,Operational,1.233333,35.116667
14357,Cheppemma (AIC) Dispensary,Nakuru,Rongai,Dispensary,Other Faith Based,0,0,f,f,Operational,-0.303099,36.080026
14358,Chepsaita Dispensary,Uasin Gishu,Eldoret West,Dispensary,Ministry of Health,0,0,f,f,Operational,0.516667,35.283333
14359,Chepseon Dispensary,Kericho,Londiani,Dispensary,Ministry of Health,4,0,f,f,Operational,-0.366667,35.283333
14360,Chepseon Health Care Clinic,Kericho,Londiani,Medical Clinic,Private Enterprise (Institution),0,0,f,f,Operational,-0.366667,35.283333
14361,Chepseon Medical Clinic,Kericho,Londiani,Medical Clinic,Private Enterprise (Institution),0,0,f,f,Operational,-0.366667,35.283333
14362,Chepsir Dispensary,Kericho,Londiani,Dispensary,Ministry of Health,4,0,f,f,Operational,-0.366667,35.283333
18497,Chepsire Dispensary,Nandi,Nandi East,Dispensary,Ministry of Health,0,0,f,f,Operational,0.166667,35.133333
14363,Chepsiro Dispensary,Trans Nzoia,Trans Nzoia East,Dispensary,Ministry of Health,0,0,f,f,Operational,1.016667,34.983333
14364,Cheptabach Dispensary,Nandi,Nandi East,Dispensary,Ministry of Health,0,0,f,f,Operational,0.166667,35.133333
14365,Cheptabes Dispensary,Bomet,Konoin,Dispensary,Private Enterprise (Institution),0,0,f,f,Operational,-0.783333,35.35
20735,Cheptagum Dispensary,Bomet,Chepalungu,Dispensary,Ministry of Health,4,2,f,f,Operational,-0.783333,35.35
18891,Cheptais Clinic,Bungoma,Cheptais,Medical Clinic,Private Practice - Nurse / Midwife,1,1,f,f,Operational,0.566667,34.566667
15855,Cheptais Sub District Hospital,Bungoma,Cheptais,Sub-District Hospital,Ministry of Health,14,0,f,f,Operational,0.566667,34.566667
14366,Cheptalal Sub-District Hospital,Bomet,Konoin,Sub-District Hospital,Ministry of Health,32,6,f,f,Operational,-0.783333,35.35
17334,Cheptangulgei Dispensary,Bomet,Sotik,Dispensary,Ministry of Health,0,0,f,f,Operational,-0.783333,35.35
19750,Cheptantan Dispensary,Trans Nzoia,Kwanza,Dispensary,Ministry of Health,0,0,f,f,Operational,1.016667,34.983333
18467,Cheptarit Dispensary,Nandi,Nandi North,Dispensary,Ministry of Health,0,0,f,f,Operational,0.166667,35.133333
19248,Cheptarit Med Clinic,Nandi,Nandi North,Medical Clinic,Private Practice - General Practitioner,0,0,f,f,Operational,0.166667,35.133333
14367,Cheptebo Dispensary,Elgeyo Marakwet,Keiyo South,Dispensary,Ministry of Health,0,0,f,f,Operational,,
14368,Chepterit Mission Health Centre,Nandi,Chesumei,Health Centre,Kenya Episcopal Conference-Catholic Secretariat,30,2,f,f,Operational,0.166667,35.133333
14370,Chepterwo Dispensary,Kericho,Bureti,Dispensary,Ministry of Health,0,0,f,f,Operational,-0.366667,35.283333
20329,Cheptiangwa Dispensary,West Pokot,Pokot South,Dispensary,Ministry of Health,0,0,f,f,Operational,1.233333,35.116667
17830,Cheptigit Dispensary,Uasin Gishu,Eldoret East,Dispensary,Ministry of Health,2,0,f,f,Operational,0.516667,35.283333
17013,Cheptilil Dispensary,Nandi,Nandi East,Dispensary,Ministry of Health,0,0,f,f,Operational,0.166667,35.133333
17024,Cheptingwich Dispensary,Nandi,Nandi South,Dispensary,Ministry of Health,0,0,f,f,Operational,0.166667,35.133333
14372,Cheptobot Dispensary,Elgeyo Marakwet,Marakwet East,Health Centre,Ministry of Health,0,0,f,f,Operational,,
14373,Cheptongei Dispensary,Elgeyo Marakwet,Marakwet West,Dispensary,Ministry of Health,0,0,f,f,Operational,,
14374,Cheptuech Dispensary,Nakuru,Kuresoi,Dispensary,Ministry of Health,0,0,f,f,Operational,-0.303099,36.080026
14375,Cheptuiyet Dispensary,Kericho,Belgut,Dispensary,Ministry of Health,4,0,f,f,Operational,-0.366667,35.283333
19809,Dr Ndambuki Clinic,Kirinyaga,Kirinyaga Central,Medical Clinic,Private Practice - Medical Specialist,0,0,f,f,Operational,-0.5,37.283333
19095,Dr Ndanya Medical Clinic,Laikipia,Laikipia East,Medical Clinic,Private Enterprise (Institution),0,0,f,f,Operational,0.366667,37.033333
14419,Dr Njoroge Clinic,Laikipia,Laikipia East,Medical Clinic,Private Practice - Unspecified,0,0,f,f,Operational,0.366667,37.033333
19423,Dr Nzuki Hildapaed Clinic,Nairobi,Starehe,Medical Clinic,Private Practice - Medical Specialist,0,0,f,f,Operational,-1.286389,36.817223
18182,Dr Ogaro Medical Clinic,Uasin Gishu,Eldoret West,Medical Clinic,Private Practice - General Practitioner,0,0,f,f,Operational,0.514277,35.269779
20122,Dr Ogindo's Clinic,Nakuru,Nakuru,Medical Clinic,Private Practice - General Practitioner,0,0,f,f,Operational,-0.303099,36.080026
20551,Dr Osore's Clinic,Nakuru,Nakuru,Medical Clinic,Private Practice - Medical Specialist,0,0,f,f,Operational,-0.303099,36.080026
19426,Dr Parmar Clinic,Nairobi,Starehe,Medical Clinic,Private Practice - General Practitioner,0,0,f,f,Operational,-1.286389,36.817223
19480,Dr Parmar Medical Clinic (Nairobi),Nairobi,Starehe,Medical Clinic,Private Practice - General Practitioner,0,0,f,f,Operational,-1.286389,36.817223
19062,Dr Rajesh Gandhi Clinic,Meru,Imenti North,Medical Clinic,Private Practice - General Practitioner,0,0,f,f,Operational,0.05,37.65
11352,Dr Safdar S Saeed Clinic,Mombasa,Mvita,Medical Clinic,Private Practice - General Practitioner,0,0,f,f,Operational,-4.043477,39.668205
19675,Dr Samuel Njenga (Kitale Medical Centre),Trans Nzoia,Trans Nzoia West,Medical Clinic,Private Practice - Medical Specialist,0,0,f,f,Operational,1.016667,34.983333
18783,Axis Nursing Home,Mombasa,Mvita,Nursing Home,Private Practice - General Practitioner,4,0,f,f,Operational,-4.043477,39.668205
20475,Ayatya Dispensary,Baringo,Baringo North,Dispensary,Ministry of Health,0,0,f,f,Operational,0.466667,35.966667
11232,Azimio Medical Centre,Mombasa,Mvita,Medical Clinic,Private Enterprise (Institution),0,0,f,f,Operational,-4.043477,39.668205
11938,Azimio Medical Clinic (Meru South),Tharaka Nithi,Meru South,Medical Clinic,Private Enterprise (Institution),0,0,f,f,Operational,,
21218,B & L Healthcare(Naivasha),Nakuru,Naivasha,Medical Centre,Private Practice - General Practitioner,0,0,f,f,Operational,-1.286389,36.817223
10043,Baari Health Centre,Nyandarua,Nyandarua North,Health Centre,Ministry of Health,15,0,f,f,Operational,-0.183333,36.366667
17273,Baawa Community Dispensary,Samburu,Samburu Central,Dispensary,Private Practice - Unspecified,0,0,f,f,Operational,1.316667,36.983333
12876,Babadogo Health Centre,Nairobi,Ruaraka,Dispensary,Local Authority,0,0,f,f,Operational,-1.286389,36.817223
19296,Babito Medical Centre,Nairobi,Ruaraka,Medical Clinic,Private Practice - General Practitioner,0,0,f,f,Operational,-1.286389,36.817223
16477,Badana Dispensary,Isiolo,Garbatula,Dispensary,Ministry of Health,0,0,f,f,Operational,0.35,37.583333
18423,Badan-Rero Dispensary,Marsabit,Sololo,Dispensary,Ministry of Health,0,0,f,f,Operational,2.333333,37.983333
11940,Badassa Dispensary,Marsabit,Marsabit,Dispensary,Ministry of Health,0,0,f,f,Operational,2.333333,37.983333
14222,Bagaria Dispensary,Nakuru,Njoro,Dispensary,Ministry of Health,0,0,f,f,Operational,-0.303099,36.080026
17190,Bahai Dispensary,Bungoma,Kimilili Bungoma,Dispensary,Ministry of Health,8,0,f,f,Operational,0.566667,34.566667
11234,Bahari Medical Clinic,Mombasa,Likoni,Medical Clinic,Private Enterprise (Institution),0,0,f,f,Operational,-4.043477,39.668205
18588,Bahari Medical Clinic Diani Beach,Kwale,Msambweni,Medical Clinic,Private Practice - Clinical Officer,0,0,f,f,Operational,-4.183333,39.45
21238,Baharini Dispensary,Uasin Gishu,Eldoret East,Dispensary,Ministry of Health,0,0,f,f,Operational,0.516667,35.283333
12878,Bahati Clinic,Nairobi,Makadara,Dispensary,Local Authority,0,0,f,f,Operational,-1.286389,36.817223
14223,Bahati Dispensary,Nakuru,Nakuru North,Dispensary,Ministry of Health,0,0,f,f,Operational,-0.303099,36.080026
14224,Bahati District Hospital,Nakuru,Nakuru North,District Hospital,Ministry of Health,65,5,f,f,Operational,-0.303099,36.080026
12879,Bahati Health Centre,Nairobi,Makadara,Health Centre,Local Authority,24,0,f,f,Operational,-1.286389,36.817223
21204,Bahati Hospital(Joska),Machakos,Matungulu,Medical Clinic,Private Practice - Clinical Officer,0,0,f,f,Operational,-1.286389,36.817223
18161,Bahati Medical Clinic (Lugari),Kakamega,Lugari,Medical Clinic,Private Practice - Nurse / Midwife,4,0,f,f,Operational,0.284767,34.752308
19088,Bahati Medical Clinic (West Pokot),West Pokot,West Pokot,Medical Clinic,Private Practice - Clinical Officer,0,0,f,f,Operational,1.016667,34.983333
17733,Bahati Medical Clinic Migori,Migori,Migori,Medical Clinic,Private Practice - General Practitioner,4,0,f,f,Operational,-1.066667,34.466667
16532,Bakarani Community Clinic,Mombasa,Kisauni,Medical Clinic,Private Enterprise (Institution),0,0,f,f,Operational,-4.043477,39.668205
11235,Bakarani Maternity and Nursing Home,Mombasa,Mvita,Nursing Home,Private Enterprise (Institution),8,0,f,f,Operational,-4.043477,39.668205
11236,Bakhita Dispensary,Kilifi,Malindi,Medical Clinic,Non-Governmental Organizations,0,0,f,f,Operational,-3.216667,40.116667
13298,Balambala Sub-District Hospital,Garissa,Balambala,Sub-District Hospital,Ministry of Health,8,2,f,f,Operational,-0.456944,39.658333
20686,Balatula Amin Dispensary,Wajir,Eldas,Dispensary,Ministry of Health,0,0,f,f,Operational,1.75,40.066667
21273,Baldo Ippolita Catholic Health Centre,Nairobi,Embakasi South,Medical Clinic,Private Practice - Nurse / Midwife,7,0,f,f,Operational,-1.286389,36.817223
11941,Balesa Dispensary,Marsabit,North Horr,Dispensary,Ministry of Health,0,0,f,f,Operational,2.333333,37.983333
13299,Balich Dispensary,Garissa,Garissa,Dispensary,Ministry of Health,0,0,f,f,Operational,-0.456944,39.658333
13493,Bama Hospital,Siaya,Siaya,Other Hospital,Private Enterprise (Institution),22,4,f,f,Operational,0.066667,34.283333
11237,Bamba Sub-District Hospital,Kilifi,Ganze,Sub-District Hospital,Ministry of Health,12,0,f,f,Operational,-3.633333,39.85
10044,Bamboo Health Centre,Nyandarua,Kinangop,Health Centre,Ministry of Health,24,3,f,f,Operational,-0.183333,36.366667
11239,Bamburi Dispensary,Mombasa,Kisauni,Dispensary,Local Authority,0,0,f,f,Operational,-4.043477,39.668205
11240,Bamburi Medicare,Mombasa,Kisauni,Medical Clinic,Private Enterprise (Institution),0,0,f,f,Operational,-4.043477,39.668205
13494,Bande Dispensary,Migori,Nyatike,Dispensary,Ministry of Health,2,0,f,f,Operational,-1.066667,34.466667
17074,Bangali Nomadic,Tana River,Bura,Dispensary,Ministry of Health,0,0,f,f,Operational,-1.5,40.033333
13300,Banisa Health Centre,Mandera,Banisa,Health Centre,Ministry of Health,3,0,f,f,Operational,3.933333,41.866667
14226,Banita Dispensary,Nakuru,Rongai,Dispensary,Ministry of Health,0,0,f,f,Operational,-0.303099,36.080026
15805,Banja Health Centre,Vihiga,Hamisi,Health Centre,Ministry of Health,5,0,f,f,Operational,0.083333,34.716667
19428,Bans Optical (Nairobi),Nairobi,Starehe,Eye Centre,Private Practice - Unspecified,0,0,f,f,Operational,-1.286389,36.817223
20634,Baobab Annex Clinic,Mombasa,Kisauni,Medical Clinic,Private Practice - Clinical Officer,0,0,f,f,Not-Operational,-4.043477,39.668205
11243,Baobab Clinic - Bamburi Cement,Mombasa,Kisauni,Medical Clinic,Private Enterprise (Institution),0,0,f,f,Operational,-4.043477,39.668205
17871,Baobab Medical Clinic,Kilifi,Kaloleni,Medical Clinic,Private Practice - Clinical Officer,0,0,f,f,Operational,-3.633333,39.85
11244,Baolala Dispensary,Kilifi,Malindi,Dispensary,Ministry of Health,0,0,f,f,Operational,-3.216667,40.116667
13495,Bar Achuth Dispensary,Siaya,Ugenya,Dispensary,Ministry of Health,4,0,f,f,Operational,0.066667,34.283333
13496,Bar Agulu Dispensary,Siaya,Siaya,Dispensary,Ministry of Health,0,0,f,f,Operational,0.066667,34.283333
13497,Bar Aluru Dispensary (Rarieda),Siaya,Rarieda,Dispensary,Ministry of Health,0,0,f,f,Operational,0.066667,34.283333
20206,Bar Hostess Empowerment and Support Programme (Makadara),Nairobi,Makadara,Medical Clinic,Non-Governmental Organizations,0,0,f,f,Pending Opening,-1.286389,36.817223
13498,Bar Korwa Dispensary,Kisumu,Seme,Dispensary,Kenya Episcopal Conference-Catholic Secretariat,7,1,f,f,Operational,-0.10221,34.761711
16784,Bar Ndege Dispensary,Siaya,Ugenya,Dispensary,Ministry of Health,4,0,f,f,Operational,0.066667,34.283333
14227,Baragoi Catholic Dispensary,Samburu,Samburu North,Dispensary,Kenya Episcopal Conference-Catholic Secretariat,1,0,f,f,Operational,1.316667,36.983333
20564,Dr Shanti Haria,Nakuru,Nakuru,Medical Clinic,Private Practice - Medical Specialist,0,0,f,f,Operational,-0.303099,36.080026
18183,Dr Sharma Medical Clinic,Kiambu,Ruiru,Medical Clinic,Private Practice - General Practitioner,0,0,f,f,Operational,-1.286389,36.817223
14422,Dr Somba Clinic,Laikipia,Laikipia East,Medical Clinic,Private Practice - Unspecified,0,0,f,f,Operational,0.366667,37.033333
19177,Dr Thuo's Clinic Kitengela,Kajiado,Isinya,Medical Clinic,Private Practice - General Practitioner,0,0,f,f,Operational,-1.85,36.783333
20550,Dr Walumbe Medical Clinic,Nakuru,Nakuru,Medical Clinic,Private Practice - General Practitioner,0,0,f,f,Operational,-0.303099,36.080026
14423,Dr Wenyaa Clinic,Nakuru,Nakuru,Medical Clinic,Private Practice - Medical Specialist,0,0,f,f,Operational,-0.303099,36.080026
11358,Dr Yunus Clinic,Kilifi,Malindi,Medical Clinic,Private Practice - Medical Specialist,0,0,f,f,Operational,-3.216667,40.116667
18981,Dr Z Gaza Clinic,Uasin Gishu,Eldoret West,Medical Clinic,Private Practice - General Practitioner,0,0,f,f,Operational,0.514277,35.269779
18429,Dr Zainab Essajee,Mombasa,Mvita,Medical Clinic,Private Practice - General Practitioner,0,0,f,f,Operational,-4.043477,39.668205
20844,Dr. Sangani's Clinic,Mombasa,Mvita,Medical Clinic,Private Practice - General Practitioner,0,0,f,f,Operational,-4.043477,39.668205
20393,Dr.Charles.J.R.Opondo (landmark plaza),Nairobi,Dagoretti North,Medical Clinic,Private Practice - Medical Specialist,0,0,f,f,Operational,-1.286389,36.817223
20394,Dr.Henry Wellington Alube (landmark plaza),Nairobi,Dagoretti North,Medical Clinic,Private Practice - General Practitioner,0,0,f,f,Operational,-1.286389,36.817223
20397,Dr.K.Gicheru(Upper Hill Centre),Nairobi,Dagoretti North,Medical Clinic,Private Practice - Medical Specialist,0,0,f,f,Operational,-1.286389,36.817223
12872,Arrow Web Maternity and Nursing Home,Nairobi,Embakasi Central,Nursing Home,Non-Governmental Organizations,14,2,f,f,Operational,-1.286389,36.817223
14217,Arsim Lutheran Dispensary,Samburu,Samburu North,Dispensary,Christian Health Association of Kenya,8,4,f,f,Operational,1.316667,36.983333
13487,Asat Beach Dispensary,Kisumu,Seme,Dispensary,Ministry of Health,1,0,f,f,Operational,-0.10221,34.761711
18039,Asembo Bay Health Clinic (Rarieda),Siaya,Rarieda,Medical Clinic,Private Practice - Clinical Officer,8,2,f,f,Operational,0.066667,34.283333
18751,Ash Community Health Centre,Trans Nzoia,Trans Nzoia West,Dispensary,Non-Governmental Organizations,4,2,f,f,Operational,1.016667,34.983333
13294,Ashabito Health Centre,Mandera,Mandera North,Health Centre,Ministry of Health,2,0,f,f,Operational,3.933333,41.866667
15762,ASN Upendo Village Dispensary,Nakuru,Naivasha,Dispensary,Kenya Episcopal Conference-Catholic Secretariat,0,0,f,f,Operational,-0.303099,36.080026
10039,ASPE Medical Clinic,Kiambu,Gatundu North,Medical Clinic,Private Practice - Nurse / Midwife,0,0,f,f,Operational,-1.166667,36.833333
11229,Assa Dispensary,Tana River,Tana Delta,Dispensary,Ministry of Health,0,0,f,f,Operational,-1.5,40.033333
18348,Association of Physically Disabled of Kenya,Nairobi,Westlands,Health Project,Non-Governmental Organizations,0,0,f,f,Operational,-1.286389,36.817223
14218,Assumption Sisters Dispensary,Elgeyo Marakwet,Keiyo,Dispensary,Other Faith Based,0,0,f,f,Operational,,
18661,Assumption Sisters Mbooni Clinic,Makueni,Mbooni West,Medical Clinic,Kenya Episcopal Conference-Catholic Secretariat,0,0,f,f,Operational,-1.8,37.616667
16987,Asumbi Annex Dispensary,Homa Bay,Homa Bay,Medical Clinic,Kenya Episcopal Conference-Catholic Secretariat,0,0,f,f,Operational,-0.516667,34.45
21118,Asumbi Teachers Training College,Homa Bay,Homa Bay,Medical Clinic,Private Practice - Nurse / Midwife,5,1,f,f,Operational,-0.516667,34.45
20916,Atakara Medical Clinic,Machakos,Matungulu,Medical Clinic,Private Practice - General Practitioner,0,0,f,f,Operational,-1.516667,37.266667
21266,Baraka Medical Clinic(Muranga),Murang'a,Kiharu,Medical Clinic,Private Practice - Clinical Officer,0,0,f,f,Operational,-0.716667,37.15
16289,Baraki Dispensary,Garissa,Lagdera,Dispensary,Ministry of Health,0,0,f,f,Operational,-0.456944,39.658333
11945,Barambate Dispensary,Isiolo,Garbatula,Dispensary,Ministry of Health,2,0,f,f,Operational,0.35,37.583333
17302,Bararget Dispensary,Nakuru,Kuresoi,Dispensary,Ministry of Health,0,0,f,f,Operational,-0.303099,36.080026
11946,Barazani Medical Clinic,Makueni,Nzaui,Dispensary,Private Practice - General Practitioner,0,0,f,f,Operational,-1.8,37.616667
18396,Barding Dispensary,Siaya,Siaya,Dispensary,Ministry of Health,0,0,f,f,Operational,0.066667,34.283333
18381,Bargain Medical Clinic,Nakuru,Nakuru,Medical Clinic,Private Practice - Clinical Officer,0,0,f,f,Operational,-0.303099,36.080026
10048,Baricho Catholic Health Centre,Kirinyaga,Kirinyaga West,Health Centre,Kenya Episcopal Conference-Catholic Secretariat,6,0,f,f,Operational,-0.5,37.283333
11248,Baricho Dispensary (Malindi),Kilifi,Magarini,Dispensary,Ministry of Health,0,0,f,f,Operational,-3.216667,40.116667
10049,Baricho Health Centre,Kirinyaga,Kirinyaga West,Health Centre,Ministry of Health,7,0,f,f,Operational,-0.5,37.283333
20968,Baringo County Beyond Zero Mobile Clinic,Baringo,Baringo Central,Medical Clinic,Ministry of Health,2,1,f,f,Operational,0.466667,35.966667
20697,Barmil Dispensary,Wajir,Wajir West,Dispensary,Ministry of Health,0,0,f,f,Operational,1.75,40.066667
14234,Barotion (AIC) Dispensary,Kericho,Londiani,Dispensary,Ministry of Health,4,0,f,f,Operational,-0.366667,35.283333
14235,Barpello Dispensary,Baringo,East Pokot,Dispensary,Ministry of Health,8,0,f,f,Operational,0.466667,35.966667
14236,Barsaloi Catholic Dispensary,Samburu,Samburu Central,Dispensary,Kenya Episcopal Conference-Catholic Secretariat,6,4,f,f,Operational,1.316667,36.983333
14237,Barsaloi GK Dispensary,Samburu,Samburu Central,Dispensary,Ministry of Health,0,0,f,f,Operational,1.316667,36.983333
16785,Bar-Sauri Dispensry,Siaya,Gem,Health Centre,Ministry of Health,0,0,f,f,Operational,0.066667,34.283333
18071,Barsheba Medical Clinic,Mombasa,Kisauni,Medical Clinic,Private Practice - Clinical Officer,5,0,f,f,Operational,-4.043477,39.668205
14239,Barsombe Dispensary,Uasin Gishu,Eldoret West,Dispensary,Ministry of Health,0,0,f,f,Operational,0.516667,35.283333
14240,Barsombe Dispensary (Turbo),Uasin Gishu,Eldoret West,Dispensary,Ministry of Health,0,0,f,f,Operational,0.516667,35.283333
14241,Bartabwa Dispensary,Baringo,Baringo North,Dispensary,Ministry of Health,0,0,f,f,Operational,0.466667,35.966667
14242,Bartolimo Dispensary,Baringo,Baringo North,Dispensary,Ministry of Health,0,0,f,f,Operational,0.466667,35.966667
17793,Barut Dispensary,Nakuru,Nakuru,Dispensary,Local Authority,0,0,f,f,Operational,-0.303099,36.080026
21142,Barut Medical clinic,Nakuru,Nakuru,Dispensary,Private Practice - General Practitioner,2,1,f,f,Operational,-0.303099,36.080026
13301,Barwaqo Clinic,Wajir,Wajir East,Medical Clinic,Private Enterprise (Institution),0,0,f,f,Operational,1.75,40.066667
13302,Barwaqo Dispensary,Wajir,Wajir East,Dispensary,Ministry of Health,0,0,f,f,Operational,1.75,40.066667
14243,Barwessa Health Centre,Baringo,Baringo North,Dispensary,Ministry of Health,5,0,f,f,Operational,0.466667,35.966667
11947,Basa Dispensary,Isiolo,Merti,Dispensary,Ministry of Health,2,0,f,f,Operational,0.35,37.583333
17855,Bashal Islamic Community Health Initiative,Garissa,Garissa,Health Centre,Supreme Council for Kenya Muslims,0,0,f,f,Operational,-0.456944,39.658333
13304,Batalu Dispensary,Wajir,Buna,Dispensary,Ministry of Health,0,0,f,f,Operational,1.75,40.066667
19701,Batian Clinical Services,Kajiado,Isinya,Medical Clinic,Private Practice - Clinical Officer,0,0,f,f,Operational,-1.85,36.783333
10051,Batian Eye Clinic,Nyeri,Nyeri Central,Eye Centre,Private Enterprise (Institution),0,0,f,f,Not-Operational,-0.416667,36.95
19125,Batian Flowers Clinic,Meru,Buuri,Medical Clinic,Private Practice - Nurse / Midwife,0,0,f,f,Operational,0.05,37.65
14245,Batian Medical Centre,Kajiado,Kajiado North,Medical Clinic,Private Practice - General Practitioner,0,0,f,f,Operational,-1.85,36.783333
19695,Batian Medical Centre Annex,Kajiado,Isinya,Medical Clinic,Private Practice - General Practitioner,0,0,f,f,Operational,-1.85,36.783333
20382,Bay Leaf Health Center,Mombasa,Mvita,Health Centre,Private Practice - General Practitioner,6,2,f,f,Operational,-4.043477,39.668205
15806,Bay Way Medical Clinic,Vihiga,Emuhaya,Medical Clinic,Private Practice - Nurse / Midwife,8,0,f,f,Operational,0.083333,34.716667
10054,Bcj Medical Centre,Kirinyaga,Kirinyaga South,Medical Clinic,Private Practice - Nurse / Midwife,0,0,f,f,Operational,-0.533333,37.45
16667,Beacon of Hope Clinic (Kajiado),Kajiado,Kajiado North,Medical Clinic,Private Practice - General Practitioner,0,0,f,f,Operational,-1.85,36.783333
20642,Becca Medical Clinic,Makueni,Makueni,Medical Clinic,Ministry of Health,0,0,f,f,Operational,-1.8,37.616667
18626,Beggs Clinic,Kakamega,Likuyani,Medical Clinic,Private Practice - Nurse / Midwife,0,0,f,f,Operational,0.284767,34.752308
13500,Bekam Clinic,Nyamira,Nyamira North,Medical Clinic,Private Enterprise (Institution),1,0,f,f,Operational,-0.633333,34.933333
14246,Bekibon Dispensary,Baringo,Baringo Central,Dispensary,Ministry of Health,0,0,f,f,Operational,0.466667,35.966667
17085,Belgut Dispensary,Bomet,Bomet East,Dispensary,Ministry of Health,0,0,f,f,Operational,-0.783333,35.35
10055,Bellevue Health Centre,Nyeri,Kieni West,Health Centre,Ministry of Health,6,0,f,f,Operational,-0.416667,36.95
13305,Benane Health Centre,Garissa,Lagdera,Health Centre,Ministry of Health,0,0,f,f,Operational,-0.456944,39.658333
16786,Benga Bi Dispensary,Siaya,Siaya,Dispensary,Ministry of Health,0,0,f,f,Operational,0.066667,34.283333
16185,Bengo Medical Clinic,Kilifi,Rabai,Medical Clinic,Private Practice - Clinical Officer,0,0,f,f,Operational,-3.633333,39.85
14247,Benmac Clinic,Nakuru,Njoro,Medical Clinic,Private Enterprise (Institution),0,0,f,f,Operational,-0.303099,36.080026
10056,Bennedict XVI Dispensary,Laikipia,Nyahururu,Dispensary,Kenya Episcopal Conference-Catholic Secretariat,0,0,f,f,Operational,0.366667,37.033333
16695,Benon Dispensary,Trans Nzoia,Trans Nzoia East,Dispensary,Ministry of Health,0,0,f,f,Operational,1.016667,34.983333
13501,Benrose Clinic,Homa Bay,Homa Bay,Medical Clinic,Private Enterprise (Institution),0,0,f,f,Operational,-0.516667,34.45
17270,Bensu Health Care Medical Clinic,Meru,Igembe South,Medical Clinic,Private Practice - Nurse / Midwife,0,0,f,f,Operational,0.05,37.65
19873,Best Healthlife Clinic,Uasin Gishu,Wareng,Medical Clinic,Private Enterprise (Institution),3,3,f,f,Operational,0.516667,35.283333
16533,Beta Medical & Skin Clinic,Mombasa,Kisauni,Medical Clinic,Private Enterprise (Institution),0,0,f,f,Operational,-4.043477,39.668205
17542,Bethania Clinic,Nakuru,Gilgil,Nursing Home,Private Practice - Nurse / Midwife,8,4,f,f,Operational,-0.303099,36.080026
20835,Bethania Medical Clinic,Nakuru,Nakuru North,Medical Clinic,Private Practice - Nurse / Midwife,0,0,f,f,Operational,-0.303099,36.080026
10059,Bethany Clinic,Kirinyaga,Kirinyaga West,Medical Clinic,Private Practice - Clinical Officer,0,0,f,f,Operational,-0.5,37.283333
20816,Bethany Dispensary,Kwale,Matuga,Dispensary,Other Faith Based,0,0,f,f,Operational,-4.183333,39.45
19169,Choice Health Care,Garissa,Garissa,Medical Clinic,Private Practice - Clinical Officer,0,0,f,f,Operational,-0.456944,39.658333
15859,Chombeli Health Centre,Kakamega,Kakamega North (Malava),Health Centre,Ministry of Health,0,0,f,f,Operational,0.284767,34.752308
17418,Chomei Medical Clinic,Uasin Gishu,Wareng,Medical Clinic,Private Enterprise (Institution),0,0,f,f,Operational,0.514277,35.269779
19035,Chonesus Clinic,Nairobi,Kibra,Dispensary,Christian Health Association of Kenya,0,0,f,f,Operational,-1.286389,36.817223
17282,Chororget Dispensary,Elgeyo Marakwet,Keiyo South,Dispensary,Ministry of Health,0,0,f,f,Operational,,
21116,Chriska M edical Clinic,Trans Nzoia,Trans Nzoia West,Medical Clinic,Private Practice - Nurse / Midwife,2,2,f,f,Operational,1.016667,34.983333
19812,Christ Mary Anne Clinic,Kisii,Sameta,Medical Clinic,Private Practice - Unspecified,8,2,f,f,Operational,-0.683333,34.766667
17824,Christ The Healer,Kakamega,Kakamega East (Shinyalu),Health Centre,Other Faith Based,12,0,f,f,Operational,0.284767,34.752308
18483,Christamarianne Medical Clinic (Suneka),Kisii,Kisii South,Medical Clinic,Kenya Episcopal Conference-Catholic Secretariat,0,0,f,f,Operational,-0.683333,34.766667
13527,Christamarianne Mission Hospital,Kisii,Kisii Central,Other Hospital,Kenya Episcopal Conference-Catholic Secretariat,120,40,f,f,Operational,-0.683333,34.766667
10092,Christian Community Services Clinic Base Kerugoya,Kirinyaga,Kirinyaga Central,Dispensary,Christian Health Association of Kenya,0,0,f,f,Operational,-0.5,37.283333
11963,Christian Community Services Dispensary(Maua),Meru,Igembe South,Dispensary,Christian Health Association of Kenya,0,0,f,f,Operational,0.05,37.65
10093,Christian Community Services Wang'uru Dispensary,Kirinyaga,Kirinyaga South,Dispensary,Christian Health Association of Kenya,0,0,f,f,Operational,-0.5,37.283333
11971,Chugu Dispensary,Meru,Imenti North,Dispensary,Ministry of Health,0,0,f,f,Operational,0.05,37.65
14389,Chuiyat Dispensary,Uasin Gishu,Wareng,Dispensary,Ministry of Health,0,0,f,f,Operational,0.514277,35.269779
11972,Chuka Cottage Hospital,Tharaka Nithi,Meru South,Other Hospital,Kenya Episcopal Conference-Catholic Secretariat,56,8,f,f,Operational,,
11973,Chuka District Hospital,Tharaka Nithi,Meru South,District Hospital,Ministry of Health,85,2,f,f,Operational,,
18789,Chuka University Dispensary,Tharaka Nithi,Meru South,Dispensary,Academic (if registered),0,0,f,f,Operational,,
14390,Chukura Dispensary,Uasin Gishu,Eldoret West,Dispensary,Ministry of Health,0,0,f,f,Operational,0.516667,35.283333
11974,Chuluni Dispensary,Kitui,Nzambani,Dispensary,Ministry of Health,1,0,f,f,Operational,-1.366667,38.016667
13505,Boige Health Centre,Kisii,South Gucha,Health Centre,Ministry of Health,0,0,f,f,Operational,-0.683333,34.766667
11951,Boji Dispensary,Isiolo,Garbatula,Dispensary,Ministry of Health,2,0,f,f,Operational,0.35,37.583333
17072,Boka,Tana River,Bura,Dispensary,Ministry of Health,0,0,f,f,Operational,-1.5,40.033333
16974,Bokimai Dispensary,Kisii,South Gucha,Dispensary,Ministry of Health,0,0,f,f,Operational,-0.683333,34.766667
11254,Bokole CDF Dispensary,Mombasa,Changamwe,Dispensary,Ministry of Health,0,0,f,f,Operational,-4.043477,39.668205
16706,Bokoli Base Clinic,Bungoma,Bungoma East,Medical Clinic,Private Enterprise (Institution),0,0,f,f,Operational,0.566667,34.566667
15808,Bokoli Hospital,Bungoma,Bungoma East,Sub-District Hospital,Ministry of Health,14,0,f,f,Operational,0.566667,34.566667
11255,Bomani Dispensary,Kilifi,Kilifi South,Dispensary,Ministry of Health,0,0,f,f,Operational,-3.633333,39.85
12886,Bomas of Kenya Dispensary,Nairobi,Langata,Dispensary,Parastatal,0,0,f,f,Operational,-1.286389,36.817223
11256,Bombi Dispensary,Kilifi,Malindi,Dispensary,Ministry of Health,0,0,f,f,Operational,-3.216667,40.116667
16534,Bombolulu Staff Clinic,Mombasa,Kisauni,Medical Clinic,Private Enterprise (Institution),0,0,f,f,Operational,-4.043477,39.668205
16184,Bombululu Medical Clinic,Kilifi,Kaloleni,Medical Clinic,Private Practice - Clinical Officer,0,0,f,f,Operational,-3.633333,39.85
21171,Bomet County Beyond Zero Mobile Clinic,Bomet,Bomet Central,Medical Clinic,Ministry of Health,0,0,f,f,Operational,-0.783333,35.35
14261,Bomet Health Centre,Bomet,Bomet Central,Health Centre,Ministry of Health,0,0,f,f,Operational,-0.783333,35.35
11258,Bomu Medical Hospital (Changamwe),Mombasa,Changamwe,Other Hospital,Non-Governmental Organizations,39,14,f,f,Operational,-4.043477,39.668205
16441,Bona Medical Clinic,Mombasa,Kisauni,Medical Clinic,Private Enterprise (Institution),0,0,f,f,Operational,-4.043477,39.668205
13506,Bonde Dispensary,Kisumu,Nyakach,Dispensary,Ministry of Health,0,0,f,f,Operational,-0.10221,34.761711
17432,Bethany Health Services Clinic,Makueni,Nzaui,Dispensary,Private Practice - Nurse / Midwife,0,0,f,f,Operational,-1.8,37.616667
10061,Bethel Medical Clinic,Kiambu,Ruiru,Medical Clinic,Private Practice - Nurse / Midwife,0,0,f,f,Operational,-1.166667,36.833333
14250,Bethelm Clinic,Kajiado,Kajiado North,Medical Clinic,Private Practice - General Practitioner,0,0,f,f,Operational,-1.85,36.783333
18935,Bethezda Medical Clinic,Nandi,Nandi East,Medical Clinic,Private Practice - Clinical Officer,0,0,f,f,Operational,0.166667,35.133333
14251,Bethsaida (AIC) Clinic (Nakuru),Nakuru,Nakuru,Dispensary,Christian Health Association of Kenya,0,0,f,f,Operational,-0.303099,36.080026
19921,Bethsaida Catholic Dispensary,Kiambu,Kiambu,Medical Clinic,Kenya Episcopal Conference-Catholic Secretariat,0,0,f,f,Operational,-1.166667,36.833333
17777,Bethsaida CFW Bamako,Kirinyaga,Kirinyaga West,Dispensary,Non-Governmental Organizations,0,0,f,f,Operational,-0.5,37.283333
19051,Bethsaida Grandcure Medical Clinic,Tharaka Nithi,Maara,Medical Clinic,Private Practice - Nurse / Midwife,0,0,f,f,Operational,,
10067,Bethsaida Medical Clinic (Gatundu),Kiambu,Gatundu,Medical Clinic,Private Practice - Clinical Officer,0,0,f,f,Operational,-1.166667,36.833333
19411,Betta Health Care,Meru,Igembe South,Medical Clinic,Private Enterprise (Institution),0,0,f,f,Operational,0.05,37.65
14253,Better Health Services,Nakuru,Naivasha,Medical Clinic,Private Practice - Nurse / Midwife,0,0,f,f,Operational,-1.286389,36.817223
11251,Better off Knowing Stand Alone VCT Centre (Liverpo,Kilifi,Malindi,VCT Centre (Stand-Alone),Other Public Institution,0,0,f,f,Not-Operational,-3.216667,40.116667
19053,Beula's Clinic,Kajiado,Kajiado North,Medical Clinic,Private Practice - Nurse / Midwife,0,0,f,f,Operational,-1.85,36.783333
19709,Bevans Medical Clinic,Nyeri,Mathira East,Medical Clinic,Private Practice - General Practitioner,0,0,f,f,Operational,-0.416667,36.95
20494,Bewa Medical clinic,Bungoma,Bungoma Central,Medical Clinic,Private Practice - Nurse / Midwife,0,0,f,f,Operational,0.566667,34.566667
18813,Bgp Block 10Ba Base Camp Clinic,Turkana,Turkana Central,Medical Clinic,Non-Governmental Organizations,0,0,f,f,Operational,3.116667,35.6
12883,Biafra Lions Clinic,Nairobi,Kamukunji,Medical Clinic,Local Authority,0,0,f,f,Operational,-1.286389,36.817223
12884,Biafra Medical Clinic,Nairobi,Kamukunji,Dispensary,Private Enterprise (Institution),0,0,f,f,Operational,-1.286389,36.817223
19602,Bibirioni Health Centre,Kiambu,Limuru,Health Centre,Christian Health Association of Kenya,8,3,f,f,Operational,-1.166667,36.833333
14221,Bible Faith Church Medical Services Dispensary,West Pokot,West Pokot,Dispensary,Other Faith Based,0,0,f,f,Operational,1.016667,34.983333
18532,Bidii Health Centre,Trans Nzoia,Trans Nzoia West,Health Centre,Ministry of Health,16,4,f,f,Operational,1.016667,34.983333
17900,Biftu Medical Clinic (Moyale),Marsabit,Moyale,Medical Clinic,Private Practice - Unspecified,0,0,f,f,Operational,2.333333,37.983333
10070,Bigem Clinic,Kirinyaga,Kirinyaga South,Medical Clinic,Private Practice - Nurse / Midwife,0,0,f,f,Operational,-0.5,37.283333
14255,Bigot Medical Clinic,Nakuru,Naivasha,Medical Clinic,Company Medical Service,0,0,f,f,Operational,-0.303099,36.080026
21255,Bilashaka Dispensary,Kwale,Matuga,Dispensary,Ministry of Health,0,0,f,f,Operational,-4.183333,39.45
20849,Biliqi Sericho Dispensary,Isiolo,Garbatula,Dispensary,Ministry of Health,0,0,f,f,Not-Operational,0.35,37.583333
20768,Biliqo Marara Dispensary,Isiolo,Merti,Dispensary,Ministry of Health,2,2,f,f,Operational,0.35,37.583333
16338,Bindura Dispensary,Uasin Gishu,Wareng,Dispensary,Other Faith Based,4,0,f,f,Operational,0.514277,35.269779
18666,Bingwa Dispensary,Bomet,Chepalungu,Dispensary,Ministry of Health,0,0,f,f,Operational,-0.783333,35.35
15163,Binyo Medical Clinic,Nakuru,Subukia,Medical Clinic,Private Practice - Clinical Officer,4,1,f,f,Not-Operational,-0.303099,36.080026
19788,Biotisho Ang' Medical Clinic,Samburu,Samburu Central,Medical Clinic,Private Practice - Nurse / Midwife,0,0,f,f,Pending Opening,1.316667,36.983333
14256,Biretwa health centre,Elgeyo Marakwet,Keiyo South,Health Centre,Ministry of Health,0,0,f,f,Operational,,
11955,Bishop Kioko Catholic Hospital,Machakos,Machakos,Other Hospital,Kenya Episcopal Conference-Catholic Secretariat,125,13,f,f,Operational,-1.516667,37.266667
14259,Bisil Health Centre,Kajiado,Kajiado Central,Health Centre,Ministry of Health,11,2,f,f,Operational,-1.85,36.783333
13502,Bitare Dispensary,Kisii,Kisii South,Dispensary,Ministry of Health,0,0,f,f,Operational,-0.683333,34.766667
16801,Al-Gadhir Clinic,Nairobi,Dagoretti North,Medical Clinic,Non-Governmental Organizations,0,0,f,f,Operational,-1.286389,36.817223
18009,Algadir Medical Clinic,Nakuru,Nakuru,Dispensary,Supreme Council for Kenya Muslims,0,0,f,f,Operational,-0.303099,36.080026
18982,Alhamdu Medical Clinic,Wajir,Habaswein,Medical Clinic,Private Practice - Nurse / Midwife,0,0,f,f,Operational,1.75,40.066667
13278,Al-Haqq Medical Clinic,Wajir,Wajir East,Medical Clinic,Private Enterprise (Institution),0,0,f,f,Operational,1.75,40.066667
19031,Alhidaya Medical Clinic,Wajir,Habaswein,Medical Clinic,Private Practice - Clinical Officer,0,0,f,f,Operational,-0.456944,39.658333
12869,Alice Nursing Home,Nairobi,Embakasi South,Nursing Home,Private Enterprise (Institution),8,2,f,f,Operational,-1.286389,36.817223
20882,Alika Medical Clinic,Kiambu,Kikuyu,Medical Clinic,Private Practice - Nurse / Midwife,0,0,f,f,Operational,-1.166667,36.833333
20249,Aliki Medical Centre,Kiambu,Kiambu,Medical Clinic,Private Practice - Nurse / Midwife,0,0,f,f,Operational,-1.286389,36.817223
17012,Alikune Dispensary,Garissa,Dadaab,Dispensary,Ministry of Health,0,0,f,f,Operational,-0.456944,39.658333
13281,Alimaow Health Centre,Wajir,Wajir East,Health Centre,Ministry of Health,5,0,f,f,Operational,1.75,40.066667
13282,Alinjugur Health Centre,Garissa,Fafi,Health Centre,Ministry of Health,0,0,f,f,Operational,-0.456944,39.658333
20636,All Care Medical Centre,Nairobi,Langata,Medical Clinic,Private Practice - Unspecified,0,0,f,f,Operational,-1.286389,36.817223
10021,All Day Medical Clinic,Murang'a,Mathioya,Medical Clinic,Private Enterprise (Institution),0,0,f,f,Operational,-0.716667,37.15
17794,All Nation Medical Clinic,Nakuru,Subukia,Medical Clinic,Other Faith Based,0,0,f,f,Operational,-0.303099,36.080026
15793,All Saints Musaa,Kakamega,Kakamega Central (Lurambi),Medical Clinic,Private Enterprise (Institution),0,0,f,f,Not-Operational,0.284767,34.752308
15794,Alliance Clinic,Vihiga,Sabatia,Medical Clinic,Private Practice - Nurse / Midwife,0,0,f,f,Operational,0.083333,34.716667
17847,Alliance Medical Centre,Nairobi,Kamukunji,Medical Clinic,Private Enterprise (Institution),20,1,f,f,Operational,-1.286389,36.817223
13283,Al-Maaruf Clinic,Wajir,Wajir East,Medical Clinic,Private Enterprise (Institution),0,0,f,f,Operational,1.75,40.066667
16874,Almacy Medical  Clinic,Siaya,Bondo,Medical Clinic,Private Practice - Nurse / Midwife,2,0,f,f,Operational,0.066667,34.283333
19653,Alms House Dispensary,Mombasa,Mvita,Dispensary,Local Authority,0,0,f,f,Operational,-4.043477,39.668205
13285,Al-Mustaqim Clinic,Wajir,Wajir East,Medical Clinic,Private Enterprise (Institution),0,0,f,f,Not-Operational,1.75,40.066667
20823,Ace Africa (k) Wellness Centre,Bungoma,Bungoma South,VCT Centre (Stand-Alone),Non-Governmental Organizations,0,0,f,f,Operational,0.566667,34.566667
12791,Acef Ena Health Centre,Embu,Embu East,Health Centre,Other Faith Based,25,2,f,f,Operational,-0.533333,37.45
11918,ACK Dispensary (Isiolo),Isiolo,Isiolo,Dispensary,Christian Health Association of Kenya,2,0,f,f,Operational,0.35,37.583333
17980,ACK Kanunga Dispensary,Kiambu,Kiambu,Dispensary,Christian Health Association of Kenya,0,0,f,f,Operational,-1.166667,36.833333
19651,ACK Mwingi CHBC Clinic,Kitui,Mwingi Central,Dispensary,Christian Health Association of Kenya,0,0,f,f,Operational,-1.366667,38.016667
19704,ACK Nyandarua Medical Clinic,Nyandarua,Nyandarua Central,Medical Clinic,Christian Health Association of Kenya,0,0,f,f,Operational,-0.183333,36.366667
17473,ACK Tumaini Medical Clinic,Nyeri,Nyeri Central,Medical Clinic,Christian Health Association of Kenya,0,0,f,f,Operational,-0.416667,36.95
11196,ADC Danisa Dispensary,Kilifi,Malindi,Dispensary,Non-Governmental Organizations,0,0,f,f,Operational,-3.216667,40.116667
13267,Ademasajida Dispensary,Wajir,Wajir West,Dispensary,Ministry of Health,0,0,f,f,Operational,1.75,40.066667
13463,Adiedo Dispensary,Homa Bay,Rachuonyo North,Dispensary,Ministry of Health,4,2,f,f,Operational,-0.516667,34.45
13464,Administration Police Dispensary (Kisumu East),Kisumu,Kisumu East,Dispensary,Ministry of Health,0,0,f,f,Operational,-0.10221,34.761711
18171,Administration Police Senior Staff College Dispens,Makueni,Nzaui,Dispensary,Ministry of Health,0,0,f,f,Operational,-1.8,37.616667
20479,Adoma Medical Clinic,Migori,Awendo,Medical Clinic,Private Practice - Nurse / Midwife,2,0,f,f,Operational,-1.066667,34.466667
11198,Adu Dispensary,Kilifi,Magarini,Dispensary,Ministry of Health,0,0,f,f,Operational,-3.216667,40.116667
14185,Adurkoit Dispensary,West Pokot,West Pokot,Dispensary,Ministry of Health,0,0,f,f,Operational,1.233333,35.116667
18372,Advent Med & Dentist Care Centre,Nakuru,Nakuru,Medical Clinic,Private Practice - General Practitioner,0,0,f,f,Operational,-0.303099,36.080026
18535,Adventist Centre For Care and Support (Kilimani),Nairobi,Dagoretti North,VCT Centre (Stand-Alone),Other Faith Based,0,0,f,f,Operational,-1.286389,36.817223
13268,Africa Inland Church Dispensary,Wajir,Wajir East,Dispensary,Christian Health Association of Kenya,0,0,f,f,Operational,1.75,40.066667
13469,Airport Dispensary (Kisumu),Kisumu,Kisumu West,Dispensary,Local Authority,0,0,f,f,Operational,-0.10221,34.761711
11204,Airport View Medical Clinic,Mombasa,Changamwe,Medical Clinic,Private Enterprise (Institution),0,0,f,f,Operational,-4.043477,39.668205
18038,Airstrip Medical Clinic (Moyale),Marsabit,Moyale,Medical Clinic,Other Public Institution,0,0,f,f,Operational,2.333333,37.983333
20370,Airtech Medical Clinic,Kajiado,Kajiado North,Medical Clinic,Private Practice - Clinical Officer,0,0,f,f,Operational,-1.85,36.783333
14193,Aiyebo Dispensary,Baringo,Baringo North,Dispensary,Ministry of Health,0,0,f,f,Operational,0.466667,35.966667
18398,Ajam VCT,Kajiado,Kajiado North,VCT Centre (Stand-Alone),Non-Governmental Organizations,0,0,f,f,Operational,-1.85,36.783333
13272,Ajawa Health Centre,Wajir,Wajir North,Health Centre,Ministry of Health,0,0,f,f,Operational,1.75,40.066667
20430,Aka Khan  Medical Clinic,Trans Nzoia,Trans Nzoia West,Medical Clinic,Private Practice - Unspecified,0,0,f,f,Operational,1.016667,34.983333
11923,Akachiu Health Centre,Meru,Igembe South,Health Centre,Ministry of Health,8,2,f,f,Operational,0.05,37.65
13470,Akado Dispensary,Homa Bay,Mbita,Dispensary,Private Practice - Nurse / Midwife,2,0,f,f,Not-Operational,-0.516667,34.45
13471,Akala Health Centre,Siaya,Gem,Health Centre,Ministry of Health,0,0,f,f,Operational,0.066667,34.283333
17770,Akemo Medical Clinic,Mombasa,Likoni,Medical Clinic,Private Practice - Nurse / Midwife,4,0,f,f,Operational,-4.043477,39.668205
18764,Akicha Medical Services,Turkana,Turkana Central,Medical Clinic,Private Practice - Clinical Officer,0,0,f,f,Operational,3.116667,35.6
15792,Akichelesit Dispensary,Busia,Teso North,Dispensary,Ministry of Health,0,0,f,f,Operational,0.46,34.11
10604,Akshar Nursing Home,Kiambu,Kikuyu,Nursing Home,Private Enterprise (Institution),44,4,f,f,Operational,-1.166667,36.833333
20457,Akwichatis Health Centre,Baringo,East Pokot,Health Centre,Ministry of Health,0,0,f,f,Operational,0.466667,35.966667
19154,Al - Azhar Medical Clinic Centre,Wajir,Wajir East,Medical Clinic,Private Practice - Nurse / Midwife,0,0,f,f,Operational,1.75,40.066667
19149,Al - Bushra Medical Centre,Wajir,Wajir East,Medical Clinic,Private Enterprise (Institution),20,0,f,f,Operational,1.75,40.066667
19174,Al - Hayat Medicare,Wajir,Wajir East,Medical Clinic,Private Practice - Nurse / Midwife,0,0,f,f,Operational,1.75,40.066667
19204,Al - Nasri Medical Care,Wajir,Wajir East,Medical Clinic,Private Practice - Clinical Officer,0,0,f,f,Operational,1.75,40.066667
18769,Al Amin Nursing Home,Nairobi,Kamukunji,Health Centre,Private Practice - Clinical Officer,14,0,f,f,Operational,-1.286389,36.817223
17185,Al -Arbrar Medical Clinic,Samburu,Samburu Central,Medical Clinic,Private Practice - Clinical Officer,0,0,f,f,Operational,1.316667,36.983333
17628,Al Azhar Medical Clinic,Mombasa,Mvita,Medical Clinic,Private Practice - Nurse / Midwife,0,0,f,f,Operational,-4.043477,39.668205
11208,Al Farooq Hospital,Mombasa,Mvita,Other Hospital,Private Enterprise (Institution),17,4,f,f,Operational,-4.043477,39.668205
18997,Al Iklas Nursing Home,Garissa,Garissa,Nursing Home,Private Practice - Nurse / Midwife,2,0,f,f,Operational,-0.456944,39.658333
20963,AL Nur Medical Clinic & Laboratory,Kisumu,Kisumu East,Medical Clinic,Private Enterprise (Institution),0,0,f,f,Operational,-0.10221,34.761711
11207,Al-Agsa Medical Clinic,Mombasa,Mvita,Medical Clinic,Private Enterprise (Institution),0,0,f,f,Operational,-4.043477,39.668205
14196,Alale (AIC) Health Centre,West Pokot,North Pokot,Health Centre,Christian Health Association of Kenya,8,1,f,f,Operational,1.016667,34.983333
16367,Alale Health Centre,West Pokot,North Pokot,Health Centre,Ministry of Health,30,0,f,f,Operational,1.233333,35.116667
17886,Al-Amin Medical Clinic,Kilifi,Malindi,Medical Clinic,Private Practice - Clinical Officer,0,0,f,f,Operational,-3.216667,40.116667
17899,Albilal Medical Clinic (Moyale),Marsabit,Moyale,Medical Clinic,Private Practice - Unspecified,0,0,f,f,Operational,2.333333,37.983333
16530,Al-Bir Medical Centre,Mombasa,Kisauni,Medical Clinic,Private Enterprise (Institution),0,0,f,f,Operational,-4.043477,39.668205
11210,Al-Bir Medical Centre (Kilindini),Mombasa,Changamwe,Medical Clinic,Private Enterprise (Institution),0,0,f,f,Operational,-4.043477,39.668205
19344,Aldai Medical Services,Nandi,Nandi East,Medical Clinic,Private Practice - Clinical Officer,0,0,f,f,Operational,0.166667,35.133333
16256,Alfa Clinic,Nyamira,Borabu,Dispensary,Private Enterprise (Institution),2,0,f,f,Operational,-0.633333,34.933333
11924,Alfalah Nursing Home,Isiolo,Isiolo,Health Centre,Supreme Council for Kenya Muslims,12,5,f,f,Operational,0.35,37.583333
13275,Al-Faruq Dispensary,Garissa,Garissa,Dispensary,Supreme Council for Kenya Muslims,0,0,f,f,Operational,-0.456944,39.658333
19629,Al-Firdaus Health Care,Mombasa,Mvita,Medical Clinic,Private Practice - General Practitioner,0,0,f,f,Operational,-4.043477,39.668205
19223,Aga Khan University Hospital - Embu,Embu,Manyatta,Other Hospital,Private Practice - Medical Specialist,0,0,f,f,Operational,-1.286389,36.817223
12868,Aga Khan University Hospital (Buruburu),Nairobi,Makadara,Dispensary,Private Enterprise (Institution),0,0,f,f,Operational,-1.286389,36.817223
20404,Aga Khan University Hospital (Capital Centre),Nairobi,Starehe,Medical Clinic,Private Practice - General Practitioner,0,0,f,f,Operational,-1.286389,36.817223
19335,Aga Khan University Hospital Clinic (Naivasha),Nakuru,Naivasha,Medical Clinic,Private Enterprise (Institution),0,0,f,f,Operational,-0.303099,36.080026
20205,Aga Khan University Hospital Kiambu Clinic,Kiambu,Kiambu,Medical Clinic,Private Practice - General Practitioner,0,0,f,f,Operational,-1.286389,36.817223
18738,Aga Khan University Hospital -New Machakos Medical,Machakos,Machakos,Medical Clinic,Private Practice - General Practitioner,0,0,f,f,Operational,-1.286389,36.817223
17857,Aga Khan University Hospital- Nyeri Medical Centre,Nyeri,Nyeri Central,Health Centre,Private Enterprise (Institution),0,0,f,f,Operational,-1.286389,36.817223
21029,Agakhan Kisii,Kisii,Kisii Central,Medical Clinic,Private Enterprise (Institution),0,0,f,f,Operational,-0.10221,34.761711
20226,Agakhan Medical Centre,Nakuru,Nakuru,Medical Clinic,Private Practice - General Practitioner,0,0,f,f,Operational,-0.303099,36.080026
13466,Agawo Dispensary,Homa Bay,Rachuonyo South,Dispensary,Ministry of Health,0,0,f,f,Operational,-0.516667,34.45
13467,Agenga Dispensary,Migori,Nyatike,Dispensary,Ministry of Health,2,0,f,f,Operational,-1.066667,34.466667
15790,Agenga Dispensary (Samia),Busia,Samia,Dispensary,Ministry of Health,0,0,f,f,Operational,0.46,34.11
20254,Agha Khan University Hospital (Kikuyu Medical Centre),Kiambu,Kikuyu,Other Hospital,Private Enterprise (Institution),0,0,f,f,Operational,-1.286389,36.817223
16452,Agma Clinic,Vihiga,Hamisi,Medical Clinic,Private Practice - Nurse / Midwife,0,0,f,f,Operational,0.083333,34.716667
19815,Agro Chemical Dispensary,Kisumu,Muhoroni,Dispensary,Private Enterprise (Institution),0,0,f,f,Operational,-0.10221,34.761711
10017,Aguthi Dispensary,Nyeri,Tetu,Dispensary,Ministry of Health,0,0,f,f,Operational,-0.416667,36.95
10018,Ahadi Maternity Services,Kiambu,Lari,Dispensary,Private Practice - Nurse / Midwife,6,0,f,f,Operational,-1.166667,36.833333
13468,Ahero County Hospital,Kisumu,Nyando,Other Hospital,Ministry of Health,30,0,f,f,Operational,-0.10221,34.761711
18291,Ahero Medical Centre,Kisumu,Nyando,Medical Clinic,Private Practice - Nurse / Midwife,26,0,f,f,Operational,-0.10221,34.761711
14191,Ahero Medical Clinic,Nakuru,Nakuru North,Medical Clinic,Private Practice - Nurse / Midwife,0,0,f,f,Operational,-0.303099,36.080026
18804,AHF Soko Clinic,Mombasa,Kisauni,Medical Clinic,Non-Governmental Organizations,0,0,f,f,Operational,-1.286389,36.817223
15791,Ahmadiya Hospital,Kakamega,Mumias,Other Hospital,Other Faith Based,0,0,f,f,Operational,0.284767,34.752308
18835,AIC Biribiriet Dispensary,Trans Nzoia,Trans Nzoia East,Dispensary,Other Faith Based,0,0,f,f,Operational,1.016667,34.983333
12093,AIC Dispensary (Isiolo),Isiolo,Isiolo,Dispensary,Christian Health Association of Kenya,4,4,f,f,Operational,0.35,37.583333
10283,AIC Gituru Dispensary,Murang'a,Kandara,Dispensary,Christian Health Association of Kenya,5,0,f,f,Operational,-0.716667,37.15
17431,AIC Kalamba Dispensary,Makueni,Nzaui,Dispensary,Other Faith Based,0,0,f,f,Operational,-1.8,37.616667
14178,AIC Litein Mission Hospital,Kericho,Bureti,Other Hospital,Other Faith Based,160,8,f,f,Operational,-0.366667,35.283333
12558,AIC Mukaa Dispensary,Makueni,Mukaa,Dispensary,Christian Health Association of Kenya,12,4,f,f,Operational,-1.8,37.616667
20071,AIC Mununga Dispensary,Murang'a,Kigumo,Dispensary,Christian Health Association of Kenya,0,0,f,f,Operational,-0.716667,37.15
18439,AIC Parkview Dispensary,Nakuru,Nakuru,Dispensary,Christian Health Association of Kenya,3,1,f,f,Operational,-0.303099,36.080026
12860,AIC Zombe  Dispensary,Kitui,Mutitu,Dispensary,Christian Health Association of Kenya,8,0,f,f,Operational,-1.366667,38.016667
20736,AIDS Health Care Foundation Parklands Clinic,Nairobi,Westlands,Medical Clinic,Private Enterprise (Institution),0,0,f,f,Operational,-1.286389,36.817223
20538,Aimon med clinic,Nairobi,Ruaraka,Medical Clinic,Private Practice - Nurse / Midwife,0,0,f,f,Operational,-1.286389,36.817223
20030,Aina Onlus,Meru,Tigania West,Dispensary,Other Faith Based,0,0,f,f,Operational,0.05,37.65
16350,Ainabkoi (RCEA) Health Centre,Uasin Gishu,Eldoret East,Health Centre,Ministry of Health,2,0,f,f,Operational,0.514277,35.269779
19885,Ainamoi Dispensary,Nakuru,Kuresoi,Dispensary,Ministry of Health,0,0,f,f,Operational,-0.303099,36.080026
14192,Ainamoi Health Centre,Kericho,Kericho,Health Centre,Ministry of Health,24,3,f,f,Operational,-0.366667,35.283333
20944,AIPCA Mahinga Dispensary,Nyandarua,Kinangop,Dispensary,Other Faith Based,0,0,f,f,Operational,-0.183333,36.366667
11922,Air Port Medical Centre,Machakos,Athi River,Medical Clinic,Private Enterprise (Institution),2,1,f,f,Operational,-1.516667,37.266667
14263,Bondeni Dispensary (Nakuru Central),Nakuru,Nakuru,Dispensary,Local Authority,0,0,f,f,Operational,-0.303099,36.080026
14265,Bondeni Maternity,Nakuru,Nakuru,Maternity Home,Ministry of Health,20,12,f,f,Operational,-0.303099,36.080026
21193,Bondo Dispensary,Migori,Migori,Dispensary,Ministry of Health,2,0,f,f,Operational,-1.066667,34.466667
13507,Bondo District Hospital,Siaya,Bondo,District Hospital,Ministry of Health,49,2,f,f,Operational,0.066667,34.283333
18053,Bondo Nyironge Medical Clinic,Migori,Migori,Medical Clinic,Private Enterprise (Institution),2,0,f,f,Operational,-1.066667,34.466667
18096,Bondo Town VCT,Siaya,Bondo,VCT Centre (Stand-Alone),Non-Governmental Organizations,2,1,f,f,Operational,0.066667,34.283333
18097,Bondo University Clinic,Siaya,Bondo,Medical Clinic,Academic (if registered),2,0,f,f,Operational,0.066667,34.283333
17481,Bonjoge Dispensary,Nandi,Nandi South,Dispensary,Ministry of Health,0,0,f,f,Operational,0.166667,35.133333
13509,Bora Bora Clinic,Homa Bay,Ndhiwa,Medical Clinic,Private Enterprise (Institution),0,0,f,f,Operational,-0.516667,34.45
19962,Bora Imani Medical Clinic,Tana River,Tana Delta,Medical Clinic,Private Practice - Nurse / Midwife,0,0,f,f,Operational,-1.5,40.033333
11260,Borabu Medical Clinic,Mombasa,Kisauni,Medical Clinic,Private Enterprise (Institution),0,0,f,f,Operational,-4.043477,39.668205
13510,Borabu Nursing Home,Nyamira,Borabu,Nursing Home,Private Practice - Nurse / Midwife,10,0,f,f,Operational,-0.633333,34.933333
14267,Borana Dispensary,Laikipia,Laikipia North,Dispensary,Private Enterprise (Institution),2,0,f,f,Operational,0.366667,37.033333
13511,Borangi Health Centre,Kisii,Nyamache,Health Centre,Ministry of Health,0,0,f,f,Operational,-0.683333,34.766667
13512,Border Clinic,Migori,Kuria West,Medical Clinic,Private Enterprise (Institution),1,0,f,f,Operational,-1.066667,34.466667
14268,Border Medical Care,Kajiado,Kajiado Central,Medical Clinic,Private Enterprise (Institution),0,0,f,f,Operational,-1.85,36.783333
20309,Bore Singwaya Dispensary,Kilifi,Magarini,Dispensary,Community Development Fund,0,0,f,f,Operational,-3.216667,40.116667
17762,Borehole Five Dispensary,Garissa,Fafi,Dispensary,Ministry of Health,0,0,f,f,Operational,-0.456944,39.658333
21198,Afya Medical Clinic(Mwingi),Kitui,Mwingi Central,Medical Clinic,Private Practice - Clinical Officer,0,0,f,f,Pending Opening,-1.366667,38.016667
19645,Afya Medicare Clinic,Nyeri,Kieni East,Medical Clinic,Private Practice - Nurse / Midwife,0,0,f,f,Operational,-0.416667,36.95
18021,Afya Njema Medical Clinic (Nyeri North),Nyeri,Kieni East,Medical Clinic,Private Practice - Clinical Officer,0,0,f,f,Operational,-0.416667,36.95
18428,Afya Nursing Home (Moyale),Marsabit,Moyale,Nursing Home,Private Practice - Clinical Officer,20,4,f,f,Operational,2.333333,37.983333
19764,Afya Yako Medical Clinic,Nyeri,Nyeri Central,Medical Clinic,Private Practice - Clinical Officer,0,0,f,f,Operational,-0.416667,36.95
19082,Afya Yetu Medical Centre,Kajiado,Kajiado North,Medical Clinic,Private Practice - General Practitioner,0,0,f,f,Operational,-1.85,36.783333
20830,Afyafirst Medical Center,Mombasa,Mvita,Medical Clinic,Private Practice - General Practitioner,0,0,f,f,Operational,-4.043477,39.668205
19397,Afyamax Medical & Centre Dental,Nairobi,Roysambu,Medical Clinic,Private Practice - General Practitioner,0,0,f,f,Operational,-1.286389,36.817223
21137,Aga Khan,Laikipia,Laikipia West,Medical Clinic,Private Practice - General Practitioner,0,0,f,f,Operational,-1.286389,36.817223
20065,Aga Khan Clinic,Laikipia,Laikipia Central,Medical Clinic,Private Enterprise (Institution),0,0,f,f,Operational,0.366667,37.033333
20236,Aga Khan Clinic (Eastleigh),Nairobi,Kamukunji,Medical Clinic,Private Enterprise (Institution),5,0,f,f,Operational,-1.286389,36.817223
19457,Aga Khan Greenspam Medical Centre,Nairobi,Embakasi West,Medical Clinic,Private Practice - Unspecified,2,1,f,f,Operational,-1.286389,36.817223
20557,Aga Khan Health Service Bungoma Centre,Bungoma,Bungoma South,Medical Clinic,Private Practice - Medical Specialist,0,0,f,f,Operational,0.566667,34.566667
12867,Aga Khan Hospital,Nairobi,Westlands,Other Hospital,Private Enterprise (Institution),243,0,f,f,Operational,-1.286389,36.817223
20390,Aga Khan Hospital (Juja),Kiambu,Ruiru,Medical Centre,Private Enterprise (Institution),0,0,f,f,Operational,-1.166667,36.833333
20824,Aga Khan MC Kitale,Trans Nzoia,Trans Nzoia West,Medical Clinic,Private Enterprise (Institution),0,0,f,f,Operational,-0.10221,34.761711
20176,Aga Khan Medical Centre Kericho,Kericho,Kericho,Medical Clinic,Private Practice - General Practitioner,0,0,f,f,Operational,-0.366667,35.283333
11952,Bori Dispensary,Marsabit,Moyale,Dispensary,Ministry of Health,0,0,f,f,Operational,2.333333,37.983333
14269,Borrowonin Dispensary,Baringo,Baringo Central,Dispensary,Ministry of Health,0,0,f,f,Operational,0.466667,35.966667
18853,Boru Haro Model Health Centre,Marsabit,Marsabit,Health Centre,Ministry of Health,24,10,f,f,Operational,2.333333,37.983333
13514,Bosiango Health Centre,Nyamira,Nyamira,Health Centre,Ministry of Health,24,0,f,f,Operational,-0.633333,34.933333
13515,Bosongo Hospital,Kisii,Kisii Central,Other Hospital,Private Enterprise (Institution),35,10,f,f,Operational,-0.683333,34.766667
14270,Bossei Dispensary,Baringo,Baringo North,Dispensary,Ministry of Health,0,0,f,f,Operational,0.466667,35.966667
20713,Boston Medical Clinic,Nyandarua,Kinangop,Medical Clinic,Private Practice - Nurse / Midwife,0,0,f,f,Operational,-0.183333,36.366667
13311,Bour-Algy Dispensary,Garissa,Garissa,Dispensary,Ministry of Health,0,0,f,f,Operational,-0.456944,39.658333
20112,Bouti Dispensary,Kisii,Kisii Central,Dispensary,Ministry of Health,0,0,f,f,Operational,-0.683333,34.766667
13516,Boya Nursing Home,Kisumu,Nyando,Nursing Home,Private Enterprise (Institution),10,12,f,f,Operational,-0.10221,34.761711
15809,Boyani Dispensary,Vihiga,Hamisi,Dispensary,Other Faith Based,0,0,f,f,Operational,-0.10221,34.761711
17731,Brase Clinic and Eye Centre,Migori,Migori,Medical Clinic,Christian Health Association of Kenya,12,0,f,f,Operational,-1.066667,34.466667
19405,Bridging Out-Patient,Nairobi,Roysambu,Medical Clinic,Private Practice - General Practitioner,0,0,f,f,Operational,-1.286389,36.817223
19922,Brooks Health Care Medical Clinic,Kiambu,Kiambu,Medical Clinic,Private Practice - Clinical Officer,0,0,f,f,Operational,-1.166667,36.833333
18750,Brown's Memorial Medical Centre,Trans Nzoia,Trans Nzoia West,Nursing Home,Private Enterprise (Institution),12,2,f,f,Operational,1.016667,34.983333
11956,Bubisa Dispensary,Marsabit,Marsabit North,Dispensary,Ministry of Health,0,0,f,f,Operational,2.333333,37.983333
18120,Buburi Community Clinic,Busia,Samia,Medical Clinic,Non-Governmental Organizations,0,0,f,f,Operational,0.46,34.11
15810,Buchangu Dispensary,Kakamega,Kakamega Central (Lurambi),Dispensary,Ministry of Health,4,0,f,f,Operational,0.284767,34.752308
15811,Budalangi Dispensary,Busia,Bunyala,Dispensary,Ministry of Health,0,0,f,f,Operational,0.46,34.11
15812,Budonga Dispensary,Kakamega,Kakamega Central (Lurambi),Dispensary,Ministry of Health,4,0,f,f,Operational,0.284767,34.752308
15813,Buduta Dispensary,Busia,Samia,Dispensary,Ministry of Health,0,0,f,f,Operational,0.46,34.11
15814,Bugamangi Dispensary,Vihiga,Vihiga,Dispensary,Ministry of Health,2,1,f,f,Operational,0.083333,34.716667
11262,Bughuta Health Centre,Taita Taveta,Voi,Health Centre,Ministry of Health,0,0,f,f,Operational,,
15815,Bugina Health Centre,Vihiga,Sabatia,Health Centre,Ministry of Health,14,2,f,f,Operational,0.083333,34.716667
15816,Bujumba Dispensary,Busia,Butula,Dispensary,Other Faith Based,0,0,f,f,Operational,0.46,34.11
17156,Bukalama Dispensary,Busia,Busia,Dispensary,Ministry of Health,0,0,f,f,Operational,0.46,34.11
15817,Bukaya Health Centre,Kakamega,Mumias,Health Centre,Ministry of Health,12,0,f,f,Operational,0.284767,34.752308
15819,Bukembe Dispensary,Bungoma,Bungoma South,Dispensary,Ministry of Health,10,0,f,f,Operational,0.566667,34.566667
17158,Bukhalalire Dispensary,Busia,Butula,Dispensary,Ministry of Health,0,0,f,f,Operational,0.46,34.11
17850,Bukura Medical Clinic,Kakamega,Butere,Medical Clinic,Private Practice - Clinical Officer,1,1,f,f,Operational,0.284767,34.752308
18315,Bukwala SDA Dispensary,Kakamega,Khwisero,Dispensary,Other Faith Based,0,0,f,f,Operational,0.284767,34.752308
17011,Bulla Mzuri Dispensary,Garissa,Garissa,Dispensary,Ministry of Health,0,0,f,f,Operational,-0.456944,39.658333
19846,Amani MC,Trans Nzoia,Trans Nzoia West,Medical Clinic,Private Practice - Clinical Officer,0,0,f,f,Operational,1.016667,34.983333
13474,Amani Medical Centre (Suneka),Kisii,Kisii South,Medical Clinic,Private Enterprise (Institution),0,0,f,f,Operational,-0.683333,34.766667
20119,Amani Medical Clinic,Machakos,Machakos,Medical Clinic,Private Practice - Clinical Officer,2,2,f,f,Operational,-1.516667,37.266667
11218,Amani Medical Clinic (Likoni),Mombasa,Likoni,Medical Clinic,Private Practice - Nurse / Midwife,0,0,f,f,Operational,-4.043477,39.668205
11219,Amani Medical Clinic (Malindi),Kilifi,Magarini,Medical Clinic,Private Practice - Nurse / Midwife,0,0,f,f,Not-Operational,-3.216667,40.116667
19075,Amani Medical Clinic (Meru),Meru,Imenti North,Medical Clinic,Private Practice - Nurse / Midwife,0,0,f,f,Operational,0.05,37.65
18718,Amani Medical Clinic (Meru),Meru,Imenti North,Medical Clinic,Private Practice - Unspecified,0,0,f,f,Operational,0.05,37.65
17561,Amani Medical Clinic (Murungaru),Nyandarua,Nyandarua South,Medical Clinic,Private Practice - Nurse / Midwife,0,0,f,f,Operational,-0.183333,36.366667
17559,Amani Medical Clinic Magumu,Nyandarua,Kinangop,Medical Clinic,Private Practice - Nurse / Midwife,0,0,f,f,Operational,-0.183333,36.366667
18921,Amani Medical Clinic Yatta,Machakos,Machakos,Medical Clinic,Private Practice - Nurse / Midwife,0,0,f,f,Operational,-1.516667,37.266667
15797,Amase Dispensary,Busia,Teso South,Dispensary,Ministry of Health,0,0,f,f,Operational,0.46,34.11
13475,Amatierio Dispensary,Nyamira,Borabu,Health Centre,Ministry of Health,6,0,f,f,Operational,-0.633333,34.933333
19656,Amazing Grace M C,Nyandarua,Nyandarua West,Medical Clinic,Ministry of Health,0,0,f,f,Operational,-0.183333,36.366667
11927,Ambalo Dispensary,Marsabit,Sololo,Dispensary,Ministry of Health,0,0,f,f,Operational,2.333333,37.983333
13476,Ambira Sub-District Hospital,Siaya,Ugunja,Sub-District Hospital,Ministry of Health,50,0,f,f,Operational,0.066667,34.283333
10027,Amboni Dispensary,Nyeri,Kieni West,Dispensary,Ministry of Health,0,0,f,f,Operational,-0.416667,36.95
14200,Amboseli Dispensary,Kajiado,Loitoktok,Dispensary,Ministry of Health,4,0,f,f,Operational,-1.85,36.783333
14201,Amboseli Serena Lodge Clinic,Kajiado,Loitoktok,Medical Clinic,Company Medical Service,4,0,f,f,Operational,-1.85,36.783333
20136,AMEC Laboratories,Nakuru,Nakuru,Laboratory (Stand-alone),Private Enterprise (Institution),0,0,f,f,Operational,-0.303099,36.080026
19022,Amina Medical Clinic,Kilifi,Kilifi South,Medical Clinic,Private Practice - Nurse / Midwife,0,0,f,f,Operational,-3.633333,39.85
20170,Among'ura Community Dispensary,Busia,Teso South,Dispensary,Ministry of Health,0,0,f,f,Operational,0.46,34.11
16768,Amoyo Dispensary,Homa Bay,Ndhiwa,Dispensary,Ministry of Health,0,0,f,f,Operational,-0.516667,34.45
15798,Amukura Health Centre,Busia,Teso South,Health Centre,Ministry of Health,12,0,f,f,Operational,0.46,34.11
15799,Amukura Mission Health Centre,Busia,Teso South,Health Centre,Kenya Episcopal Conference-Catholic Secretariat,28,0,f,f,Operational,0.46,34.11
13288,Amuma Dispensary,Garissa,Fafi,Dispensary,Ministry of Health,0,0,f,f,Operational,-0.456944,39.658333
13289,Amuma Mobile Dispensary,Garissa,Fafi,Dispensary,Ministry of Health,0,0,f,f,Operational,-0.456944,39.658333
20116,Amurt Health care Centre (Malindi),Kilifi,Malindi,Health Centre,Non-Governmental Organizations,0,0,f,f,Operational,-1.286389,36.817223
11221,Amurt Health Centre (Likoni),Mombasa,Likoni,Medical Clinic,Private Enterprise (Institution),0,0,f,f,Operational,-4.043477,39.668205
17062,Amwamba Dispensary,Meru,Igembe South,Dispensary,Ministry of Health,0,0,f,f,Operational,0.05,37.65
16359,Ancilla Catholic Dispensary,Uasin Gishu,Eldoret West,Dispensary,Kenya Episcopal Conference-Catholic Secretariat,0,0,f,f,Operational,0.514277,35.269779
13477,Anding'o Opanga Dispensary,Kisumu,Nyakach,Dispensary,Ministry of Health,0,0,f,f,Operational,-0.10221,34.761711
17050,Angaga Dispensary,Migori,Awendo,Dispensary,Ministry of Health,0,0,f,f,Operational,-1.066667,34.466667
14205,Angata Health Centre,Narok,Trans Mara West - Dikirr,Health Centre,Ministry of Health,12,0,f,f,Operational,-1.083333,35.866667
17274,Angata Nanyokie Dispensary,Samburu,Samburu Central,Dispensary,Ministry of Health,0,0,f,f,Operational,1.316667,36.983333
18272,Angaza VCT,Nairobi,Embakasi Central,VCT Centre (Stand-Alone),Non-Governmental Organizations,0,0,f,f,Operational,-1.286389,36.817223
18923,Angels Health Services,Meru,Igembe South,Medical Clinic,Private Practice - Nurse / Midwife,0,0,f,f,Operational,0.05,37.65
13479,Ang'iya Dispensary,Homa Bay,Mbita,Dispensary,Ministry of Health,0,0,f,f,Operational,-0.516667,34.45
21236,Angola Community Dispensary,Kisumu,Kisumu East,Dispensary,Ministry of Health,0,0,f,f,Pending Opening,-0.10221,34.761711
15800,Angurai Health Centre,Busia,Teso North,Health Centre,Ministry of Health,12,0,f,f,Operational,0.46,34.11
13480,Anjego Dispensary,Migori,Migori,Dispensary,Ministry of Health,2,0,f,f,Operational,-1.066667,34.466667
18871,Ankamia Dispensary,Meru,Tigania East,Dispensary,Ministry of Health,0,0,f,f,Operational,0.05,37.65
10029,Anmer Dispensary,Kiambu,Kiambu,Dispensary,Ministry of Health,0,0,f,f,Operational,-1.166667,36.833333
16323,Annet Dispensary,West Pokot,Pokot Central,Dispensary,Ministry of Health,0,0,f,f,Operational,1.233333,35.116667
13481,Annex Clinic (Kenyenya),Kisii,Kenyenya,Medical Clinic,Private Enterprise (Institution),0,0,f,f,Operational,-0.683333,34.766667
14207,Annex Hospital (Nakuru),Nakuru,Nakuru,Other Hospital,Ministry of Health,60,22,f,f,Operational,-0.303099,36.080026
19904,Annex Medical Clinic,Embu,Mbeere North,Medical Clinic,Private Practice - Clinical Officer,0,0,f,f,Operational,-0.533333,37.45
18816,Annointed Medical Clinic,Kakamega,Mumias,Medical Clinic,Private Practice - Clinical Officer,0,0,f,f,Operational,0.284767,34.752308
10033,Annunciation Catholic Dispensary,Kiambu,Ruiru,Dispensary,Kenya Episcopal Conference-Catholic Secretariat,1,1,f,f,Operational,-1.033333,37.066667
20688,Anole Dispensary,Wajir,Eldas,Dispensary,Ministry of Health,0,0,f,f,Operational,1.75,40.066667
11930,Anona Dispensary,Marsabit,Sololo,Dispensary,Ministry of Health,0,0,f,f,Operational,2.333333,37.983333
11222,Ansar Medical Clinic,Mombasa,Changamwe,Medical Clinic,Private Enterprise (Institution),0,0,f,f,Not-Operational,-4.043477,39.668205
18618,Antodevi Medical Clinic,Meru,Igembe South,Medical Clinic,Private Enterprise (Institution),0,0,f,f,Operational,0.05,37.65
17718,Antubangai Catholic Dispensary,Meru,Igembe Central,Dispensary,Kenya Episcopal Conference-Catholic Secretariat,0,0,f,f,Operational,0.05,37.65
17068,Antubetwe Njoune Dispensary,Meru,Igembe Central,Dispensary,Ministry of Health,0,0,f,f,Pending Opening,0.05,37.65
17067,Antubochiu Dispensary,Meru,Igembe South,Dispensary,Ministry of Health,0,0,f,f,Operational,0.05,37.65
13482,Anyuongi Dispensary,Siaya,Bondo,Dispensary,Ministry of Health,0,0,f,f,Operational,0.066667,34.283333
21220,Anza Mapema-Drop in Dice,Kisumu,Kisumu East,Medical Clinic,Non-Governmental Organizations,0,0,f,f,Operational,-0.10221,34.761711
17649,Ap Buru Buru Disp,Mandera,Lafey,Dispensary,Ministry of Health,0,0,f,f,Operational,3.933333,41.866667
15801,Ap Line Dispensary,Kakamega,Kakamega Central (Lurambi),Dispensary,Ministry of Health,4,0,f,f,Operational,0.284767,34.752308
11931,Apdk Dispensary (Machakos),Machakos,Machakos,Dispensary,Ministry of Health,0,0,f,f,Operational,-1.516667,37.266667
18671,Aphia Disc 1 Nanyuki Transport,Laikipia,Laikipia East,Medical Clinic,Non-Governmental Organizations,0,0,f,f,Operational,0.366667,37.033333
20022,Aphia Plus Marps Dic Nanyuki,Laikipia,Laikipia East,Medical Clinic,Non-Governmental Organizations,0,0,f,f,Operational,-1.286389,36.817223
18790,Aphiaplus Drop-In Centre (Naivasha),Nakuru,Naivasha,Medical Clinic,Non-Governmental Organizations,0,0,f,f,Operational,-0.303099,36.080026
21136,Appex Clinic,Busia,Teso North,Medical Clinic,Private Practice - Clinical Officer,10,0,f,f,Operational,0.46,34.11
18934,Appex Medical Clinic,Nandi,Nandi East,Medical Clinic,Private Practice - Clinical Officer,0,0,f,f,Operational,0.166667,35.133333
15804,Approved Dispensary,Kakamega,Kakamega Central (Lurambi),Dispensary,Ministry of Health,0,0,f,f,Operational,0.284767,34.752308
11932,Approved School Dispensary (Machakos),Machakos,Machakos,Dispensary,Ministry of Health,4,0,f,f,Operational,-1.516667,37.266667
12871,APTC Health Centre,Nairobi,Embakasi East,Health Centre,Armed Forces,1,0,f,f,Operational,-1.286389,36.817223
11933,Apu Dispensary,Isiolo,Isiolo,Dispensary,Ministry of Health,2,0,f,f,Operational,0.35,37.583333
21168,Aqswaa Medical Clinic,Kwale,Msambweni,Medical Clinic,Private Practice - Nurse / Midwife,0,0,f,f,Operational,-4.183333,39.45
17572,Aqua Medical Clinic,Nyeri,Kieni East,Medical Clinic,Private Practice - Nurse / Midwife,0,0,f,f,Operational,-0.416667,36.95
14210,Aquilla Farm Medical Clinic,Nakuru,Naivasha,Medical Clinic,Company Medical Service,0,0,f,f,Operational,-0.303099,36.080026
13290,Arabia Health Centre,Mandera,Mandera East,Health Centre,Ministry of Health,0,0,f,f,Operational,3.933333,41.866667
14211,Arama Dispensary,Baringo,Koibatek,Dispensary,Ministry of Health,0,0,f,f,Operational,0.466667,35.966667
19660,Arara ENT Clinic,Trans Nzoia,Trans Nzoia West,Medical Clinic,Private Practice - Clinical Officer,0,0,f,f,Operational,1.016667,34.983333
19761,Arara ENT Clinic,Trans Nzoia,Trans Nzoia West,Not in List,Private Practice - Clinical Officer,0,0,f,f,Operational,1.016667,34.983333
13291,Arbajahan Health Centre,Wajir,Wajir West,Health Centre,Ministry of Health,0,0,f,f,Operational,1.75,40.066667
16286,Arbajahan Nomadic Mobile Clinic,Wajir,Wajir West,Dispensary,Ministry of Health,0,0,f,f,Operational,1.75,40.066667
13292,Arbaqueranso Dispensary,Wajir,Wajir East,Dispensary,Ministry of Health,0,0,f,f,Operational,1.75,40.066667
10036,Arcade Medical Clinic (Ruiru),Kiambu,Ruiru,Medical Clinic,Private Practice - Nurse / Midwife,0,0,f,f,Operational,-1.286389,36.817223
14212,Archers Post Health Centre,Samburu,Samburu East,Health Centre,Kenya Episcopal Conference-Catholic Secretariat,30,0,f,f,Operational,1.316667,36.983333
17202,Aren Medical Clinic,Kiambu,Limuru,Medical Clinic,Private Practice - Nurse / Midwife,0,0,f,f,Operational,-1.166667,36.833333
17977,Aren Medical Clinic,Kiambu,Limuru,Medical Clinic,Private Practice - Nurse / Midwife,0,0,f,f,Operational,-1.166667,36.833333
13293,Argane Dispensary,Wajir,Wajir South,Dispensary,Ministry of Health,0,0,f,f,Operational,1.75,40.066667
18319,Arimi Clinic and Laboratory,Embu,Manyatta,Medical Clinic,Private Practice - Nurse / Midwife,0,0,f,f,Operational,-0.533333,37.45
14213,Arimi Dispensary,Nakuru,Molo,Dispensary,Ministry of Health,0,0,f,f,Operational,-0.303099,36.080026
13484,Arito Langi Dispensary,Kisumu,Seme,Dispensary,Ministry of Health,0,0,f,f,Operational,-0.10221,34.761711
14197,Arjijo Dispensary,Laikipia,Laikipia North,Dispensary,Ministry of Health,4,1,f,f,Operational,0.366667,37.033333
18814,Armstrong,Kakamega,Mumias,Medical Clinic,Private Practice - Nurse / Midwife,1,1,f,f,Operational,0.284767,34.752308
13486,Arombe Dispensary,Migori,Migori,Dispensary,Ministry of Health,2,0,f,f,Operational,-1.066667,34.466667
17705,Arosa Dispensary,Marsabit,Moyale,Dispensary,Ministry of Health,0,0,f,f,Operational,2.333333,37.983333
14214,Arpollo Dispensary,West Pokot,Pokot Central,Dispensary,Ministry of Health,0,0,f,f,Operational,1.233333,35.116667
14215,Arroket Dispensary,Bomet,Sotik,Dispensary,Private Enterprise (Institution),2,0,f,f,Operational,-0.783333,35.35
14216,Arror Health Centre,Elgeyo Marakwet,Marakwet West,Health Centre,Kenya Episcopal Conference-Catholic Secretariat,34,0,f,f,Operational,,
15242,Mtaragon Health Centre,Kericho,Kipkelion,Health Centre,Ministry of Health,22,0,f,f,Operational,-0.366667,35.283333
19594,Mtaro Estate Dispensary and Family Planning,Kiambu,Ruiru,Dispensary,Non-Governmental Organizations,0,0,f,f,Operational,-1.166667,36.833333
11666,Mtepeni Dispensary,Kilifi,Kilifi South,Dispensary,Ministry of Health,0,0,f,f,Operational,-3.633333,39.85
17500,Mteremuko Medical Clinic,Bungoma,Bungoma South,Medical Clinic,Private Practice - Nurse / Midwife,0,0,f,f,Not-Operational,0.566667,34.566667
12547,Mtito andei Sub District,Makueni,Kibwezi,Sub-District Hospital,Ministry of Health,12,0,f,f,Operational,-1.8,37.616667
11667,Mtondia Dispensary,Kilifi,Kilifi North,Dispensary,Ministry of Health,0,0,f,f,Operational,-3.633333,39.85
11669,Mtongwe (MCM) Dispensary,Mombasa,Likoni,Dispensary,Local Authority,0,0,f,f,Operational,-4.043477,39.668205
18309,Mtoroni Dispensary,Kilifi,Magarini,Dispensary,Ministry of Health,0,0,f,f,Pending Opening,-3.216667,40.116667
11672,Mtwapa Health Centre,Kilifi,Kilifi South,Health Centre,Ministry of Health,0,0,f,f,Operational,-3.633333,39.85
11673,Mtwapa Nursing Home,Kilifi,Kilifi South,Nursing Home,Private Enterprise (Institution),13,4,f,f,Operational,-3.633333,39.85
12548,Mua Hills Dispensary,Machakos,Machakos,Dispensary,Ministry of Health,4,0,f,f,Operational,-1.516667,37.266667
17603,Muamba Dispensary,Kitui,Mutomo,Dispensary,Ministry of Health,0,0,f,f,Operational,-1.366667,38.016667
17816,Muangeni Dispensary,Kitui,Ikutha,Dispensary,Ministry of Health,0,0,f,f,Operational,-1.366667,38.016667
18066,Mubachi Dispensary,Migori,Migori,Dispensary,Ministry of Health,2,0,f,f,Not-Operational,-1.066667,34.466667
18127,Mubwekas Medical Clinic,Busia,Busia,Medical Clinic,Private Practice - Nurse / Midwife,0,0,f,f,Operational,0.46,34.11
12549,Muchagori Dispensary,Embu,Manyatta,Dispensary,Ministry of Health,0,0,f,f,Operational,-0.533333,37.45
18753,Mucharage Mlc,Trans Nzoia,Trans Nzoia West,Medical Clinic,Private Practice - Nurse / Midwife,1,1,f,f,Operational,1.016667,34.983333
17333,Muchatha Dispensary,Kiambu,Kiambu,Dispensary,Ministry of Health,0,0,f,f,Operational,-1.166667,36.833333
19831,Muchatha Medical Clinic,Kiambu,Kiambu,Medical Clinic,Private Practice - Nurse / Midwife,0,0,f,f,Operational,-1.166667,36.833333
13830,Muchebe Dispensary,Migori,Kuria West,Dispensary,Ministry of Health,0,0,f,f,Operational,-1.066667,34.466667
18269,Muchonoke Dispensary,Embu,Mbeere North,Dispensary,Ministry of Health,0,0,f,f,Operational,-0.533333,37.45
15243,Muchukwo Dispensary,Baringo,Baringo North,Dispensary,Ministry of Health,0,0,f,f,Operational,0.466667,35.966667
16476,Muchuro Dispensary,Isiolo,Garbatula,Dispensary,Ministry of Health,2,0,f,f,Operational,0.35,37.583333
11674,Mudzo Medical Clinic,Kilifi,Malindi,Medical Clinic,Private Practice - Clinical Officer,0,0,f,f,Not-Operational,-3.216667,40.116667
12550,Mufu Dispensary,Embu,Embu East,Dispensary,Ministry of Health,0,0,f,f,Operational,-0.533333,37.45
17510,Muga Medical Clinic,Nyandarua,Nyandarua West,Medical Clinic,Private Practice - Clinical Officer,0,0,f,f,Operational,-0.183333,36.366667
18779,Mugai Dispensary,Kakamega,Kakamega North (Malava),Dispensary,Ministry of Health,0,0,f,f,Operational,0.284767,34.752308
15244,Mugango Dispensary,Bomet,Bomet Central,Dispensary,Ministry of Health,0,0,f,f,Operational,-0.783333,35.35
10744,Mugeka Dispensary,Murang'a,Kiharu,Dispensary,Ministry of Health,0,0,f,f,Operational,-0.716667,37.15
19648,Mugi Medical Clinic,Nyeri,Mathira East,Medical Clinic,Private Practice - Nurse / Midwife,0,0,f,f,Operational,-0.416667,36.95
17597,Mugomari Dispensary,Kakamega,Kakamega East (Shinyalu),Dispensary,Community,3,1,f,f,Operational,0.284767,34.752308
12553,Mugui Dispensary,Embu,Embu East,Dispensary,Ministry of Health,0,0,f,f,Operational,-0.533333,37.45
16507,Mugumo Clinic/Laboratory,Kirinyaga,Kirinyaga Central,Laboratory (Stand-alone),Private Practice - Unspecified,0,0,f,f,Operational,-0.5,37.283333
19288,Mugumo Medical,Nairobi,Kasarani,Medical Clinic,Private Practice - General Practitioner,0,0,f,f,Operational,-1.286389,36.817223
10748,Mugumoini Dispensary (Muranga South),Murang'a,Muranga South,Dispensary,Ministry of Health,0,0,f,f,Operational,-0.716667,37.15
15246,Mugurin Dispensary,Baringo,Mogotio,Dispensary,Ministry of Health,6,0,f,f,Operational,0.466667,35.966667
18391,Mugutha (CDF) Dispensary,Kiambu,Ruiru,Dispensary,Ministry of Health,0,0,f,f,Operational,-1.166667,36.833333
16026,Muhabini Medical Clinic,Vihiga,Emuhaya,Medical Clinic,Private Practice - Nurse / Midwife,0,0,f,f,Operational,0.083333,34.716667
11676,Muhaka Dispensary,Kwale,Msambweni,Dispensary,Ministry of Health,0,0,f,f,Operational,-4.183333,39.45
16027,Muhaka Dispensary(Khwisero),Kakamega,Khwisero,Dispensary,Ministry of Health,0,0,f,f,Operational,0.284767,34.752308
18788,Muhamarani Dispensary,Lamu,Lamu West,Dispensary,Ministry of Health,0,0,f,f,Operational,-2.266667,40.9
13831,Muhoroni Sub-District Hospital,Kisumu,Muhoroni,Sub-District Hospital,Ministry of Health,32,0,f,f,Operational,-0.10221,34.761711
13832,Muhoroni Sugar Company (Musco) Dispensary,Kisumu,Muhoroni,Health Centre,Company Medical Service,0,0,f,f,Operational,-0.10221,34.761711
15247,Muhotetu Dispensary,Laikipia,Laikipia West,Dispensary,Ministry of Health,0,0,f,f,Operational,0.366667,37.033333
10752,Muhoya Medical Clinic,Nyeri,Tetu,Medical Clinic,Private Practice - Nurse / Midwife,0,0,f,f,Operational,-0.416667,36.95
20570,Muhuru Bay VCT Centre (Nyarami),Migori,Nyatike,VCT Centre (Stand-Alone),Non-Governmental Organizations,1,0,f,f,Operational,-1.066667,34.466667
12556,Mui Dispensary,Kitui,Mwingi East,Dispensary,Ministry of Health,0,0,f,f,Operational,-1.366667,38.016667
19848,Muiywek Dispensary,Bomet,Bomet Central,Dispensary,Ministry of Health,0,0,f,f,Operational,-0.783333,35.35
12557,Mujwa Dispensary,Meru,Meru Central,Dispensary,Kenya Episcopal Conference-Catholic Secretariat,0,0,f,f,Operational,0.05,37.65
20306,Mukameni Dispensary,Kitui,Kisasi,Dispensary,Ministry of Health,0,0,f,f,Pending Opening,-1.366667,38.016667
18536,Mukanga Dispensary (Muranga North),Murang'a,Kiharu,Dispensary,Ministry of Health,0,0,f,f,Operational,-0.716667,37.15
16387,Mukangu Health Centre,Kirinyaga,Kirinyaga West,Health Centre,Ministry of Health,0,0,f,f,Operational,-0.5,37.283333
17057,Mukarara Dispensary,Murang'a,Gatanga,Dispensary,Ministry of Health,0,0,f,f,Operational,-0.716667,37.15
10755,Mukeu (AIC) Dispensary,Nyandarua,Kinangop,Dispensary,Christian Health Association of Kenya,0,0,f,f,Operational,-0.183333,36.366667
16029,Mukhobola Health Centre,Busia,Bunyala,Health Centre,Ministry of Health,12,4,f,f,Operational,0.46,34.11
20046,Mukhweso Clinic,Kakamega,Kakamega Central (Lurambi),Medical Clinic,Private Practice - Nurse / Midwife,5,2,f,f,Operational,0.284767,34.752308
10756,Mukindu Dispensary,Nyandarua,Nyandarua Central,Dispensary,Ministry of Health,0,0,f,f,Operational,-0.183333,36.366667
10757,Mukoe Dispensary,Murang'a,Kandara,Dispensary,Ministry of Health,0,0,f,f,Operational,-0.716667,37.15
16863,Mukong'a Dispensary,Kitui,Mumoni,Dispensary,Ministry of Health,0,0,f,f,Operational,-1.366667,38.016667
12560,Mukothima Health Centre,Tharaka Nithi,Tharaka North,Health Centre,Kenya Episcopal Conference-Catholic Secretariat,27,0,f,f,Operational,0.05,37.65
13407,Muktar Dada Medical Clinic,Wajir,Wajir East,Medical Clinic,Private Enterprise (Institution),0,0,f,f,Operational,1.75,40.066667
12561,Mukui Health Centre,Tharaka Nithi,Maara,Health Centre,Ministry of Health,4,2,f,f,Operational,,
16030,Mukumu Hospital,Kakamega,Kakamega East (Shinyalu),Other Hospital,Other Faith Based,228,20,f,f,Operational,0.284767,34.752308
10758,Mukungi Dispensary,Nyandarua,Nyandarua South,Dispensary,Ministry of Health,0,0,f,f,Operational,-0.183333,36.366667
10759,Mukuria Dispensary,Murang'a,Kandara,Dispensary,Ministry of Health,0,0,f,f,Operational,-0.716667,37.15
13100,Mukuru Crescent Clinic,Nairobi,Starehe,Medical Clinic,Supreme Council for Kenya Muslims,0,0,f,f,Operational,-1.286389,36.817223
18463,Mukuru Health Centre,Nairobi,Embakasi South,Health Centre,Local Authority,24,2,f,f,Operational,-1.286389,36.817223
13101,Mukuru Mmm Clinic,Nairobi,Embakasi South,Dispensary,Kenya Episcopal Conference-Catholic Secretariat,0,0,f,f,Operational,-1.286389,36.817223
10763,Mukurweini District Hospital,Nyeri,Mukurweini,District Hospital,Ministry of Health,138,0,f,f,Operational,-0.416667,36.95
12562,Mukusu Dispensary,Machakos,Masinga,Dispensary,Ministry of Health,0,2,f,f,Operational,-1.516667,37.266667
15249,Mukutani Dispensary (East Pokot),Baringo,East Pokot,Dispensary,Ministry of Health,0,0,f,f,Operational,0.466667,35.966667
12563,Mukuuni Dispensary,Tharaka Nithi,Meru South,Dispensary,Ministry of Health,0,0,f,f,Operational,,
12564,Mukuuri Dispensary,Embu,Embu East,Dispensary,Ministry of Health,0,0,f,f,Operational,-0.533333,37.45
16031,Mukuyu Dispensary,Kakamega,Lugari,Dispensary,Ministry of Health,0,0,f,f,Operational,0.284767,34.752308
12565,Mukuyuni Health Centre,Makueni,Makueni,Health Centre,Ministry of Health,8,2,f,f,Operational,-1.8,37.616667
12566,Mulango (AIC) Health Centre,Kitui,Katulani,Health Centre,Christian Health Association of Kenya,8,2,f,f,Operational,-1.366667,38.016667
12567,Mulangoni Dispensary,Kitui,Tseikuru,Dispensary,Ministry of Health,1,2,f,f,Operational,-1.366667,38.016667
16032,Mulele Dispensary,Vihiga,Vihiga,Dispensary,Ministry of Health,2,0,f,f,Operational,0.083333,34.716667
16482,Mulembe Clinic,Kakamega,Kakamega South (Ikolomani),Medical Clinic,Private Enterprise (Institution),0,0,f,f,Operational,0.284767,34.752308
18815,Mulembe Medical Clinic,Kakamega,Mumias,Medical Clinic,Private Practice - Nurse / Midwife,2,1,f,f,Operational,0.284767,34.752308
15250,Mulemi Maternity Home,Nakuru,Naivasha,Nursing Home,Private Practice - Medical Specialist,12,0,f,f,Operational,-0.303099,36.080026
18863,Mulika Dispensary,Meru,Tigania East,Dispensary,Ministry of Health,0,0,f,f,Operational,0.05,37.65
16924,Muliluni Dispensary,Kitui,Mwingi Central,Dispensary,Ministry of Health,0,0,f,f,Operational,-1.366667,38.016667
18451,Mulimani Medical Clinic,Kakamega,Lugari,Medical Clinic,Private Practice - Nurse / Midwife,0,0,f,f,Operational,0.284767,34.752308
16936,Mulinde Dispensary,Kitui,Mwingi East,Dispensary,Ministry of Health,0,0,f,f,Operational,-1.366667,38.016667
15251,Mulot Catholic Dispensary,Narok,Narok South,Dispensary,Kenya Episcopal Conference-Catholic Secretariat,0,0,f,f,Operational,-1.083333,35.866667
18519,Mulot Dispensary,Bomet,Bomet Central,Dispensary,Ministry of Health,0,0,f,f,Not-Operational,-0.783333,35.35
17740,Mulot Health Centre,Narok,Narok South,Health Centre,Ministry of Health,8,0,f,f,Pending Opening,-1.083333,35.866667
13018,Multi Media University Dispensary,Nairobi,Langata,Dispensary,Parastatal,0,0,f,f,Operational,-1.286389,36.817223
18377,Multipurpose Village Health Care Centre,Nakuru,Nakuru,Medical Clinic,Private Practice - Nurse / Midwife,0,0,f,f,Operational,-0.303099,36.080026
12568,Mulundi Dispensary,Kitui,Kitui Central,Dispensary,Ministry of Health,0,0,f,f,Operational,-1.366667,38.016667
12569,Mulutu Mission Dispensary,Kitui,Tseikuru,Dispensary,Other Faith Based,0,0,f,f,Operational,-1.366667,38.016667
16033,Mulwanda Dispensary,Kakamega,Khwisero,Dispensary,Ministry of Health,0,0,f,f,Operational,0.284767,34.752308
10766,Mumbuini Dispensary,Kirinyaga,Kirinyaga South,Dispensary,Ministry of Health,0,0,f,f,Operational,-0.5,37.283333
16034,Mumbule Dispensary,Bungoma,Bungoma South,Dispensary,Ministry of Health,0,0,f,f,Operational,0.566667,34.566667
12571,Mumbuni Dispensary (Makueni),Makueni,Makueni,Dispensary,Ministry of Health,5,5,f,f,Operational,-1.8,37.616667
12574,Mumbuni Nursing Home,Kitui,Mwingi Central,Nursing Home,Private Practice - Nurse / Midwife,0,0,f,f,Operational,-1.366667,38.016667
16035,Mumias Model Health Centre,Kakamega,Mumias,Health Centre,Ministry of Health,0,0,f,f,Operational,0.284767,34.752308
18714,Mummy Medical Clinic,Meru,Imenti North,Medical Clinic,Private Practice - Unspecified,0,0,f,f,Operational,0.05,37.65
16039,Mummy's Medical Clinic,Vihiga,Emuhaya,Medical Clinic,Private Practice - Nurse / Midwife,1,0,f,f,Operational,0.083333,34.716667
12576,Mumoni Dispensary,Kitui,Mumoni,Dispensary,Ministry of Health,0,0,f,f,Operational,-1.366667,38.016667
21120,Mumoni Maternity and Nursing Home,Kitui,Tseikuru,Nursing Home,Private Practice - Nurse / Midwife,8,8,f,f,Operational,-1.366667,38.016667
18951,Mumui Dispensary,Meru,Tigania West,Dispensary,Ministry of Health,0,0,f,f,Operational,0.05,37.65
20596,Munanda Dispensary,Nakuru,Subukia,Dispensary,Ministry of Health,0,0,f,f,Operational,-0.303099,36.080026
21044,Mundembu Dispensary,Busia,Nambale,Dispensary,Ministry of Health,2,2,f,f,Operational,0.46,34.11
20062,Mundika Maternity & Nursing Home,Nairobi,Mathare,Nursing Home,Private Practice - Unspecified,0,0,f,f,Operational,-1.286389,36.817223
20516,Mundobelwa Health centre,Kakamega,Khwisero,Health Centre,Ministry of Health,4,2,f,f,Operational,0.284767,34.752308
16040,Mundoli Health Centre,Kakamega,Khwisero,Health Centre,Other Faith Based,8,0,f,f,Operational,0.284767,34.752308
17823,Mundoro Community,Kiambu,Gatundu,Dispensary,Community Development Fund,0,0,f,f,Operational,-1.166667,36.833333
18658,Mundoro Community Dispensary,Kiambu,Gatundu,Dispensary,Community Development Fund,0,0,f,f,Operational,-1.166667,36.833333
12577,Mundu Ta Mundu Clinic,Kitui,Mutitu,Medical Clinic,Private Enterprise (Institution),0,0,f,f,Operational,-1.366667,38.016667
10768,Mung'ang'a (ACK) Dispensary,Kirinyaga,Kirinyaga North,Dispensary,Christian Health Association of Kenya,0,0,f,f,Operational,-0.5,37.283333
17309,Mungaria Dispensary,Murang'a,Kandara,Dispensary,Ministry of Health,0,0,f,f,Operational,-0.716667,37.15
20672,Mungungune Dispensary,Kakamega,Butere,Dispensary,Ministry of Health,1,1,f,f,Pending Opening,0.284767,34.752308
15252,Mungwa Dispensary,Elgeyo Marakwet,Marakwet East,Dispensary,Ministry of Health,0,0,f,f,Operational,,
11677,Municipal Health Centre,Kilifi,Malindi,Health Centre,Ministry of Health,6,5,f,f,Operational,-3.216667,40.116667
16043,Munongo Dispensary,Busia,Busia,Dispensary,Ministry of Health,0,0,f,f,Operational,0.46,34.11
16044,Munoywa Dispensary,Vihiga,Sabatia,Dispensary,Ministry of Health,0,0,f,f,Operational,0.083333,34.716667
10771,Mununga Health Clinic,Murang'a,Kigumo,Medical Clinic,Private Practice - Nurse / Midwife,0,0,f,f,Operational,-0.716667,37.15
16807,Munyaka Dispensary,Nyandarua,Kinangop,Dispensary,Ministry of Health,0,0,f,f,Operational,-0.183333,36.366667
10772,Munyaka Medical Clinic,Nyeri,Tetu,Medical Clinic,Private Practice - Nurse / Midwife,0,0,f,f,Not-Operational,-0.416667,36.95
10773,Munyange (AIPCA) Dispensary,Nyeri,Nyeri South,Dispensary,Other Faith Based,0,0,f,f,Operational,-0.416667,36.95
16045,Munyanza Nursing Home,Kakamega,Khwisero,Nursing Home,Private Practice - Nurse / Midwife,10,0,f,f,Operational,0.284767,34.752308
10776,Munyu-Ini Dispensary,Kiambu,Gatundu,Dispensary,Ministry of Health,0,0,f,f,Operational,-1.166667,36.833333
16046,Munyuki Dispensary,Kakamega,Lugari,Dispensary,Ministry of Health,0,0,f,f,Operational,0.284767,34.752308
12578,Muono Dispensary,Kitui,Mwingi Central,Dispensary,Ministry of Health,0,0,f,f,Operational,-1.366667,38.016667
17523,Mur Malanga Dispensary,Siaya,Siaya,Dispensary,Ministry of Health,0,0,f,f,Operational,0.066667,34.283333
15253,Muramati Dispensary,Laikipia,Laikipia East,Dispensary,Ministry of Health,0,0,f,f,Operational,0.366667,37.033333
10777,Murang'a District Hospital,Murang'a,Kiharu,District Hospital,Ministry of Health,270,58,f,f,Operational,-0.716667,37.15
16431,Murantawa Dispensary,Kajiado,Kajiado North,Dispensary,Ministry of Health,0,0,f,f,Operational,-1.85,36.783333
19732,Murarandia Medical Clinic,Murang'a,Kahuro,Medical Clinic,Private Practice - Clinical Officer,0,0,f,f,Operational,-0.716667,37.15
21154,Murera Community Medical Centre,Kiambu,Ruiru,Medical Clinic,Private Practice - Clinical Officer,0,0,f,f,Operational,-1.033333,37.066667
10780,Mureru Dispensary,Nyeri,Kieni East,Dispensary,Ministry of Health,0,0,f,f,Operational,-0.416667,36.95
15254,Murgor Hills Dispensary,Uasin Gishu,Eldoret West,Dispensary,Ministry of Health,0,0,f,f,Operational,0.516667,35.283333
15255,Murgusi Dispensary,Uasin Gishu,Eldoret West,Dispensary,Ministry of Health,0,0,f,f,Not-Operational,0.516667,35.283333
16047,Murhanda Medical Clinic,Kakamega,Kakamega East (Shinyalu),Dispensary,Private Enterprise (Institution),0,0,f,f,Operational,0.284767,34.752308
15256,Muricho Dispensary,Nakuru,Rongai,Dispensary,Ministry of Health,0,0,f,f,Operational,-0.303099,36.080026
17191,Murindoku Dispensary,Nakuru,Kuresoi,Dispensary,Ministry of Health,0,0,f,f,Operational,-0.303099,36.080026
10781,Murinduko Health Centre,Kirinyaga,Kirinyaga South,Health Centre,Ministry of Health,8,0,f,f,Operational,-0.533333,37.45
12580,Muringombugi Clinic,Meru,Imenti North,Medical Clinic,Private Enterprise (Institution),0,0,f,f,Operational,0.05,37.65
20055,Murkwijit Dispensary,West Pokot,West Pokot,Dispensary,Ministry of Health,0,0,f,f,Operational,1.233333,35.116667
19012,Murpus Medical Clinic,West Pokot,Pokot South,Medical Clinic,Private Practice - Nurse / Midwife,0,0,f,f,Operational,1.233333,35.116667
17277,Muruangai Dispensary,Samburu,Samburu Central,Dispensary,Ministry of Health,0,0,f,f,Operational,1.316667,36.983333
16048,Murudef Clinic,Kakamega,Kakamega South (Ikolomani),Dispensary,Private Enterprise (Institution),0,0,f,f,Operational,0.284767,34.752308
16999,Muruguru Dispensary,Nyeri,Nyeri Central,Dispensary,Ministry of Health,0,0,f,f,Operational,-0.416667,36.95
20863,Muruguru Medical Clinic,Nyeri,Kieni West,Medical Clinic,Private Practice - Nurse / Midwife,0,0,f,f,Operational,-0.416667,36.95
10785,Muruka Dispensary,Murang'a,Kandara,Dispensary,Ministry of Health,0,0,f,f,Operational,-1.033333,37.066667
17033,Muruku Dispensary,Laikipia,Nyahururu,Dispensary,Ministry of Health,0,0,f,f,Operational,0.366667,37.033333
10786,Murungaru Health Centre,Nyandarua,Nyandarua South,Health Centre,Ministry of Health,6,0,f,f,Operational,-0.183333,36.366667
11653,Muryachakwe Dispensary,Kilifi,Ganze,Dispensary,Ministry of Health,0,0,f,f,Operational,-3.633333,39.85
12582,Musalala Dispensary,Makueni,Kilungu,Dispensary,Ministry of Health,2,0,f,f,Operational,-1.8,37.616667
16049,Musanda (ACK) Clinic,Kakamega,Mumias,Dispensary,Other Faith Based,0,0,f,f,Operational,0.284767,34.752308
21100,Musango Dispensary,Kakamega,Mumias East,Dispensary,Ministry of Health,2,0,f,f,Operational,0.284767,34.752308
17507,Musau Medical Clinic,Makueni,Nzaui,Medical Clinic,Private Practice - Clinical Officer,0,0,f,f,Operational,-1.8,37.616667
20042,Musavani Dispensary,Kitui,Tseikuru,Dispensary,Ministry of Health,0,0,f,f,Operational,-1.366667,38.016667
17501,Musco Clinic,Bungoma,Bungoma South,Medical Clinic,Private Practice - Nurse / Midwife,0,0,f,f,Operational,0.566667,34.566667
18507,Muselele,Kitui,Lower Yatta,Dispensary,Ministry of Health,0,0,f,f,Operational,-1.366667,38.016667
16865,Musembe Dispensary,Kakamega,Kakamega East (Shinyalu),Dispensary,Ministry of Health,0,0,f,f,Operational,0.284767,34.752308
16051,Musembe Dispensary (Lugari),Kakamega,Lugari,Dispensary,Ministry of Health,0,0,f,f,Operational,0.284767,34.752308
17447,Musengo Medical Clinic,Kitui,Kitui West,Medical Clinic,Private Practice - Nurse / Midwife,2,0,f,f,Operational,-1.366667,38.016667
20433,Muserechi  Dispensary,Baringo,Koibatek,Dispensary,Ministry of Health,0,0,f,f,Operational,0.466667,35.966667
12583,Museve Dispensary,Kitui,Kitui Central,Dispensary,Ministry of Health,0,0,f,f,Operational,-1.366667,38.016667
16486,Musibiriri Dispensary,Busia,Butula,Dispensary,Ministry of Health,0,0,f,f,Operational,0.46,34.11
17162,Musingini Dispensary,Machakos,Masinga,Dispensary,Ministry of Health,0,1,f,f,Operational,-1.516667,37.266667
16052,Musitinyi Dispensary,Vihiga,Emuhaya,Dispensary,Ministry of Health,6,6,f,f,Operational,0.083333,34.716667
18434,Muska Medical Centre,Nairobi,Kamukunji,Health Centre,Private Practice - Clinical Officer,7,0,f,f,Operational,-1.286389,36.817223
15260,Muskut Health Centre,Elgeyo Marakwet,Keiyo South,Health Centre,Ministry of Health,8,1,f,f,Operational,,
18660,Musoa SDA Dispensary,Makueni,Mbooni West,Dispensary,Other Faith Based,0,0,f,f,Operational,-1.8,37.616667
21046,Musokoto Dispensary,Busia,Nambale,Dispensary,Ministry of Health,2,2,f,f,Operational,0.46,34.11
16053,Musoli Health Clinic,Kakamega,Kakamega South (Ikolomani),Medical Clinic,Private Enterprise (Institution),0,0,f,f,Operational,0.284767,34.752308
16247,Musukini Dispensary,Kitui,Mwingi Central,Dispensary,Ministry of Health,0,0,f,f,Operational,-1.366667,38.016667
15261,Mutara Dispensary,Laikipia,Laikipia West,Dispensary,Ministry of Health,2,0,f,f,Operational,0.366667,37.033333
15262,Mutarakwa Dispensary (Molo),Nakuru,Njoro,Dispensary,Ministry of Health,0,0,f,f,Operational,-0.303099,36.080026
10788,Mutarakwa Dispensary (Nyandarua South),Nyandarua,Nyandarua South,Dispensary,Ministry of Health,0,0,f,f,Operational,-0.183333,36.366667
20401,Mutati Community Dispensary,Kiambu,Gatundu,Dispensary,Ministry of Health,0,0,f,f,Operational,-1.166667,36.833333
13103,Muteithania Medical Clinic,Nairobi,Dagoretti North,Health Centre,Private Enterprise (Institution),8,0,f,f,Operational,-1.286389,36.817223
19881,Mutelai Dispensary,Meru,Tigania West,Dispensary,Ministry of Health,0,0,f,f,Operational,0.05,37.65
12584,Mutembuku Dispensary,Makueni,Mbooni East,Dispensary,Ministry of Health,3,3,f,f,Operational,-1.8,37.616667
18931,Mutethia Clinic Magutuni,Tharaka Nithi,Maara,Medical Clinic,Private Practice - Nurse / Midwife,0,0,f,f,Operational,,
17661,Mutethia Medical Clinic,Meru,Igembe South,Medical Clinic,Private Practice - Nurse / Midwife,0,0,f,f,Operational,0.05,37.65
10789,Mutethia Medical Clinic (Nyeri South),Nyeri,Nyeri Central,Medical Clinic,Private Practice - Nurse / Midwife,0,0,f,f,Not-Operational,-0.416667,36.95
17450,Muthale East Medical Clinic,Kitui,Kitui West,Medical Clinic,Private Practice - Nurse / Midwife,5,0,f,f,Operational,-1.366667,38.016667
12587,Muthale Mission Hospital,Kitui,Kitui West,Other Hospital,Kenya Episcopal Conference-Catholic Secretariat,78,2,f,f,Operational,-1.366667,38.016667
18899,Muthale Mission Hospital Satelite Clinic,Kitui,Kitui Central,Medical Clinic,Kenya Episcopal Conference-Catholic Secretariat,0,0,f,f,Operational,-1.366667,38.016667
12590,Muthanthara Dispensary,Embu,Mbeere North,Dispensary,Ministry of Health,0,0,f,f,Operational,-0.533333,37.45
12591,Muthara Sub-District Hospital,Meru,Tigania East,Sub-District Hospital,Ministry of Health,17,3,f,f,Operational,0.05,37.65
15263,Muthegera Dispensary,Laikipia,Nyahururu,Dispensary,Ministry of Health,2,0,f,f,Operational,0.366667,37.033333
10791,Mutheru Dispensary,Murang'a,Kandara,Dispensary,Ministry of Health,0,0,f,f,Operational,-0.716667,37.15
12592,Muthesya Dispensary,Machakos,Masinga,Dispensary,Ministry of Health,0,1,f,f,Operational,-1.516667,37.266667
16175,Muthithi (PCEA) Dispensary,Murang'a,Muranga South,Dispensary,Christian Health Association of Kenya,0,0,f,f,Operational,-0.716667,37.15
10793,Muthithi Dispensary,Murang'a,Muranga South,Dispensary,Ministry of Health,0,0,f,f,Operational,-0.716667,37.15
17606,Muthue Dispenary,Kitui,Ikutha,Dispensary,Ministry of Health,0,0,f,f,Operational,-1.366667,38.016667
18673,Muthungue Dispensary,Kitui,Mutitu,Dispensary,Ministry of Health,1,0,f,f,Operational,-1.366667,38.016667
13104,Muthurwa Clinic,Nairobi,Starehe,Medical Clinic,Local Authority,0,0,f,f,Operational,-1.286389,36.817223
12596,Mutiluni Dispensary,Makueni,Mukaa,Dispensary,Ministry of Health,0,0,f,f,Operational,-1.8,37.616667
12597,Mutindwa Dispensary,Tharaka Nithi,Maara,Dispensary,Ministry of Health,0,0,f,f,Operational,,
16054,Muting'ong'o Dispensary,Kakamega,Kakamega North (Malava),Dispensary,Ministry of Health,0,0,f,f,Operational,0.284767,34.752308
17379,Mutiokiama Health Centre,Meru,Igembe South,Health Centre,Ministry of Health,0,0,f,f,Operational,0.05,37.65
10796,Mutira (ACK) Dispensary,Kirinyaga,Kirinyaga Central,Dispensary,Christian Health Association of Kenya,0,0,f,f,Operational,-0.5,37.283333
10797,Mutira Laboratory,Kirinyaga,Kirinyaga Central,Laboratory (Stand-alone),Private Enterprise (Institution),0,0,f,f,Operational,-0.5,37.283333
18349,Mutithi Dispensary,Murang'a,Muranga South,Dispensary,Ministry of Health,0,0,f,f,Operational,-0.716667,37.15
10798,Mutithi Health Centre,Kirinyaga,Kirinyaga North,Health Centre,Ministry of Health,8,1,f,f,Operational,-0.5,37.283333
12599,Mutito Catholic Dispensary,Kitui,Mutitu,Dispensary,Other Faith Based,2,0,f,f,Operational,-1.366667,38.016667
10799,Mutitu Community Dispensary,Kirinyaga,Kirinyaga Central,Dispensary,Ministry of Health,0,0,f,f,Operational,-0.5,37.283333
12600,Mutitu Dispensary,Machakos,Kathiani,Dispensary,Ministry of Health,2,0,f,f,Operational,-1.516667,37.266667
12601,Mutitu Sub-District Hospital,Kitui,Mutitu,Sub-District Hospital,Ministry of Health,7,0,f,f,Operational,-1.366667,38.016667
12602,Mutituni Dispensary,Machakos,Machakos,Dispensary,Ministry of Health,4,0,f,f,Operational,-1.516667,37.266667
21145,Mutituni Hope Medical Clinic,Machakos,Machakos,Medical Clinic,Private Practice - Unspecified,0,0,f,f,Operational,-1.516667,37.266667
12603,Mutomo Health Centre,Kitui,Mutomo,Health Centre,Ministry of Health,0,0,f,f,Operational,-1.366667,38.016667
18911,Mutomo Health Clinic,Kitui,Mutomo,Medical Clinic,Private Practice - Nurse / Midwife,0,0,f,f,Operational,-1.366667,38.016667
20341,Mutomo Medical Services,Kitui,Mutomo,Medical Clinic,Private Practice - Clinical Officer,0,0,f,f,Operational,-1.366667,38.016667
12604,Mutomo Mission Hospital,Kitui,Mutomo,Other Hospital,Kenya Episcopal Conference-Catholic Secretariat,124,0,f,f,Operational,-1.366667,38.016667
19932,Mutonya CDF Dispensary,Kiambu,Ruiru,Dispensary,Ministry of Health,0,0,f,f,Pending Opening,-1.166667,36.833333
13105,Mutuini Sub-District Hospital,Nairobi,Dagoretti South,Dispensary,Ministry of Health,20,0,f,f,Operational,-1.286389,36.817223
18102,Mutukanio ACK Dispensary,Nakuru,Njoro,Dispensary,Christian Health Association of Kenya,0,0,f,f,Operational,-0.303099,36.080026
12607,Mutukya Dispensary,Kitui,Kitui Central,Dispensary,Ministry of Health,0,0,f,f,Operational,-1.366667,38.016667
18008,Mutulani Dispensary,Makueni,Makueni,Dispensary,Ministry of Health,0,0,f,f,Operational,-1.8,37.616667
12609,Mutune Dispensary,Kitui,Kitui Central,Dispensary,Other Faith Based,0,0,f,f,Operational,-1.366667,38.016667
18289,Mutunguru PCEA Dispensary,Meru,Imenti South,Dispensary,Christian Health Association of Kenya,0,0,f,f,Operational,0.05,37.65
19933,Mutwangombe Dispensary,Kitui,Mwingi Central,Dispensary,Ministry of Health,0,0,f,f,Operational,-1.366667,38.016667
12610,Mutyambua Dispensary,Makueni,Nzaui,Dispensary,Ministry of Health,0,0,f,f,Operational,-1.8,37.616667
12611,Mutyangome Dispensary,Kitui,Mwingi East,Dispensary,Ministry of Health,2,0,f,f,Operational,-1.366667,38.016667
17872,Muuani Rural Health Dispensary,Makueni,Mbooni West,Dispensary,Private Practice - Unspecified,0,0,f,f,Operational,-1.8,37.616667
12612,Muumandu Dispensary,Machakos,Machakos,Dispensary,Ministry of Health,2,0,f,f,Operational,-1.516667,37.266667
19751,Muungano Dispensary,Trans Nzoia,Kwanza,Dispensary,Ministry of Health,0,0,f,f,Operational,1.016667,34.983333
18413,Muusini Dispensary (Makueni),Makueni,Kathonzweni,Dispensary,Ministry of Health,0,0,f,f,Pending Opening,-1.8,37.616667
12615,Muutiokiama Health Centre,Meru,Imenti South,Health Centre,Ministry of Health,0,0,f,f,Operational,0.05,37.65
17779,Muvuko Dispensary,Kitui,Mutomo,Dispensary,Ministry of Health,0,0,f,f,Operational,-1.366667,38.016667
12616,Muvuti Dispensary,Machakos,Machakos,Dispensary,Ministry of Health,0,0,f,f,Operational,-1.516667,37.266667
10803,Muwa M Clinic,Nyandarua,Nyandarua West,Medical Clinic,Private Practice - Nurse / Midwife,0,0,f,f,Operational,-0.183333,36.366667
21040,Muyafwa Dispensary,Busia,Busia,Dispensary,Ministry of Health,0,0,f,f,Operational,0.46,34.11
11678,Muyeye Medical Clinic,Kilifi,Malindi,Medical Clinic,Private Practice - Clinical Officer,0,0,f,f,Operational,-3.216667,40.116667
12617,Muyuni Dispensary,Kitui,Mwingi East,Dispensary,Ministry of Health,0,0,f,f,Operational,-1.366667,38.016667
11679,Mvita Dispensary,Mombasa,Mvita,Dispensary,Local Authority,0,0,f,f,Operational,-4.043477,39.668205
11680,Mvono Clinic,Taita Taveta,Wundanyi,Medical Clinic,Private Enterprise (Institution),0,0,f,f,Operational,,
16956,Mwaani Dispensary,Makueni,Kilungu,Dispensary,Ministry of Health,0,0,f,f,Operational,-1.8,37.616667
11682,Mwachinga Dispensary,Kwale,Kinango,Dispensary,Ministry of Health,0,0,f,f,Operational,-4.183333,39.45
18279,Mwafrika Institute of Development,Baringo,Baringo Central,Training Institution in Health (Stand-alone),Non-Governmental Organizations,0,0,f,f,Operational,0.466667,35.966667
20201,Mwaki Healthcare,Kiambu,Thika West,Medical Clinic,Private Practice - Clinical Officer,0,0,f,f,Operational,-1.033333,37.066667
11683,Mwakirunge Dispensary,Mombasa,Kisauni,Dispensary,Local Authority,0,0,f,f,Operational,-4.043477,39.668205
12618,Mwala Subcounty Hospital,Machakos,Mwala,District Hospital,Ministry of Health,18,2,f,f,Operational,-1.516667,37.266667
11684,Mwaluphamba Dispensary,Kwale,Matuga,Dispensary,Ministry of Health,0,0,f,f,Operational,-4.183333,39.45
11685,Mwaluvanga Dispensary,Kwale,Matuga,Dispensary,Ministry of Health,0,0,f,f,Operational,-4.183333,39.45
12619,Mwambiu Dispensary,Kitui,Mwingi East,Dispensary,Ministry of Health,0,0,f,f,Operational,-1.366667,38.016667
16549,Mwananyamala (CDF) Dispensary,Kwale,Msambweni,Dispensary,Ministry of Health,0,0,f,f,Operational,-4.183333,39.45
11688,Mwanda Health Centre (Taita Taveta),Taita Taveta,Wundanyi,Health Centre,Ministry of Health,0,0,f,f,Operational,,
16395,Mwangate Dispensary,Nakuru,Kuresoi,Dispensary,Ministry of Health,0,0,f,f,Operational,-0.303099,36.080026
11689,Mwangatini Dispensary,Kilifi,Magarini,Dispensary,Ministry of Health,0,0,f,f,Operational,-3.216667,40.116667
18350,Mwangaza Medical Clinic (Bakarani),Mombasa,Kisauni,Medical Clinic,Private Practice - Nurse / Midwife,2,0,f,f,Operational,-4.043477,39.668205
20015,Mwangaza Tana Medical Clinic,Tana River,Tana Delta,Medical Clinic,Private Practice - Nurse / Midwife,0,0,f,f,Operational,-1.5,40.033333
20091,Mwangaza ulio Na Tumaini clinic,Nairobi,Ruaraka,Health Centre,Christian Health Association of Kenya,12,2,f,f,Operational,-1.286389,36.817223
20335,Mwanguda Dispensary,Kwale,Msambweni,Dispensary,Ministry of Health,1,1,f,f,Pending Opening,-4.183333,39.45
11691,Mwangulu Dispensary,Kwale,Msambweni,Dispensary,Community,0,0,f,f,Operational,-4.183333,39.45
20336,Mwangwei  Dispensary,Kwale,Msambweni,Dispensary,Ministry of Health,0,0,f,f,Pending Opening,-4.183333,39.45
17941,Mwanianga Dispensary,Kitui,Mutomo,Dispensary,Ministry of Health,0,0,f,f,Pending Opening,-1.366667,38.016667
19944,Mwanyani Dispensary (Kitui Central),Kitui,Kitui Central,Dispensary,Ministry of Health,0,0,f,f,Pending Opening,-1.366667,38.016667
11693,Mwapala Dispensary,Kwale,Matuga,Dispensary,Ministry of Health,0,0,f,f,Operational,-4.183333,39.45
21119,Mwapula Dispensary,Kilifi,Ganze,Dispensary,Ministry of Health,0,0,f,f,Operational,-3.633333,39.85
18938,Mwarimba Medical Clinic,Meru,Igembe Central,Medical Clinic,Private Practice - Clinical Officer,0,0,f,f,Operational,0.05,37.65
16554,Mwashuma Dispensary (CDF),Taita Taveta,Mwatate,Dispensary,Community Development Fund,1,0,f,f,Operational,,
16056,Mwasi Med Clinc,Kakamega,Kakamega Central (Lurambi),Medical Clinic,Private Enterprise (Institution),4,0,f,f,Operational,0.284767,34.752308
19454,Mwatate Healthcare Centre,Nairobi,Embakasi East,Medical Clinic,Non-Governmental Organizations,3,2,f,f,Operational,-1.286389,36.817223
11695,Mwatate Sub-District Hospital,Taita Taveta,Mwatate,Sub-District Hospital,Ministry of Health,17,2,f,f,Operational,,
18961,Mwathene Dispensary,Meru,Tigania West,Dispensary,Ministry of Health,0,0,f,f,Operational,0.05,37.65
16523,Mwavizi Medical Clinic,Kilifi,Malindi,Medical Clinic,Private Practice - Nurse / Midwife,0,0,f,f,Operational,-3.216667,40.116667
11696,Mwawesa Medical Clinic,Kilifi,Malindi,Medical Clinic,Private Practice - Clinical Officer,0,0,f,f,Operational,-3.216667,40.116667
20598,Mwea Annex Domic Medical Centre,Kirinyaga,Kirinyaga South,Medical Clinic,Private Practice - General Practitioner,0,0,f,f,Operational,-0.5,37.283333
17427,Mwea Dental Clinic,Kirinyaga,Kirinyaga South,Medical Clinic,Private Practice - Medical Specialist,0,0,f,f,Operational,-0.533333,37.45
17132,Mwea Diabetes / Hypertension Community Clinic,Kirinyaga,Kirinyaga South,Medical Clinic,Non-Governmental Organizations,0,0,f,f,Operational,-0.5,37.283333
18833,Mwea Drop Inn Centre,Kirinyaga,Kirinyaga South,Medical Clinic,Non-Governmental Organizations,0,0,f,f,Operational,-1.286389,36.817223
10806,Mwea Medical Centre,Kirinyaga,Kirinyaga South,Nursing Home,Private Practice - General Practitioner,60,0,f,f,Operational,-0.5,37.283333
16508,Mwea Medical Clinic,Kirinyaga,Kirinyaga South,Medical Clinic,Private Practice - Nurse / Midwife,0,0,f,f,Operational,-0.5,37.283333
10805,Mwea Medical Clinic Kagio,Kirinyaga,Kirinyaga West,Medical Clinic,Private Practice - Clinical Officer,0,0,f,f,Operational,-0.5,37.283333
10807,Mwea Medical Laboratory,Kirinyaga,Kirinyaga South,Laboratory (Stand-alone),Private Enterprise (Institution),0,0,f,f,Operational,-0.5,37.283333
10808,Mwea Mission (Our Lady of Lourdes) Hospital,Kirinyaga,Kirinyaga North,Other Hospital,Kenya Episcopal Conference-Catholic Secretariat,110,10,f,f,Operational,-0.5,37.283333
12623,Mweini Dispensary,Makueni,Nzaui,Dispensary,Ministry of Health,0,0,f,f,Operational,-1.8,37.616667
11697,Mwembe Tayari Staff Clinic,Mombasa,Mvita,Dispensary,Local Authority,0,0,f,f,Operational,-4.043477,39.668205
19803,Mwenda andu Medical Clinic,Nyandarua,Kipipiri,Medical Clinic,Private Practice - Nurse / Midwife,0,0,f,f,Operational,-0.183333,36.366667
18989,Mwendantu Amani Clinic,Tharaka Nithi,Maara,Medical Clinic,Private Practice - Nurse / Midwife,0,0,f,f,Operational,,
18947,Mwendantu Baraka Clinic,Tharaka Nithi,Maara,Medical Clinic,Private Enterprise (Institution),0,0,f,f,Operational,,
17604,Mwengea Dispensary,Kitui,Mutomo,Dispensary,Ministry of Health,0,0,f,f,Operational,-1.366667,38.016667
15266,Mwenje Dispensary,Laikipia,Nyahururu,Dispensary,Ministry of Health,2,0,f,f,Operational,0.366667,37.033333
19442,Mwera Medical Clinic,Nairobi,Embakasi Central,Medical Clinic,Private Practice - Unspecified,2,1,f,f,Operational,-1.286389,36.817223
16229,Mweru Dispensary (Imenti South),Meru,Imenti South,Dispensary,Ministry of Health,0,0,f,f,Operational,0.05,37.65
10814,Mweru Dispensary (Nyeri South),Nyeri,Mukurweini,Dispensary,Ministry of Health,0,0,f,f,Operational,-0.416667,36.95
11698,Mwichens Medical Clinic,Kilifi,Malindi,Medical Clinic,Private Practice - Clinical Officer,0,0,f,f,Not-Operational,-3.216667,40.116667
16194,Mwina Dispensary,Tana River,Tana Delta,Dispensary,Ministry of Health,0,0,f,f,Operational,-1.5,40.033333
12626,Mwingi District Hospital,Kitui,Mwingi Central,District Hospital,Ministry of Health,98,9,f,f,Operational,-1.366667,38.016667
17055,Mwingi Medicare Centre,Kitui,Mwingi Central,Nursing Home,Private Practice - Clinical Officer,0,0,f,f,Operational,-1.366667,38.016667
12627,Mwingi Nursing Home,Kitui,Mwingi Central,Nursing Home,Private Practice - Nurse / Midwife,20,0,f,f,Operational,-1.366667,38.016667
18104,Mwisho Wa Lami Medical Clinic,Nakuru,Njoro,Medical Clinic,Private Practice - Clinical Officer,0,0,f,f,Operational,-0.303099,36.080026
12628,Mwitika Dispensary,Kitui,Mutitu,Dispensary,Ministry of Health,8,0,f,f,Operational,-1.366667,38.016667
15267,Mwituria Dispensary,Laikipia,Laikipia Central,Dispensary,Ministry of Health,0,0,f,f,Operational,0.366667,37.033333
12629,Mwonge Clinic,Tharaka Nithi,Meru South,Medical Clinic,Private Enterprise (Institution),0,0,f,f,Operational,,
12630,Mwonge Dispensary,Tharaka Nithi,Meru South,Dispensary,Ministry of Health,0,0,f,f,Operational,,
13836,Mwongori Dispensary,Nyamira,Borabu,Dispensary,Ministry of Health,1,0,f,f,Operational,-0.633333,34.933333
19350,Mworoga Dispensary,Meru,Imenti South,Dispensary,Ministry of Health,0,0,f,f,Pending Opening,0.05,37.65
20237,Mzee Paurana Community Medical Clinic,Kilifi,Rabai,Medical Clinic,Private Practice - General Practitioner,0,0,f,f,Operational,-3.633333,39.85
17893,Mzizima (CDF) Dispensary,Kwale,Msambweni,Dispensary,Ministry of Health,0,0,f,f,Operational,-4.183333,39.45
12631,Naari Health Centre,Meru,Buuri,Health Centre,Ministry of Health,7,0,f,f,Operational,0.05,37.65
10817,Naaro Dispensary,Murang'a,Kandara,Dispensary,Ministry of Health,0,0,f,f,Operational,-0.716667,37.15
15268,Nabkoi Dispensary,Uasin Gishu,Wareng,Dispensary,Ministry of Health,0,0,f,f,Operational,0.516667,35.283333
16059,Nabongo Dispensary,Kakamega,Kakamega Central (Lurambi),Dispensary,Community,0,0,f,f,Operational,0.284767,34.752308
20520,Nacet Reproductive Health Care,Nakuru,Nakuru,Medical Clinic,Private Practice - Clinical Officer,0,0,f,f,Operational,-0.303099,36.080026
15269,Nachecheyet Dispensary,West Pokot,West Pokot,Dispensary,Ministry of Health,0,0,f,f,Operational,1.233333,35.116667
15270,Nachola Dispensary,Samburu,Samburu North,Dispensary,Ministry of Health,0,0,f,f,Operational,1.316667,36.983333
20861,Nachu Dispensary,Kiambu,Kikuyu,Dispensary,Ministry of Health,0,0,f,f,Operational,-1.166667,36.833333
15271,Nachukui Dispensary,Turkana,Turkana North,Dispensary,Kenya Episcopal Conference-Catholic Secretariat,0,0,f,f,Operational,3.116667,35.6
15272,Nacoharg Medical Centre,Nakuru,Naivasha,Medical Clinic,Non-Governmental Organizations,0,0,f,f,Operational,-0.303099,36.080026
15273,Nadapal Dispensary,Turkana,Loima,Dispensary,Kenya Episcopal Conference-Catholic Secretariat,0,0,f,f,Operational,3.116667,35.6
15274,Nadapal Primary Health Care Programme,Turkana,Loima,Health Programme,Kenya Episcopal Conference-Catholic Secretariat,0,0,f,f,Operational,3.116667,35.6
15275,Nadoto Dispensary,Turkana,Turkana Central,Dispensary,Ministry of Health,0,0,f,f,Operational,3.116667,35.6
21055,Naduat Dispensary,Turkana,Turkana West,Dispensary,Ministry of Health,2,2,f,f,Operational,3.116667,35.6
18099,Nadung'a Dispensary,Turkana,Turkana North,Dispensary,Ministry of Health,0,0,f,f,Operational,3.116667,35.6
21248,Naibor Dispensary,Laikipia,Laikipia East,Dispensary,Ministry of Health,0,0,f,f,Operational,0.366667,37.033333
20718,Naiborkeju Dispensary,Samburu,Samburu Central,Dispensary,Ministry of Health,0,0,f,f,Pending Opening,1.316667,36.983333
10819,Naidu Hospital,Kiambu,Thika West,Other Hospital,Private Enterprise (Institution),55,55,f,f,Operational,-1.166667,36.833333
15276,Naikara Dispensary,Narok,Narok South,Dispensary,Other Faith Based,0,0,f,f,Operational,-1.083333,35.866667
17383,Naikuriu Dispensary,Meru,Igembe North,Dispensary,Ministry of Health,0,0,f,f,Pending Opening,0.05,37.65
15277,Nairagie-Enkare Health Centre,Narok,Narok North,Health Centre,Ministry of Health,6,0,f,f,Operational,-1.083333,35.866667
15278,Nairasirasa Dispensary,Narok,Narok North,Dispensary,Other Faith Based,3,1,f,f,Operational,-1.083333,35.866667
21133,Nairenke Dispensary,Narok,Narok North,Dispensary,Ministry of Health,0,0,f,f,Not-Operational,-1.083333,35.866667
20264,Nairobi East Hospital Ltd,Nairobi,Kamukunji,Nursing Home,Private Practice - Medical Specialist,38,10,f,f,Operational,-1.286389,36.817223
17619,Nairobi Homes Clinic,Mombasa,Kisauni,Medical Clinic,Private Practice - Clinical Officer,0,0,f,f,Operational,-4.043477,39.668205
13110,Nairobi Hospital,Nairobi,Dagoretti North,Other Hospital,Private Enterprise (Institution),350,100,f,f,Operational,-1.286389,36.817223
13111,Nairobi Outpatient Centre,Nairobi,Starehe,Medical Clinic,Private Enterprise (Institution),0,0,f,f,Operational,-1.286389,36.817223
12632,Nairobi Pathologist Clinic,Makueni,Makindu,Medical Clinic,Private Practice - Clinical Officer,0,0,f,f,Operational,-1.8,37.616667
13161,Nairobi Remand Prison Health Centre,Nairobi,Starehe,Dispensary,Other Public Institution,0,0,f,f,Operational,-1.286389,36.817223
13113,Nairobi South Clinic,Nairobi,Starehe,Medical Clinic,Local Authority,0,0,f,f,Operational,-1.286389,36.817223
13112,Nairobi South Hospital,Nairobi,Langata,Other Hospital,Private Enterprise (Institution),23,0,f,f,Operational,-1.286389,36.817223
13114,Nairobi West Chidren Clinic,Nairobi,Langata,Medical Clinic,Private Enterprise (Institution),0,0,f,f,Operational,-1.286389,36.817223
13115,Nairobi West Hospital,Nairobi,Langata,Other Hospital,Private Enterprise (Institution),152,0,f,f,Operational,-1.286389,36.817223
13116,Nairobi West Men's Prison Dispensary,Nairobi,Langata,Dispensary,Ministry of Health,0,0,f,f,Operational,-1.286389,36.817223
18195,Nairobi Women Hospital Ongata Rongai,Kajiado,Kajiado North,Other Hospital,Private Practice - General Practitioner,77,20,f,f,Operational,-1.286389,36.817223
20061,Nairobi Women's Hospital,Nakuru,Nakuru,Other Hospital,Private Practice - General Practitioner,30,0,f,f,Operational,-0.303099,36.080026
15279,Naisoya Dispensary,Narok,Narok North,Dispensary,Ministry of Health,0,0,f,f,Operational,-1.083333,35.866667
18979,Naisula Medical Clinic,Kajiado,Kajiado Central,Medical Clinic,Private Practice - General Practitioner,0,0,f,f,Operational,-1.85,36.783333
20791,Naitiri Private Wing Clinic,Bungoma,Bungoma North,Medical Clinic,Private Practice - Nurse / Midwife,12,0,f,f,Operational,0.566667,34.566667
16061,Naitiri Sub-District Hospital,Bungoma,Bungoma North,Sub-District Hospital,Ministry of Health,24,0,f,f,Operational,0.566667,34.566667
15282,Naivasha (AIC) Medical Centre,Nakuru,Naivasha,Health Centre,Christian Health Association of Kenya,10,5,f,f,Operational,-0.303099,36.080026
15280,Naivasha District Hospital,Nakuru,Naivasha,District Hospital,Ministry of Health,143,17,f,f,Operational,-0.303099,36.080026
15281,Naivasha Max Prison Health Centre,Nakuru,Naivasha,Health Centre,Other Public Institution,20,0,f,f,Operational,-0.303099,36.080026
13280,Najah Medical Clinic,Wajir,Wajir East,Medical Clinic,Private Enterprise (Institution),0,0,f,f,Operational,1.75,40.066667
15283,Najile Dispensary,Kajiado,Kajiado North,Dispensary,Ministry of Health,0,0,f,f,Operational,-1.85,36.783333
15284,Nakaalei (CMF) Dispensary,Turkana,Turkana South,Dispensary,Christian Health Association of Kenya,0,0,f,f,Operational,3.116667,35.6
21066,Nakaalei Dispensary,Turkana,Turkana South,Dispensary,Ministry of Health,2,2,f,f,Not-Operational,3.116667,35.6
20887,Nakabosan Dispensary,Turkana,Turkana South,Dispensary,Ministry of Health,0,0,f,f,Pending Opening,3.116667,35.6
18354,Nakechichok Dispensary,Turkana,Turkana Central,Dispensary,Ministry of Health,0,0,f,f,Operational,3.116667,35.6
16700,Nakukulas Dispensary,Turkana,Turkana East,Dispensary,Ministry of Health,0,0,f,f,Operational,3.116667,35.6
15285,Nakurio Dispensary,Turkana,Turkana Central,Dispensary,Ministry of Health,0,0,f,f,Operational,3.116667,35.6
17084,Nakurtakwei Dispensary,Baringo,Koibatek,Dispensary,Ministry of Health,0,0,f,f,Operational,0.466667,35.966667
21017,Nakuru Beyond Zero Mobile Clinic,Nakuru,Nakuru,Dispensary,Ministry of Health,2,1,f,f,Operational,-0.303099,36.080026
20343,Nakuru Heart Centre,Nakuru,Nakuru,Medical Clinic,Private Practice - Medical Specialist,0,0,f,f,Operational,-0.303099,36.080026
15287,Nakuru Nursing Home,Nakuru,Nakuru,Nursing Home,Private Practice - Nurse / Midwife,24,15,f,f,Operational,-0.303099,36.080026
15288,Nakuru Provincial General Hospital (PGH),Nakuru,Nakuru,Provincial General Hospital,Ministry of Health,588,68,f,f,Operational,-0.303099,36.080026
15289,Nakuru War Memorial Hospital,Nakuru,Nakuru,Other Hospital,Private Enterprise (Institution),36,12,f,f,Operational,-0.303099,36.080026
15290,Nakuru West (PCEA) Health Centre,Nakuru,Nakuru,Health Centre,Christian Health Association of Kenya,7,1,f,f,Operational,-0.303099,36.080026
15292,Nakwamoru Health Centre,Turkana,Turkana South,Health Centre,Kenya Episcopal Conference-Catholic Secretariat,40,4,f,f,Operational,3.116667,35.6
16062,Nala Maternity and Nursing Home,Kakamega,Kakamega Central (Lurambi),Nursing Home,Private Enterprise (Institution),57,5,f,f,Operational,0.284767,34.752308
18971,Nalala Initiative Community Clinic,Kajiado,Kajiado Central,Medical Clinic,Community,0,0,f,f,Operational,-1.85,36.783333
15293,Nalepo Medical Clinic,Narok,Narok North,Medical Clinic,Private Enterprise (Institution),0,0,f,f,Operational,-1.083333,35.866667
18412,Nalis Medical Centre,Kajiado,Kajiado North,Medical Clinic,Private Practice - Nurse / Midwife,2,2,f,f,Operational,-1.286389,36.817223
16063,Nalondo Cbm Dispensary,Bungoma,Bungoma Central,Dispensary,Private Enterprise (Institution),0,0,f,f,Operational,0.566667,34.566667
17117,Nalondo Health Centre (Model),Bungoma,Bungoma Central,Health Centre,Ministry of Health,0,0,f,f,Operational,0.566667,34.566667
16064,Namagara Dispensary,Kakamega,Kakamega North (Malava),Dispensary,Ministry of Health,0,0,f,f,Operational,0.284767,34.752308
15294,Namanga Health Centre,Kajiado,Mashuru,Health Centre,Ministry of Health,11,2,f,f,Operational,-1.85,36.783333
18491,Namanga Wellness Centre,Kajiado,Kajiado Central,Medical Clinic,Non-Governmental Organizations,0,0,f,f,Operational,-1.85,36.783333
17994,Namanjalala Dispensary,Trans Nzoia,Kwanza,Dispensary,Ministry of Health,0,0,f,f,Operational,1.016667,34.983333
16065,Namasoli Health Centre,Kakamega,Khwisero,Health Centre,Christian Health Association of Kenya,25,0,f,f,Operational,0.284767,34.752308
16066,Nambale Health Centre,Busia,Nambale,Health Centre,Ministry of Health,6,1,f,f,Operational,0.46,34.11
16067,Namboboto Dispensary,Busia,Samia,Dispensary,Christian Health Association of Kenya,4,0,f,f,Operational,0.46,34.11
16068,Nambuku Model Health Centre,Busia,Samia,Health Centre,Ministry of Health,32,0,f,f,Operational,0.46,34.11
15296,Namelok Health Centre,Kajiado,Loitoktok,Health Centre,Ministry of Health,20,4,f,f,Operational,-1.85,36.783333
15297,Namelok Medical Clinic,Samburu,Samburu Central,Medical Clinic,Private Practice - Clinical Officer,0,0,f,f,Operational,1.316667,36.983333
18091,Namenya CFW Clinic,Busia,Samia,Medical Clinic,Private Practice - Nurse / Midwife,0,0,f,f,Operational,0.46,34.11
15298,Nameyana Dispensary,Turkana,Loima,Dispensary,Ministry of Health,0,0,f,f,Operational,3.116667,35.6
17178,Namirama Dispensary,Kakamega,Kakamega Central (Lurambi),Dispensary,Ministry of Health,0,0,f,f,Pending Opening,0.284767,34.752308
15299,Namoruputh (PAG) Health Centre,Turkana,Loima,Health Centre,Christian Health Association of Kenya,35,0,f,f,Operational,3.116667,35.6
16069,Namuduru Dispensary,Busia,Samia,Dispensary,Ministry of Health,0,0,f,f,Operational,0.46,34.11
15301,Namukuse Dispensary,Turkana,Turkana Central,Dispensary,Ministry of Health,0,0,f,f,Operational,3.116667,35.6
15300,Namuncha Dispensary,Kajiado,Kajiado North,Dispensary,Ministry of Health,0,0,f,f,Operational,-1.85,36.783333
17541,Namunyak Clinic,Nakuru,Gilgil,Medical Clinic,Private Practice - Nurse / Midwife,0,0,f,f,Operational,-0.303099,36.080026
21059,Namusala Dispensary,Busia,Butula,Dispensary,Ministry of Health,0,0,f,f,Pending Opening,0.46,34.11
12634,Nana Dispensary,Marsabit,Moyale,Dispensary,Ministry of Health,0,0,f,f,Operational,2.333333,37.983333
15303,Nanam Dispensary,Turkana,Turkana West,Dispensary,Christian Health Association of Kenya,0,0,f,f,Operational,3.116667,35.6
10820,Nandarasi Dispensary,Nyandarua,Nyandarua South,Dispensary,Ministry of Health,0,0,f,f,Operational,-0.183333,36.366667
14179,Nandi Hills District Hospital,Nandi,Nandi East,District Hospital,Ministry of Health,89,5,f,f,Operational,0.166667,35.133333
17211,Nandi Hills Doctors Scheme Association Dispensary,Nandi,Nandi East,Dispensary,Company Medical Service,0,0,f,f,Operational,0.166667,35.133333
19358,Nandi Hills Medicare Clinic,Nandi,Nandi East,Medical Clinic,Private Practice - General Practitioner,0,0,f,f,Operational,0.166667,35.133333
16072,Nangina Dispensary,Busia,Samia,Dispensary,Ministry of Health,2,0,f,f,Operational,0.46,34.11
13413,Nanighi Health Centre,Garissa,Fafi,Health Centre,Ministry of Health,0,0,f,f,Operational,-0.456944,39.658333
15305,Nanyuki District Hospital,Laikipia,Laikipia East,District Hospital,Ministry of Health,129,11,f,f,Operational,0.366667,37.033333
15307,Naoros Dispensary,Turkana,Turkana Central,Dispensary,Ministry of Health,0,0,f,f,Operational,3.116667,35.6
17478,Naotin Dispensary,Turkana,Turkana Central,Dispensary,Ministry of Health,0,0,f,f,Operational,3.116667,35.6
20638,Napak Dispensary,Turkana,Turkana North,Dispensary,Ministry of Health,0,0,f,f,Operational,3.116667,35.6
18070,Napeikar Dispensary,Turkana,Loima,Dispensary,Ministry of Health,0,0,f,f,Operational,3.116667,35.6
15308,Napeililim Dispensary,Turkana,Loima,Dispensary,Kenya Episcopal Conference-Catholic Secretariat,1,0,f,f,Operational,3.116667,35.6
17249,Napeitom Dispensary,Turkana,Turkana East,Dispensary,Ministry of Health,0,0,f,f,Operational,3.116667,35.6
17300,Naramam Dispensary,West Pokot,West Pokot,Dispensary,Community,0,0,f,f,Operational,1.233333,35.116667
19208,Naretisho Dispensary,Kajiado,Kajiado Central,Dispensary,Humanitarian Agencies,0,0,f,f,Operational,-1.85,36.783333
15310,Nariokotome Dispensary,Turkana,Turkana North,Dispensary,Kenya Episcopal Conference-Catholic Secretariat,0,0,f,f,Operational,3.116667,35.6
15311,Narok District Hospital,Narok,Narok North,District Hospital,Ministry of Health,155,15,f,f,Operational,-1.083333,35.866667
15312,Naroosura Health Centre,Narok,Narok South,Health Centre,Ministry of Health,11,2,f,f,Operational,-1.083333,35.866667
19279,Narzareth Medical Services,Nairobi,Roysambu,Medical Clinic,Private Practice - General Practitioner,0,0,f,f,Operational,-1.286389,36.817223
15313,Nasaroni Medical Clinic,Kajiado,Kajiado North,Medical Clinic,Private Enterprise (Institution),0,0,f,f,Operational,-1.85,36.783333
19338,Nasaruni Medical Clinic,Kajiado,Kajiado Central,Dispensary,Private Practice - General Practitioner,0,0,f,f,Operational,-1.85,36.783333
16074,Nasewa Health Centre,Busia,Busia,Health Centre,Ministry of Health,2,0,f,f,Operational,0.46,34.11
20056,Nasha Lengot Medical Centre,Narok,Narok North,Dispensary,Private Practice - Unspecified,36,0,f,f,Operational,-1.083333,35.866667
16075,Nasianda Dispensary,Bungoma,Bumula,Dispensary,Ministry of Health,0,0,f,f,Operational,0.566667,34.566667
18355,Nasiger Dispensary,Turkana,Loima,Dispensary,Ministry of Health,0,0,f,f,Operational,3.116667,35.6
16076,Nasusi Dispensary,Bungoma,Kimilili Bungoma,Dispensary,Ministry of Health,8,0,f,f,Operational,0.566667,34.566667
20581,National Blood Transfusion Services,Nairobi,Kibra,Laboratory (Stand-alone),Ministry of Health,0,0,f,f,Operational,-1.286389,36.817223
20580,National HIV Reference Lab,Nairobi,Kibra,Laboratory (Stand-alone),Ministry of Health,0,0,f,f,Operational,-1.286389,36.817223
10824,National Hospital Insurance Fund Central,Nyeri,Nyeri Central,Medical Clinic,Parastatal,0,0,f,f,Operational,-0.416667,36.95
13194,National Spinal Injury Hospital,Nairobi,Dagoretti North,National Referral Hospital,Ministry of Health,30,0,f,f,Operational,-1.286389,36.817223
16077,National Youth Service Dispensary,Kakamega,Lugari,Dispensary,Ministry of Health,0,0,f,f,Operational,0.284767,34.752308
13130,National Youth Service Hq Dispensary (Ruaraka),Nairobi,Roysambu,Dispensary,State Coorporation,0,0,f,f,Operational,-1.286389,36.817223
15315,Natira Dispensary,Turkana,Turkana West,Dispensary,Christian Health Association of Kenya,0,0,f,f,Operational,3.116667,35.6
20045,Natunyi Dispensary,Kakamega,Kakamega Central (Lurambi),Dispensary,Ministry of Health,2,1,f,f,Operational,0.284767,34.752308
15316,Nauyapong Dispensary,West Pokot,North Pokot,Dispensary,Ministry of Health,0,0,f,f,Operational,1.233333,35.116667
16078,Navakholo Sub-District Hospital,Kakamega,Kakamega Central (Lurambi),Sub-District Hospital,Ministry of Health,16,1,f,f,Operational,0.284767,34.752308
11514,Nawaco Clinic,Kilifi,Malindi,Dispensary,Non-Governmental Organizations,0,0,f,f,Operational,-3.216667,40.116667
13837,Naya Health Centre,Siaya,Rarieda,Health Centre,Ministry of Health,7,0,f,f,Operational,0.066667,34.283333
20751,Nayanaeangikalalio Dispensary,Turkana,Turkana Central,Health Centre,Ministry of Health,12,12,f,f,Operational,3.116667,35.6
20818,Nayanaeangikalalio Dispensary,Turkana,Turkana Central,Dispensary,Ministry of Health,2,2,f,f,Operational,3.116667,35.6
18554,Nazarene Medical Clinic,Kiambu,Ruiru,Medical Clinic,Private Practice - Nurse / Midwife,0,0,f,f,Operational,-1.286389,36.817223
19118,Nazarene Medical Clinic (Kitui West),Kitui,Kitui Central,Medical Clinic,Other Faith Based,0,0,f,f,Operational,-1.366667,38.016667
18712,Nazarene Sister's Dispensary Rwarera,Meru,Imenti North,Dispensary,Private Practice - Unspecified,0,0,f,f,Operational,0.05,37.65
10825,Nazareth Hospital,Kiambu,Limuru,Other Hospital,Kenya Episcopal Conference-Catholic Secretariat,184,84,f,f,Operational,-1.286389,36.817223
17490,Nazareth Hospital (Ruiru),Kiambu,Ruiru,Other Hospital,Kenya Episcopal Conference-Catholic Secretariat,11,4,f,f,Operational,-1.286389,36.817223
19323,Nazareth Medical Clinic,Baringo,Koibatek,Medical Clinic,Private Practice - Clinical Officer,0,0,f,f,Operational,0.466667,35.966667
16341,Nazareth Medical Clinic (Wareng),Uasin Gishu,Wareng,Medical Clinic,Private Enterprise (Institution),0,0,f,f,Operational,0.514277,35.269779
17708,Ncooro Dispensary,Meru,Tigania West,Dispensary,Ministry of Health,0,0,f,f,Operational,0.05,37.65
15317,Ndabarnach Clinic,Uasin Gishu,Eldoret West,Medical Clinic,Private Enterprise (Institution),1,0,f,f,Operational,0.516667,35.283333
15318,Ndabibi Dispensary,Nakuru,Naivasha,Dispensary,Ministry of Health,5,0,f,f,Operational,-0.303099,36.080026
10828,Ndakaini Dispensary,Murang'a,Gatanga,Dispensary,Ministry of Health,0,0,f,f,Operational,-1.033333,37.066667
17817,Ndakani Dispensary,Kitui,Mutomo,Dispensary,Ministry of Health,0,0,f,f,Operational,-1.366667,38.016667
16079,Ndalu Health Centre,Bungoma,Bungoma North,Health Centre,Ministry of Health,16,0,f,f,Operational,0.566667,34.566667
17325,Ndamama Dispensary,Narok,Trans Mara East,Dispensary,Ministry of Health,0,0,f,f,Operational,-1.083333,35.866667
15322,Ndanai,Bomet,Sotik,Health Centre,Ministry of Health,17,3,f,f,Operational,-0.783333,35.35
21153,Ndarasha Medical Centre,Kiambu,Ruiru,Medical Clinic,Private Practice - Unspecified,0,0,f,f,Operational,-1.166667,36.833333
15323,Ndarawetta Dispensary,Bomet,Bomet Central,Dispensary,Ministry of Health,0,0,f,f,Operational,-0.783333,35.35
15324,Ndarugu (PCEA) Dispensary,Nakuru,Nakuru,Dispensary,Christian Health Association of Kenya,4,0,f,f,Operational,-0.303099,36.080026
12636,Ndatani Dispensary,Kitui,Mutomo,Dispensary,Ministry of Health,0,0,f,f,Operational,-1.366667,38.016667
11700,Ndau Dispensary,Lamu,Lamu East,Dispensary,Ministry of Health,0,0,f,f,Operational,-2.266667,40.9
11701,Ndavaya Dispensary,Kwale,Kinango,Dispensary,Ministry of Health,0,0,f,f,Operational,-4.183333,39.45
13839,Ndeda Dispensary,Siaya,Bondo,Dispensary,Ministry of Health,0,0,f,f,Operational,0.066667,34.283333
20607,Ndege Dispensary,Nakuru,Nakuru North,Dispensary,Ministry of Health,0,0,f,f,Operational,-0.303099,36.080026
19029,Ndege Medical Clinic,Wajir,Habaswein,Medical Clinic,Private Practice - Clinical Officer,0,0,f,f,Operational,-0.456944,39.658333
17345,Ndege Oriedo Dispensary,Migori,Rongo,Dispensary,Community Development Fund,0,0,f,f,Operational,-1.066667,34.466667
10831,Ndeiya Health Centre,Kiambu,Limuru,Health Centre,Ministry of Health,18,3,f,f,Operational,-1.166667,36.833333
18245,Ndela Dispensary,Machakos,Masinga,Dispensary,Ministry of Health,0,0,f,f,Operational,-1.516667,37.266667
19923,Ndelekeni Dispensary,Machakos,Masinga,Dispensary,Ministry of Health,0,1,f,f,Pending Opening,-1.516667,37.266667
19833,Ndenderu Medical Services,Kiambu,Kiambu,Medical Clinic,Private Practice - Clinical Officer,0,0,f,f,Operational,-1.286389,36.817223
20173,Ndere Community Dispensary,Homa Bay,Rachuonyo North,Dispensary,Ministry of Health,1,1,f,f,Operational,-0.516667,34.45
13842,Ndhuru Dispensary,Homa Bay,Mbita,Dispensary,Ministry of Health,0,0,f,f,Operational,-0.516667,34.45
11702,Ndilidau Dispensary (Jipe),Taita Taveta,Taveta,Dispensary,Ministry of Health,0,0,f,f,Operational,,
10833,Ndimaini Dispensary,Nyeri,Mathira East,Dispensary,Ministry of Health,0,0,f,f,Operational,-0.416667,36.95
15325,Ndindika Health Centre,Laikipia,Nyahururu,Health Centre,Ministry of Health,17,0,f,f,Operational,0.366667,37.033333
13843,Ndiru Health Centre,Homa Bay,Homa Bay,Health Centre,Ministry of Health,7,0,f,f,Operational,-0.516667,34.45
12637,Ndithini Health Centre,Machakos,Masinga,Dispensary,Ministry of Health,2,4,f,f,Operational,-1.516667,37.266667
12638,Ndiuni Dispensary,Kitui,Matinyani,Dispensary,Ministry of Health,0,0,f,f,Operational,-1.366667,38.016667
10834,Ndivai Dispensary,Nyandarua,Nyandarua North,Dispensary,Ministry of Health,0,0,f,f,Operational,-0.183333,36.366667
17715,Ndoleli MCK Dispensay,Meru,Igembe Central,Dispensary,Christian Health Association of Kenya,0,0,f,f,Operational,0.05,37.65
11704,Ndome Dispensary (Taita),Taita Taveta,Voi,Dispensary,Ministry of Health,0,0,f,f,Operational,,
11745,Ndongo Purple Clinic,Taita Taveta,Taveta,Medical Clinic,Private Practice - Nurse / Midwife,0,0,f,f,Operational,,
15511,Ndonyo Medical Clinic,Nakuru,Naivasha,Medical Clinic,Private Practice - Medical Specialist,1,0,f,f,Operational,-0.303099,36.080026
19336,Ndonyo Medical Clinic (Naivasha Kwa Muya),Nakuru,Naivasha,Medical Clinic,Private Practice - General Practitioner,0,0,f,f,Operational,-0.303099,36.080026
19946,Ndonyo Nasipa Dispensary,Samburu,Samburu East,Dispensary,Ministry of Health,0,0,f,f,Operational,1.316667,36.983333
15327,Ndonyo Wasin Dispensary,Samburu,Samburu East,Dispensary,Ministry of Health,4,0,f,f,Operational,1.316667,36.983333
20411,Ndooni Dispensary,Kitui,Tseikuru,Dispensary,Ministry of Health,0,0,f,f,Operational,-1.366667,38.016667
13845,Ndori Health Centre,Siaya,Rarieda,Health Centre,Ministry of Health,0,0,f,f,Operational,0.066667,34.283333
11705,Ndovu Health Centre,Taita Taveta,Wundanyi,Health Centre,Ministry of Health,0,0,f,f,Operational,,
16669,Ndubusat Bethel Dispensary,Kericho,Kipkelion,Dispensary,Non-Governmental Organizations,4,0,f,f,Operational,-0.366667,35.283333
19868,Nduga Dispensary,Homa Bay,Homa Bay,Dispensary,Ministry of Health,2,1,f,f,Operational,-0.516667,34.45
10836,Ndugamano Dispensary,Nyeri,Tetu,Dispensary,Ministry of Health,0,0,f,f,Operational,-0.416667,36.95
20349,Ndumbini Dispensary,Tharaka Nithi,Maara,Dispensary,Ministry of Health,0,0,f,f,Operational,,
18462,Ndumoni Dispensary,Kitui,Kitui Central,Dispensary,Ministry of Health,0,0,f,f,Operational,-1.366667,38.016667
10839,Ndunyu Chege Dispensary,Murang'a,Gatanga,Dispensary,Ministry of Health,0,0,f,f,Operational,-1.033333,37.066667
10840,Ndunyu Njeru Dispensary,Nyandarua,Nyandarua South,Dispensary,Ministry of Health,0,0,f,f,Operational,-0.183333,36.366667
13847,Nduru District Hospital,Kisii,South Gucha,District Hospital,Ministry of Health,32,5,f,f,Operational,-0.683333,34.766667
13848,Nduru Kadero Dispensary,Kisumu,Seme,Dispensary,Ministry of Health,0,0,f,f,Operational,-0.10221,34.761711
15328,Ndurumo Dispensary,Laikipia,Laikipia West,Dispensary,Ministry of Health,2,0,f,f,Operational,0.366667,37.033333
10842,Ndururumo Dispensary,Kiambu,Ruiru,Dispensary,Ministry of Health,0,0,f,f,Operational,-1.166667,36.833333
16923,Nduu Dispensary,Machakos,Matungulu,Dispensary,Ministry of Health,0,0,f,f,Operational,-1.516667,37.266667
17814,Nduu Ndune Dispensary,Kitui,Mutomo,Dispensary,Ministry of Health,0,0,f,f,Operational,-1.366667,38.016667
20633,Nduuri Dispensary,Embu,Embu East,Dispensary,Ministry of Health,0,0,f,f,Operational,-0.533333,37.45
12639,Nduva Na Mwene Medical Clinic,Kitui,Kitui Central,Medical Clinic,Private Enterprise (Institution),0,0,f,f,Operational,-1.366667,38.016667
21111,Neema  Medical Clinic,Kilifi,Kilifi South,Medical Clinic,Private Practice - Nurse / Midwife,0,0,f,f,Operational,-3.216667,40.116667
19132,Neema Afya Centre,Meru,Buuri,Medical Clinic,Private Practice - Nurse / Midwife,0,0,f,f,Operational,0.05,37.65
20407,Neema Clinic,Baringo,Mogotio,Medical Clinic,Private Practice - Nurse / Midwife,2,1,f,f,Operational,0.466667,35.966667
20147,Neema Highway Medical Home,Nakuru,Kuresoi,Medical Clinic,Private Practice - General Practitioner,0,0,f,f,Operational,-0.303099,36.080026
12641,Neema Hospital,Kitui,Kitui Central,Nursing Home,Private Enterprise (Institution),40,3,f,f,Operational,-1.366667,38.016667
18061,Neema Hospital (Ruiru),Kiambu,Ruiru,Dispensary,Other Faith Based,0,0,f,f,Operational,-1.286389,36.817223
10843,Neema Medical,Murang'a,Muranga South,Medical Clinic,Private Practice - Nurse / Midwife,0,0,f,f,Operational,-0.716667,37.15
17330,Neema Medical Clinic,Uasin Gishu,Eldoret West,Medical Clinic,Private Enterprise (Institution),0,0,f,f,Operational,0.516667,35.283333
19161,Neema Medical Clinic (Kibera),Nairobi,Kibra,Medical Clinic,Private Practice - Clinical Officer,0,0,f,f,Operational,-1.286389,36.817223
21275,Neema Medical Clinic (Kieni West),Nyeri,Kieni West,Medical Clinic,Private Practice - Nurse / Midwife,0,0,f,f,Operational,-0.416667,36.95
18900,Neema Medical Clinic (Kitui Central),Kitui,Kitui Central,Medical Clinic,Private Practice - Clinical Officer,0,0,f,f,Operational,-1.366667,38.016667
11707,Neema Medical Clinic (Malindi),Kilifi,Magarini,Medical Clinic,Private Practice - Nurse / Midwife,0,0,f,f,Operational,-3.216667,40.116667
17992,Neema Medical Clinic (Muranga North),Murang'a,Kiharu,Medical Clinic,Private Practice - Clinical Officer,0,0,f,f,Operational,-0.716667,37.15
15330,Neema Medical Clinic (Nakuru North),Nakuru,Subukia,Medical Clinic,Private Practice - Nurse / Midwife,0,0,f,f,Operational,-0.303099,36.080026
18192,Neema Medical Clinic Kitengela,Kajiado,Kajiado North,Medical Clinic,Private Practice - Nurse / Midwife,0,0,f,f,Operational,-1.85,36.783333
21141,Neema Nursing Home,Kitui,Kyuso,Nursing Home,Private Practice - Nurse / Midwife,15,3,f,f,Operational,-1.366667,38.016667
16618,Nehema Medical Clinic,Meru,Imenti North,Medical Clinic,Private Enterprise (Institution),0,0,f,f,Operational,0.05,37.65
18338,Nehemiah International Dispensary,Kisumu,Muhoroni,Dispensary,Non-Governmental Organizations,0,0,f,f,Operational,-0.10221,34.761711
20667,Neighbours Medical Clinic Kabazi,Nakuru,Subukia,Medical Clinic,Private Practice - Nurse / Midwife,0,0,f,f,Pending Opening,-0.303099,36.080026
15331,Neissuit Dispensary,Nakuru,Njoro,Dispensary,Ministry of Health,0,0,f,f,Operational,-0.303099,36.080026
17745,Nembu Med,Kiambu,Gatundu North,Medical Clinic,Private Practice - Nurse / Midwife,0,0,f,f,Operational,-1.166667,36.833333
12642,Nembure Health Centre,Embu,Manyatta,Health Centre,Ministry of Health,6,1,f,f,Operational,-0.533333,37.45
15333,Nerkwo Dispensary,Elgeyo Marakwet,Marakwet West,Dispensary,Kenya Episcopal Conference-Catholic Secretariat,0,0,f,f,Operational,,
18919,Network Israel Medical Clinic,Machakos,Machakos,Medical Clinic,Private Practice - Nurse / Midwife,0,0,f,f,Operational,-1.516667,37.266667
19077,New Age VCT,Mombasa,Likoni,VCT Centre (Stand-Alone),Private Enterprise (Institution),0,0,f,f,Operational,-4.043477,39.668205
16080,New Busia Maternity & Nursing Home,Busia,Busia,Nursing Home,Private Enterprise (Institution),103,78,f,f,Operational,0.46,34.11
19592,New Canaan Idp Dispensary,Nakuru,Nakuru,Dispensary,Ministry of Health,0,0,f,f,Operational,-0.303099,36.080026
17698,New Chaani Healthcare Clinic & Laboratory,Mombasa,Changamwe,Medical Clinic,Private Practice - Clinical Officer,0,0,f,f,Operational,-4.043477,39.668205
18734,New Generation Clinic,Meru,Imenti North,Medical Clinic,Private Practice - Clinical Officer,0,0,f,f,Operational,0.05,37.65
18792,New Hope Clinic (Nyamira),Nyamira,Nyamira,Medical Clinic,Private Practice - Nurse / Midwife,2,0,f,f,Operational,-0.633333,34.933333
16751,New Hope Medical Clinic,Kiambu,Ruiru,Medical Clinic,Private Practice - Nurse / Midwife,0,0,f,f,Operational,-1.286389,36.817223
11428,New Jamin Medical Clinic,Mombasa,Changamwe,Medical Clinic,Private Enterprise (Institution),0,0,f,f,Operational,-4.043477,39.668205
10849,New Kihoya Clinic,Murang'a,Kiharu,Medical Clinic,Private Practice - Nurse / Midwife,0,0,f,f,Operational,-0.716667,37.15
14871,New Kimilili Medical Clinic,Nakuru,Naivasha,Medical Clinic,Private Practice - Nurse / Midwife,6,1,f,f,Operational,-0.303099,36.080026
10850,New Line Laboratory,Kirinyaga,Kirinyaga South,Laboratory (Stand-alone),Private Enterprise (Institution),0,0,f,f,Operational,-0.5,37.283333
10851,New Mawingu Health Centre,Nyandarua,Nyandarua Central,Health Centre,Ministry of Health,0,0,f,f,Operational,-0.183333,36.366667
17691,New Mbita Clinic,Homa Bay,Mbita,Medical Clinic,Private Practice - Clinical Officer,0,0,f,f,Operational,-0.516667,34.45
18325,New Mwema Medical Clinic,Kilifi,Kilifi South,Medical Clinic,Private Practice - Clinical Officer,0,0,f,f,Not-Operational,-3.633333,39.85
12643,New Ngei Road Nursing Home,Machakos,Machakos,Nursing Home,Private Practice - Clinical Officer,16,2,f,f,Operational,-1.516667,37.266667
18007,New Partners Initiative Scaling Up HIV and AIDS Pr,Nairobi,Makadara,Health Programme,Non-Governmental Organizations,0,0,f,f,Operational,-1.286389,36.817223
19509,New Riruta Medical Clinic,Nairobi,Dagoretti North,Dispensary,Private Enterprise (Institution),0,0,f,f,Operational,-1.286389,36.817223
19158,New Southlands X-Ray Services,Meru,Imenti North,Radiology Unit,Private Practice - Medical Specialist,0,0,f,f,Operational,0.05,37.65
20532,New Spring Medical Care,Kisumu,Kisumu East,Medical Clinic,Private Practice - Clinical Officer,0,0,f,f,Operational,-0.10221,34.761711
10852,New Tumaini  Health Centre,Nyandarua,Nyandarua Central,Health Centre,Ministry of Health,0,0,f,f,Operational,-0.183333,36.366667
20530,Newlight Medical Centre(Dandora),Nairobi,Kasarani,Medical Clinic,Private Practice - Clinical Officer,0,0,f,f,Operational,-1.286389,36.817223
20528,Nezel Medical Centre Njiru,Nairobi,Kasarani,Medical Clinic,Private Practice - Nurse / Midwife,0,0,f,f,Operational,-1.286389,36.817223
12644,Ngai Dispensary,Makueni,Mbooni West,Dispensary,Ministry of Health,2,2,f,f,Operational,-1.8,37.616667
16861,Ngaie Dispensary,Kitui,Kyuso,Dispensary,Ministry of Health,0,0,f,f,Not-Operational,-1.366667,38.016667
13121,Ngaira Rhodes Dispensary,Nairobi,Starehe,Dispensary,Local Authority,0,0,f,f,Operational,-1.286389,36.817223
16081,Ngalasia Dispensary,Bungoma,Bungoma Central,Dispensary,Ministry of Health,0,0,f,f,Operational,0.566667,34.566667
15336,Ngambo Dispensary,Baringo,Marigat,Dispensary,Ministry of Health,6,0,f,f,Not-Operational,0.466667,35.966667
18473,Ngamwa Dispensary,Nyeri,Mukurweini,Dispensary,Ministry of Health,0,0,f,f,Operational,-0.416667,36.95
15337,Nganayio Dispensary,Narok,Trans Mara West - Dikirr,Dispensary,Ministry of Health,0,0,f,f,Operational,-1.083333,35.866667
12646,Ngangani Dispensary,Kitui,Kisasi,Dispensary,Ministry of Health,1,0,f,f,Operational,-1.366667,38.016667
10856,Ngano Health Centre,Nyandarua,Nyandarua West,Health Centre,Ministry of Health,20,0,f,f,Operational,-0.183333,36.366667
11711,Ngao District Hospital,Tana River,Tana Delta,District Hospital,Ministry of Health,56,0,f,f,Operational,-1.5,40.033333
13122,Ngara Health Centre (City Council of Nairobi),Nairobi,Starehe,Health Centre,Local Authority,24,0,f,f,Operational,-1.286389,36.817223
10859,Ngarariga Health Centre,Kiambu,Limuru,Health Centre,Other Faith Based,5,0,f,f,Operational,-1.166667,36.833333
17226,Ngarendare Dispensary,Meru,Buuri,Dispensary,Ministry of Health,0,0,f,f,Operational,0.05,37.65
15338,Ngarua Catholic Dispensary,Laikipia,Nyahururu,Dispensary,Kenya Episcopal Conference-Catholic Secretariat,2,0,f,f,Operational,0.366667,37.033333
15339,Ngarua Health Centre,Laikipia,Nyahururu,Health Centre,Ministry of Health,11,0,f,f,Operational,0.366667,37.033333
11712,Ngathini Dispensary,Kwale,Msambweni,Dispensary,Community,0,0,f,f,Operational,-4.183333,39.45
18284,Ngatu CDF,Kajiado,Mashuru,Dispensary,Ministry of Health,0,0,f,f,Operational,-1.85,36.783333
17454,Ngecha (PCEA) Health Centre,Kiambu,Limuru,Health Centre,Other Faith Based,0,0,f,f,Operational,-1.166667,36.833333
17244,Ngecha Health Centre,Kiambu,Limuru,Health Centre,Ministry of Health,0,0,f,f,Pending Opening,-1.166667,36.833333
10862,Ngecha Orthodox Dispensary,Kiambu,Limuru,Dispensary,Christian Health Association of Kenya,0,0,f,f,Operational,-1.166667,36.833333
13849,Ngegu Dispensary,Homa Bay,Homa Bay,Dispensary,Ministry of Health,2,0,f,f,Operational,-0.516667,34.45
12648,Ngelani (AIC) Dispensary,Machakos,Machakos,Dispensary,Christian Health Association of Kenya,4,0,f,f,Operational,-1.516667,37.266667
18686,Ngelani Dispensary,Kitui,Mutitu,Dispensary,Ministry of Health,0,0,f,f,Operational,-1.366667,38.016667
20181,Ngelechom Community Dispensary,Busia,Teso South,Dispensary,Ministry of Health,0,0,f,f,Operational,0.46,34.11
17829,Ngelel Tarit Dispensary,Uasin Gishu,Eldoret East,Dispensary,Ministry of Health,15,0,f,f,Operational,0.514277,35.269779
10863,Ngelelya Dispensary,Kiambu,Thika East,Dispensary,Ministry of Health,6,0,f,f,Operational,-1.033333,37.066667
10864,Ngenda Health Centre,Kiambu,Gatundu,Health Centre,Ministry of Health,2,0,f,f,Operational,-1.166667,36.833333
15343,Ngendalel Dispensary,Kericho,Kipkelion,Dispensary,Ministry of Health,4,0,f,f,Operational,-0.366667,35.283333
17097,Ng'endalel Dispensary,Baringo,Mogotio,Dispensary,Ministry of Health,0,0,f,f,Operational,-0.303099,36.080026
20514,Ngendaptich Dispensary,Nakuru,Rongai,Dispensary,Ministry of Health,0,0,f,f,Operational,-0.303099,36.080026
18604,Ngenia Dispensary,Laikipia,Laikipia East,Dispensary,Ministry of Health,1,0,f,f,Operational,0.366667,37.033333
17641,Ngenybogurio Dispensary,Nandi,Nandi Central,Dispensary,Ministry of Health,0,0,f,f,Operational,0.166667,35.133333
15344,Ngenyilel Dispensary,Uasin Gishu,Eldoret West,Dispensary,Ministry of Health,0,0,f,f,Operational,0.516667,35.283333
13850,Ngere Dispensary,Migori,Rongo,Dispensary,Ministry of Health,1,0,f,f,Operational,-1.066667,34.466667
11713,Ngerenya Dispensary,Kilifi,Kilifi North,Dispensary,Ministry of Health,0,0,f,f,Operational,-3.633333,39.85
17711,Ngeri Dispensary,Homa Bay,Suba,Dispensary,Ministry of Health,0,0,f,f,Operational,-0.516667,34.45
15345,Ngeria South Dispensary,Uasin Gishu,Wareng,Dispensary,Ministry of Health,0,0,f,f,Operational,0.514277,35.269779
20168,Ngeta Dispensary,Homa Bay,Rachuonyo North,Dispensary,Ministry of Health,2,1,f,f,Operational,-0.516667,34.45
12650,Ngetani Dispensary,Machakos,Masinga,Dispensary,Ministry of Health,0,2,f,f,Operational,-1.516667,37.266667
17122,Ngeteti Community Health Dispensary,Kiambu,Githunguri,Dispensary,Community,0,0,f,f,Operational,-1.166667,36.833333
15346,Ngetmoi Dispensary,Baringo,Baringo Central,Dispensary,Ministry of Health,4,0,f,f,Operational,0.466667,35.966667
18500,Ngieni Community Dispensary,Kitui,Mwingi East,Dispensary,Non-Governmental Organizations,0,0,f,f,Not-Operational,-1.366667,38.016667
18252,Ngiini Dispensary,Makueni,Mukaa,Dispensary,Ministry of Health,0,0,f,f,Operational,-1.516667,37.266667
20166,Ngiini Dispensary Kathiani,Machakos,Kathiani,Dispensary,Ministry of Health,0,0,f,f,Pending Opening,-1.516667,37.266667
18360,Ngiitakito Dispensary,Turkana,Turkana Central,Dispensary,Ministry of Health,0,0,f,f,Operational,3.116667,35.6
14459,Ngilai Dispensary,Samburu,Samburu East,Dispensary,Non-Governmental Organizations,0,0,f,f,Operational,1.316667,36.983333
12651,Ngiluni Dispensary,Makueni,Kibwezi,Dispensary,Ministry of Health,2,0,f,f,Operational,-1.8,37.616667
20215,Ngiluni Dispensary (Kaiti),Makueni,Kilungu,Dispensary,Ministry of Health,0,0,f,f,Operational,-1.8,37.616667
12652,Ngiluni Dispensary (Kitui),Kitui,Kisasi,Dispensary,Ministry of Health,0,0,f,f,Operational,-1.366667,38.016667
16935,Ngiluni Dispensary (Mwingi),Kitui,Mwingi East,Dispensary,Ministry of Health,0,0,f,f,Operational,-1.366667,38.016667
15347,Nginyang Health Centre,Baringo,East Pokot,Health Centre,Ministry of Health,12,0,f,f,Operational,0.466667,35.966667
20749,Ngiori Dispensary,Embu,Mbeere South,Dispensary,Ministry of Health,0,0,f,f,Operational,-0.533333,37.45
10868,Ngiriambu (ACK) Dispensary,Kirinyaga,Kirinyaga East,Dispensary,Christian Health Association of Kenya,0,0,f,f,Operational,-0.5,37.283333
15348,Ngito Dispensary,Narok,Narok South,Dispensary,Other Faith Based,8,1,f,f,Operational,-1.083333,35.866667
13852,Ng'iya Health Centre,Siaya,Siaya,Health Centre,Kenya Episcopal Conference-Catholic Secretariat,0,0,f,f,Operational,0.066667,34.283333
15349,Ngobit Dispensary,Laikipia,Laikipia Central,Dispensary,Ministry of Health,0,0,f,f,Operational,0.366667,37.033333
13853,Ngodhe Dispensary,Migori,Rongo,Dispensary,Ministry of Health,1,0,f,f,Operational,-1.066667,34.466667
13854,Ng'odhe Island Dispensary,Homa Bay,Suba,Dispensary,Ministry of Health,4,0,f,f,Operational,-0.516667,34.45
12653,Ngoleni Dispensary,Machakos,Kathiani,Dispensary,Ministry of Health,0,0,f,f,Operational,-1.516667,37.266667
10869,Ngoliba Health Centre,Kiambu,Thika East,Health Centre,Ministry of Health,12,6,f,f,Operational,-1.033333,37.066667
11714,Ng'ombeni Dispensary,Kwale,Matuga,Dispensary,Ministry of Health,0,0,f,f,Operational,-4.183333,39.45
11715,Ngomeni Dispensary (Malindi),Kilifi,Magarini,Dispensary,Ministry of Health,0,0,f,f,Operational,-3.216667,40.116667
12654,Ngomeni Health Centre,Kitui,Kyuso,Health Centre,Ministry of Health,7,0,f,f,Operational,-1.366667,38.016667
18131,Ngondu Medical Clinic,Nakuru,Njoro,Medical Clinic,Private Practice - Nurse / Midwife,0,0,f,f,Operational,-0.303099,36.080026
19060,Ngong Medicare Clinic,Kajiado,Kajiado North,Medical Clinic,Private Practice - Clinical Officer,0,0,f,f,Operational,-1.85,36.783333
18238,Ngong Rapha Hospital,Kajiado,Kajiado North,Other Hospital,Private Practice - General Practitioner,10,10,f,f,Operational,-1.85,36.783333
13123,Ngong Road Dispensary,Nairobi,Kibra,Dispensary,Local Authority,0,0,f,f,Operational,-1.286389,36.817223
16864,Ngongoni Dispensary (Kyuso),Kitui,Tseikuru,Dispensary,Ministry of Health,0,0,f,f,Operational,-1.366667,38.016667
12655,Ngongoni Dispensary (Mwingi),Kitui,Mwingi West,Dispensary,Ministry of Health,0,0,f,f,Operational,-1.366667,38.016667
10870,Ngorano Health Centre,Nyeri,Mathira West,Health Centre,Ministry of Health,12,0,f,f,Operational,-0.416667,36.95
10871,Ngorika Dispensary,Nyandarua,Mirangine,Dispensary,Ministry of Health,10,0,f,f,Operational,-0.183333,36.366667
15352,Ngoron Dispensary,Baringo,East Pokot,Dispensary,Ministry of Health,0,0,f,f,Operational,0.466667,35.966667
17752,Ngosuani Dispensary,Narok,Narok South,Dispensary,Other Faith Based,0,0,f,f,Operational,-1.083333,35.866667
21210,Nguguini Dispensary,Kirinyaga,Kirinyaga West,Dispensary,Ministry of Health,0,0,f,f,Operational,-0.5,37.283333
10873,Nguka Health Centre,Kirinyaga,Kirinyaga North,Health Centre,Ministry of Health,0,0,f,f,Operational,-0.5,37.283333
20933,Nguluni Medical Centre,Machakos,Matungulu,Medical Clinic,Private Practice - Clinical Officer,0,0,f,f,Operational,-1.286389,36.817223
19236,Ngumba Medical Centre,Nairobi,Ruaraka,Medical Clinic,Private Enterprise (Institution),10,2,f,f,Operational,-1.286389,36.817223
12658,Nguni Health Centre,Kitui,Mwingi East,Health Centre,Ministry of Health,5,2,f,f,Operational,-1.366667,38.016667
20297,Ngura Medical Clinic,Kitui,Mwingi East,Medical Clinic,Private Practice - Clinical Officer,0,0,f,f,Operational,-1.366667,38.016667
19829,Ngurubani Medical Services,Kirinyaga,Kirinyaga North,Medical Clinic,Private Practice - Nurse / Midwife,0,0,f,f,Operational,-0.5,37.283333
16819,Ngurumo Dispensary,Nyeri,Mathira West,Dispensary,Ministry of Health,0,0,f,f,Operational,-0.416667,36.95
19658,Ngurumo Medical Clinic,Nyandarua,Mirangine,Medical Clinic,Private Practice - Nurse / Midwife,0,0,f,f,Operational,-0.183333,36.366667
12660,Ngurunit Dispensary,Marsabit,Marsabit South,Dispensary,Ministry of Health,1,0,f,f,Operational,2.333333,37.983333
10874,Ngurweini Dispensary,Murang'a,Kandara,Dispensary,Ministry of Health,0,0,f,f,Operational,-0.716667,37.15
10875,Nguthuru Dispensary,Murang'a,Kandara,Dispensary,Ministry of Health,0,0,f,f,Operational,-0.716667,37.15
15355,Ngutuk-Engiron Dispensary,Samburu,Samburu East,Dispensary,Ministry of Health,4,0,f,f,Operational,1.316667,36.983333
12661,Nguuku Dispensary,Kitui,Kyuso,Dispensary,Ministry of Health,0,0,f,f,Operational,-1.366667,38.016667
12662,Nguungani Dispensary,Kitui,Mumoni,Dispensary,Ministry of Health,0,0,f,f,Operational,-1.366667,38.016667
16858,Nguuni Dispensary,Kitui,Kitui Central,Dispensary,Ministry of Health,0,0,f,f,Operational,-1.366667,38.016667
11716,Nguuni Health Centre,Mombasa,Kisauni,Medical Clinic,Private Enterprise (Institution),0,0,f,f,Operational,-4.043477,39.668205
19226,Nguviu Boys High School Clinic,Embu,Manyatta,Medical Clinic,Academic (if registered),0,0,f,f,Operational,-0.533333,37.45
12663,Ngwata Health Centre,Makueni,Kibwezi,Health Centre,Ministry of Health,6,2,f,f,Operational,-1.8,37.616667
16712,Ngwelo Dispensary,Bungoma,Bungoma East,Dispensary,Other Public Institution,0,0,f,f,Not-Operational,0.566667,34.566667
10876,Nhera Clinic,Nyeri,Nyeri Central,Medical Clinic,Private Practice - Medical Specialist,0,0,f,f,Not-Operational,-0.416667,36.95
20746,Nice View Medical Centre,Kwale,Msambweni,Health Centre,Private Practice - Nurse / Midwife,0,0,f,f,Operational,-4.183333,39.45
13856,Nightingale Medical Centre,Kisumu,Kisumu East,Other Hospital,Private Enterprise (Institution),43,2,f,f,Operational,-0.10221,34.761711
19479,Nile Medical Care,Nairobi,Dagoretti South,Dispensary,Private Practice - Clinical Officer,0,0,f,f,Operational,-1.286389,36.817223
17804,Nile Medical Clinic,Samburu,Samburu Central,Medical Clinic,Private Practice - Clinical Officer,0,0,f,f,Operational,1.316667,36.983333
13125,Nimoli Medical Centre,Nairobi,Kasarani,Dispensary,Private Enterprise (Institution),4,1,f,f,Operational,-1.286389,36.817223
21026,Nimoli Medical Services,Nairobi,Embakasi East,Medical Clinic,Private Practice - Nurse / Midwife,0,0,f,f,Operational,-1.286389,36.817223
19759,Ninami Medical Clinic,Trans Nzoia,Trans Nzoia West,Medical Clinic,Private Practice - Clinical Officer,0,0,f,f,Operational,1.016667,34.983333
17357,Ningaini Dispensary,Nyeri,Mukurweini,Dispensary,Community Development Fund,0,0,f,f,Operational,-0.416667,36.95
18798,Nist Dispensary,Nyandarua,Nyandarua West,Dispensary,Parastatal,0,0,f,f,Operational,-0.183333,36.366667
20833,NIWE MEDICAL CLINIC,Kakamega,Butere,Medical Clinic,Private Practice - Nurse / Midwife,2,1,f,f,Pending Opening,0.284767,34.752308
10878,Njabini Health Centre,Nyandarua,Kinangop,Health Centre,Ministry of Health,6,0,f,f,Operational,-0.183333,36.366667
10877,Njabini Maternity and Nursing Home,Nyandarua,Kinangop,Maternity Home,Private Practice - Nurse / Midwife,0,0,f,f,Operational,-0.183333,36.366667
20558,Njaina Dispensary,Tharaka Nithi,Meru South,Dispensary,Ministry of Health,0,0,f,f,Operational,,
10879,Njambi Nursing Home,Kirinyaga,Kirinyaga South,Medical Clinic,Private Enterprise (Institution),0,0,f,f,Operational,-0.5,37.283333
17560,Njambini Catholic Dispensary,Nyandarua,Kinangop,Dispensary,Kenya Episcopal Conference-Catholic Secretariat,0,0,f,f,Operational,-0.183333,36.366667
18966,Njambu Clinic,Murang'a,Kandara,Medical Clinic,Private Practice - Nurse / Midwife,0,0,f,f,Operational,-0.716667,37.15
10880,Njegas Health Centre,Kirinyaga,Kirinyaga North,Health Centre,Ministry of Health,0,0,f,f,Operational,-0.5,37.283333
17458,Njemuka Medical Clinic,Kiambu,Kiambu,Medical Clinic,Private Practice - Nurse / Midwife,0,0,f,f,Operational,-1.033333,37.066667
20534,Njerian Dispensary,Bomet,Bomet Central,Dispensary,Ministry of Health,2,1000,f,f,Operational,-0.783333,35.35
17367,Njeruri Dispensary,Embu,Embu East,Dispensary,Ministry of Health,0,0,f,f,Pending Opening,-0.533333,37.45
17513,Njete Medical Clinic,Bungoma,Bungoma South,Medical Clinic,Private Practice - Nurse / Midwife,2,2,f,f,Operational,0.566667,34.566667
15356,Njipiship Dispensary,Narok,Trans Mara East,Dispensary,Ministry of Health,0,0,f,f,Operational,-1.083333,35.866667
13126,Njiru Dispensary,Nairobi,Kasarani,Dispensary,Local Authority,0,0,f,f,Operational,-1.286389,36.817223
10883,Njoguini Dispensary,Nyeri,Tetu,Dispensary,Ministry of Health,0,0,f,f,Operational,-0.416667,36.95
10884,Njoki Dispensary,Nyeri,Mukurweini,Dispensary,Ministry of Health,0,0,f,f,Operational,-0.416667,36.95
15358,Njoro Health Centre,Nakuru,Njoro,Health Centre,Ministry of Health,20,0,f,f,Operational,-0.303099,36.080026
21164,Njoroge Medical Clinic,Nyandarua,Mirangine,Medical Clinic,Private Practice - Nurse / Midwife,2,2,f,f,Operational,-0.303099,36.080026
15359,Njukini Dispensary,Kajiado,Loitoktok,Dispensary,Ministry of Health,4,0,f,f,Operational,-1.85,36.783333
11718,Njukini Health Centre,Taita Taveta,Taveta,Health Centre,Ministry of Health,7,0,f,f,Operational,,
16835,Njuthine Dispensary,Meru,Meru Central,Dispensary,Ministry of Health,0,0,f,f,Operational,0.05,37.65
12664,Nkabune Dispensary,Meru,Imenti North,Dispensary,Christian Health Association of Kenya,0,0,f,f,Operational,0.05,37.65
15361,Nkama Dispensary,Kajiado,Loitoktok,Dispensary,Ministry of Health,4,0,f,f,Operational,-1.85,36.783333
15362,Nkararo Health Centre,Narok,Trans Mara West - Dikirr,Health Centre,Ministry of Health,12,0,f,f,Operational,-1.083333,35.866667
15363,Nkareta Dispensary,Narok,Narok North,Dispensary,Ministry of Health,0,0,f,f,Operational,-1.083333,35.866667
19942,Nkaroni Dispensary,Samburu,Samburu East,Dispensary,Ministry of Health,0,0,f,f,Operational,1.316667,36.983333
12231,Nkathiari Dispensary,Meru,Igembe South,Dispensary,Ministry of Health,0,0,f,f,Operational,0.05,37.65
19186,Nkirina Medical Clinic,Meru,Igembe North,Medical Clinic,Private Practice - Nurse / Midwife,0,0,f,f,Operational,0.05,37.65
12665,Nkondi Dispensary,Tharaka Nithi,Tharaka South,Dispensary,Ministry of Health,0,0,f,f,Operational,,
15364,Nkorinkori Dispensary,Narok,Narok South,Dispensary,Ministry of Health,0,0,f,f,Operational,-1.083333,35.866667
15365,Nku West Health Centre,Nakuru,Nakuru,Health Centre,Local Authority,0,0,f,f,Operational,-0.303099,36.080026
12666,Nkubu Dispensary,Meru,Imenti South,Dispensary,Ministry of Health,0,0,f,f,Operational,0.05,37.65
12667,Nkubu Medical Clinic,Meru,Imenti South,Medical Clinic,Private Practice - Nurse / Midwife,0,0,f,f,Operational,0.05,37.65
16231,Nkunjumu Dispensary,Meru,Imenti South,Dispensary,Christian Health Association of Kenya,0,0,f,f,Operational,0.05,37.65
18030,Nkutuk Elmuget Dispensary,Samburu,Samburu East,Dispensary,Ministry of Health,0,0,f,f,Operational,1.316667,36.983333
17785,Nkutuk Elmuget Dispensary (Duplicate),Samburu,Samburu East,Dispensary,Ministry of Health,4,0,f,f,Operational,1.316667,36.983333
20790,Nkwego Dispensary,Tharaka Nithi,Meru South,Dispensary,Ministry of Health,0,0,f,f,Operational,,
18156,Noble Medical Clinic,Machakos,Athi River,Medical Clinic,Private Practice - Clinical Officer,0,0,f,f,Operational,-1.516667,37.266667
18960,Nogoi Medical Clinic,Baringo,Mogotio,Medical Clinic,Private Practice - Clinical Officer,0,0,f,f,Operational,0.466667,35.966667
15366,Nolasit Dispensary,Kajiado,Loitoktok,Dispensary,Other Faith Based,4,0,f,f,Operational,-1.85,36.783333
17467,Nopri Medical Centre,Kilifi,Kilifi South,Medical Clinic,Private Practice - Clinical Officer,4,1,f,f,Operational,-3.633333,39.85
20604,Nopri Medical Clinic,Kiambu,Kiambu,Medical Clinic,Private Practice - Clinical Officer,0,0,f,f,Operational,-0.533333,37.45
19749,Norident Dental Clinic Kitale,Trans Nzoia,Trans Nzoia West,Dental Clinic,Private Practice - Clinical Officer,0,0,f,f,Operational,1.016667,34.983333
12668,North Horr Health Centre,Marsabit,North Horr,Health Centre,Kenya Episcopal Conference-Catholic Secretariat,11,0,f,f,Operational,2.333333,37.983333
20319,North Shore Medical Centre,Kilifi,Kilifi South,Medical Clinic,Private Practice - Clinical Officer,0,0,f,f,Operational,-4.043477,39.668205
17511,North Star Alliance Clinic,Makueni,Nzaui,Medical Clinic,Non-Governmental Organizations,0,0,f,f,Operational,-1.8,37.616667
19206,North Star Alliance Wellness Centre,Uasin Gishu,Eldoret East,Medical Clinic,Non-Governmental Organizations,0,0,f,f,Operational,0.516667,35.283333
19123,Northstar Alliance Wellness Centre (Mai Mahiu),Nakuru,Naivasha,Medical Clinic,Non-Governmental Organizations,0,0,f,f,Operational,-0.303099,36.080026
12670,Ntemwene Dispensary,Meru,Imenti South,Dispensary,Ministry of Health,0,0,f,f,Operational,0.05,37.65
12672,Ntha Clinic,Tharaka Nithi,Meru South,Medical Clinic,Private Enterprise (Institution),0,0,f,f,Operational,,
12673,Nthagaiya Catholic Dispensary,Embu,Embu East,Dispensary,Kenya Episcopal Conference-Catholic Secretariat,0,0,f,f,Operational,-0.533333,37.45
16954,Nthangu Dispensary,Makueni,Makueni,Dispensary,Ministry of Health,0,0,f,f,Operational,-1.8,37.616667
16955,Nthimbani Dispensary,Makueni,Makueni,Dispensary,Ministry of Health,0,0,f,f,Operational,-1.8,37.616667
12676,Nthongoni Dispensary (Kibwezi),Makueni,Kibwezi,Health Centre,Ministry of Health,2,0,f,f,Operational,-1.8,37.616667
12677,Nthongoni Dispensary (Kitui),Kitui,Lower Yatta,Dispensary,Ministry of Health,0,0,f,f,Operational,-1.366667,38.016667
20737,Nthungu Dispensary,Meru,Imenti North,Dispensary,Ministry of Health,0,0,f,f,Not-Operational,0.05,37.65
17213,Nthungululu Dispensary,Machakos,Yatta,Dispensary,Ministry of Health,0,0,f,f,Operational,-1.516667,37.266667
13858,Ntimaru Sub-District Hospital,Migori,Kuria East,Sub-District Hospital,Ministry of Health,12,0,f,f,Operational,-1.066667,34.466667
20577,Ntirimiti Dispensary,Meru,Buuri,Dispensary,Ministry of Health,0,0,f,f,Operational,0.05,37.65
15367,Ntulele Dispensary,Narok,Narok North,Dispensary,Ministry of Health,0,0,f,f,Operational,-1.083333,35.866667
20198,Ntunyigi Medical Clinic,Migori,Kuria West,Medical Clinic,Private Practice - Clinical Officer,1,0,f,f,Operational,-1.066667,34.466667
15368,Nturukuma Dispensary,Laikipia,Laikipia East,Dispensary,Ministry of Health,0,0,f,f,Operational,0.366667,37.033333
15369,Nturumeti Dispensary,Narok,Narok North,Dispensary,Other Faith Based,0,0,f,f,Operational,-1.083333,35.866667
18159,Nunguni Medical Clinic,Makueni,Kilungu,Medical Clinic,Private Practice - Nurse / Midwife,3,2,f,f,Operational,-1.8,37.616667
19172,Nureyn Medical and Lab Services,Wajir,Wajir East,Medical Clinic,Private Practice - Nurse / Midwife,0,0,f,f,Operational,1.75,40.066667
11719,Nuru Health Care Centre,Kilifi,Kilifi South,Medical Clinic,Private Enterprise (Institution),0,0,f,f,Operational,-3.633333,39.85
12680,Nuu Catholic Dispensary,Kitui,Mwingi East,Dispensary,Kenya Episcopal Conference-Catholic Secretariat,0,0,f,f,Operational,-1.366667,38.016667
20277,Nuu Medical Clinic,Kitui,Mwingi East,Medical Clinic,Private Practice - Clinical Officer,0,0,f,f,Operational,-1.366667,38.016667
12681,Nuu Sub-District Hospital,Kitui,Mwingi East,Sub-District Hospital,Ministry of Health,4,0,f,f,Operational,-1.366667,38.016667
12682,Nyaani Dispensary,Kitui,Mwingi East,Dispensary,Ministry of Health,0,0,f,f,Operational,-1.366667,38.016667
17137,Nyabangi Dispensary,Kericho,Belgut,Dispensary,Ministry of Health,0,0,f,f,Operational,-0.366667,35.283333
13860,Nyabikomu Dispensary,Nyamira,Borabu,Dispensary,Christian Health Association of Kenya,6,0,f,f,Operational,-0.633333,34.933333
16880,Nyabiosi Dispensary,Kisii,South Gucha,Dispensary,Ministry of Health,0,0,f,f,Operational,-0.683333,34.766667
16423,Nyabioto Dispensary,Kisii,Kisii South,Dispensary,Ministry of Health,0,0,f,f,Operational,-0.683333,34.766667
13862,Nyabokarange Dispensary,Migori,Kuria West,Dispensary,Ministry of Health,1,0,f,f,Operational,-1.066667,34.466667
18865,Nyabola CDF Dispensary,Kisumu,Nyakach,Dispensary,Ministry of Health,0,0,f,f,Operational,-0.10221,34.761711
13863,Nyabola Dispensary,Homa Bay,Rachuonyo South,Dispensary,Ministry of Health,0,0,f,f,Operational,-0.516667,34.45
13864,Nyabondo Mission Hospital,Kisumu,Nyakach,Other Hospital,Kenya Episcopal Conference-Catholic Secretariat,250,25,f,f,Operational,-0.10221,34.761711
18867,Nyabondo Rehabilitation Centre,Kisumu,Nyakach,Dispensary,Christian Health Association of Kenya,0,0,f,f,Operational,-0.10221,34.761711
13866,Nyabururu Dispensary,Kisii,Kisii Central,Dispensary,Kenya Episcopal Conference-Catholic Secretariat,0,0,f,f,Operational,-0.683333,34.766667
11720,Nyache Health Centre,Taita Taveta,Wundanyi,Health Centre,Ministry of Health,15,1,f,f,Operational,,
13867,Nyacheki Sub-District Hospital,Kisii,Nyamache,Sub-District Hospital,Ministry of Health,32,0,f,f,Operational,-0.683333,34.766667
13868,Nyachenge Dispensary,Kisii,Nyamache,Dispensary,Ministry of Health,0,0,f,f,Operational,-0.683333,34.766667
13869,Nyachogochogo Dispensary,Kisii,Nyamache,Dispensary,Ministry of Health,0,0,f,f,Operational,-0.683333,34.766667
13870,Nyadenda Health Centre,Homa Bay,Suba,Health Centre,Ministry of Health,4,0,f,f,Operational,-0.516667,34.45
17535,Nyadhi Dispensary,Siaya,Siaya,Dispensary,Ministry of Health,0,0,f,f,Operational,0.066667,34.283333
16266,Nyagancha Dispensary,Nyamira,North Masaba,Dispensary,Ministry of Health,2,0,f,f,Operational,-0.633333,34.933333
13871,Nyagesenda Dispensary,Kisii,Marani,Dispensary,Christian Health Association of Kenya,0,0,f,f,Operational,-0.683333,34.766667
16881,Nyagichenche (SDA) Dispensary,Kisii,South Gucha,Dispensary,Christian Health Association of Kenya,0,0,f,f,Operational,-0.683333,34.766667
13872,Nyagiki Dispensary,Kisii,Sameta,Dispensary,Ministry of Health,0,0,f,f,Operational,-0.683333,34.766667
13874,Nyagoko Dispensary,Siaya,Rarieda,Dispensary,Ministry of Health,0,0,f,f,Operational,0.066667,34.283333
13875,Nyagoro Health Centre,Homa Bay,Homa Bay,Health Centre,Ministry of Health,8,0,f,f,Operational,-0.516667,34.45
13876,Nyagoto Dispensary,Kisii,Marani,Dispensary,Ministry of Health,0,0,f,f,Operational,-0.683333,34.766667
13873,Nyagowa Elck Dispensary,Homa Bay,Rachuonyo South,Dispensary,Other Faith Based,0,0,f,f,Operational,-0.516667,34.45
13877,Nyaguda Dispensary,Siaya,Bondo,Dispensary,Ministry of Health,2,0,f,f,Operational,0.066667,34.283333
13878,Nyaguta Dispensary,Kisii,Kisii Central,Dispensary,Ministry of Health,0,0,f,f,Operational,-0.683333,34.766667
13879,Nyagwethe Dispensary,Homa Bay,Suba,Dispensary,Kenya Episcopal Conference-Catholic Secretariat,0,0,f,f,Operational,-0.516667,34.45
10890,Nyahururu District Hospital,Laikipia,Nyahururu,District Hospital,Ministry of Health,142,27,f,f,Operational,0.366667,37.033333
16666,Nyaitara Dispensary,Migori,Kuria East,Dispensary,Ministry of Health,3,0,f,f,Operational,-1.066667,34.466667
13881,Nyakach (AIC) Dispensary,Kisumu,Nyakach,Dispensary,Christian Health Association of Kenya,4,0,f,f,Operational,-0.10221,34.761711
13921,Nyakach Sub County Hospital,Kisumu,Nyakach,District Hospital,Ministry of Health,20,2,f,f,Operational,-0.10221,34.761711
10892,Nyakahuho Dispensary,Nyeri,Mukurweini,Dispensary,Ministry of Health,0,0,f,f,Operational,-0.416667,36.95
13882,Nyakegogi Dispensary,Kisii,Sameta,Dispensary,Ministry of Health,0,0,f,f,Operational,-0.683333,34.766667
15370,Nyakiambi Dispensary,Nakuru,Molo,Dispensary,Ministry of Health,0,0,f,f,Operational,-0.303099,36.080026
10893,Nyakianga Health Centre,Murang'a,Mathioya,Health Centre,Ministry of Health,0,0,f,f,Operational,-0.716667,37.15
13884,Nyakongo Dispensary,Kisumu,Nyando,Dispensary,Ministry of Health,3,0,f,f,Operational,-0.10221,34.761711
20500,Nyakunguru Dispensary,Kisumu,Muhoroni,Dispensary,Ministry of Health,0,0,f,f,Operational,-0.10221,34.761711
13885,Nyakuru Dispensary,Migori,Awendo,Dispensary,Ministry of Health,6,0,f,f,Operational,-1.066667,34.466667
13886,Nyakwana Dispensary,Kisii,Kisii Central,Dispensary,Ministry of Health,0,0,f,f,Operational,-0.683333,34.766667
19499,Nyalego Medical Clinic,Nairobi,Dagoretti North,Dispensary,Private Practice - Nurse / Midwife,0,0,f,f,Operational,-1.286389,36.817223
13887,Nyalenda Health Centre,Kisumu,Kisumu East,Health Centre,Local Authority,0,0,f,f,Operational,-0.10221,34.761711
13888,Nyalenda Nursing Home,Homa Bay,Rachuonyo South,Nursing Home,Private Practice - General Practitioner,10,2,f,f,Operational,-0.516667,34.45
13889,Nyalgosi Dispensary,Homa Bay,Rachuonyo South,Dispensary,Ministry of Health,0,0,f,f,Operational,-0.516667,34.45
11722,Nyali Barracks Dispensary,Mombasa,Kisauni,Dispensary,Armed Forces,0,0,f,f,Operational,-4.043477,39.668205
16543,Nyali Children Hospital,Mombasa,Kisauni,Other Hospital,Private Enterprise (Institution),32,0,f,f,Operational,-4.043477,39.668205
19065,Nyali Childrens Hospital,Mombasa,Likoni,Health Centre,Private Practice - General Practitioner,4,0,f,f,Operational,-4.043477,39.668205
20913,Nyalkembo Dispensary,Homa Bay,Suba,Dispensary,Ministry of Health,2,2,f,f,Operational,-0.516667,34.45
16986,Nyalkinyi (Jersey) Dispensary,Homa Bay,Homa Bay,Dispensary,Ministry of Health,8,0,f,f,Operational,-0.516667,34.45
13890,Nyalunya Dispensary,Kisumu,Kisumu East,Dispensary,Ministry of Health,4,0,f,f,Operational,-0.10221,34.761711
13891,Nyamache District Hospital,Kisii,Nyamache,District Hospital,Ministry of Health,40,0,f,f,Operational,-0.683333,34.766667
16265,Nyamagesa Dispensary,Kisii,Masaba South,Dispensary,Ministry of Health,2,0,f,f,Operational,-0.683333,34.766667
16878,Nyamagiri Dispensary,Kisii,Kisii South,Dispensary,Ministry of Health,0,0,f,f,Operational,-0.683333,34.766667
13893,Nyamagwa Health Centre,Kisii,Sameta,Health Centre,Ministry of Health,44,0,f,f,Operational,-0.683333,34.766667
13895,Nyamakoroto Dispensary,Nyamira,North Masaba,Dispensary,Christian Health Association of Kenya,2,0,f,f,Operational,-0.633333,34.933333
15372,Nyamamithi Dispensary,Nakuru,Rongai,Dispensary,Ministry of Health,0,0,f,f,Operational,-0.303099,36.080026
13897,Nyamaraga Health Centre,Migori,Migori,Health Centre,Ministry of Health,2,0,f,f,Operational,-1.066667,34.466667
13899,Nyamarimba Dispensary,Kisumu,Nyakach,Dispensary,Ministry of Health,0,0,f,f,Operational,-0.10221,34.761711
13900,Nyamasare Dispensary,Migori,Uriri,Dispensary,Ministry of Health,5,2,f,f,Operational,-1.066667,34.466667
13901,Nyamasege Dispensary,Kisii,Gucha,Dispensary,Ministry of Health,0,0,f,f,Not-Operational,-0.683333,34.766667
13902,Nyamasi Dispensary,Homa Bay,Homa Bay,Dispensary,Ministry of Health,0,0,f,f,Operational,-0.516667,34.45
13903,Nyamasibi Health Centre,Kisii,Masaba South,Dispensary,Ministry of Health,1,0,f,f,Operational,-0.683333,34.766667
15373,Nyamathi Dispensary,Nakuru,Naivasha,Dispensary,Ministry of Health,0,0,f,f,Operational,-0.303099,36.080026
19867,Nyambare Dispensary,Homa Bay,Homa Bay,Dispensary,Ministry of Health,2,1,f,f,Operational,-0.516667,34.45
13905,Nyambari Geke Dispensary,Nyamira,Manga,Dispensary,Ministry of Health,1,0,f,f,Operational,-0.633333,34.933333
18925,Nyambene Medical & Surgical Centre,Meru,Igembe Central,Medical Clinic,Private Practice - Clinical Officer,0,0,f,f,Operational,0.05,37.65
13906,Nyambunwa Medical Clinic,Kisii,Kisii South,Medical Clinic,Private Enterprise (Institution),0,0,f,f,Operational,-0.683333,34.766667
13907,Nyamekongoroto Health Centre,Migori,Kuria West,Health Centre,Ministry of Health,0,0,f,f,Operational,-1.066667,34.466667
13908,Nyamemiso Dispensary,Kisii,Kisii Central,Dispensary,Ministry of Health,0,0,f,f,Operational,-0.683333,34.766667
13909,Nyametaburo Health Centre,Migori,Kuria West,Health Centre,Ministry of Health,6,0,f,f,Operational,-1.066667,34.466667
13910,Nyametembe Dispensary,Migori,Kuria East,Dispensary,Ministry of Health,0,0,f,f,Operational,-1.066667,34.466667
21192,Nyamilu Dispensary,Migori,Migori,Dispensary,Ministry of Health,2,0,f,f,Operational,-1.066667,34.466667
13911,Nyamira Adventist Health Centre,Nyamira,Nyamira,Health Centre,Christian Health Association of Kenya,4,0,f,f,Operational,-0.633333,34.933333
13912,Nyamira District Hospital,Nyamira,Nyamira,District Hospital,Ministry of Health,203,22,f,f,Operational,-0.633333,34.933333
13913,Nyamira Maternity and Nursing Home,Nyamira,Nyamira,Nursing Home,Private Enterprise (Institution),44,6,f,f,Operational,-0.633333,34.933333
18342,Nyamira Royal Clinic,Nyamira,Nyamira,Medical Clinic,Private Practice - Nurse / Midwife,6,1,f,f,Operational,-0.633333,34.933333
13983,Nyamogonchoro Dispensary,Kisii,South Gucha,Dispensary,Ministry of Health,0,0,f,f,Operational,-0.683333,34.766667
20133,Nyamokenye Health Centre(Sameta),Kisii,Sameta,Health Centre,Ministry of Health,0,0,f,f,Operational,-0.683333,34.766667
13915,Nyamrisra Health Centre,Homa Bay,Suba,Health Centre,Ministry of Health,1,0,f,f,Operational,-0.516667,34.45
13916,Nyamusi Sub-District Hospital,Nyamira,Nyamira North,Sub-District Hospital,Ministry of Health,50,0,f,f,Operational,-0.633333,34.933333
13917,Nyanchonori Dispensary,Nyamira,North Masaba,Dispensary,Ministry of Health,1,0,f,f,Operational,-0.633333,34.933333
13918,Nyanchwa Dispensary,Kisii,Kisii Central,Dispensary,Christian Health Association of Kenya,0,0,f,f,Operational,-0.683333,34.766667
16877,Nyandiwa Baptist Dispensary,Homa Bay,Rachuonyo South,Dispensary,Christian Health Association of Kenya,9,0,f,f,Operational,-0.516667,34.45
13920,Nyandiwa Dispensary,Homa Bay,Suba,Dispensary,Ministry of Health,0,0,f,f,Operational,-0.516667,34.45
13922,Nyandoche Ibere Dispensary,Nyamira,Borabu,Dispensary,Ministry of Health,1,0,f,f,Operational,-0.633333,34.933333
18786,Nyandusi,Siaya,Bondo,Maternity Home,Private Practice - Nurse / Midwife,30,0,f,f,Operational,0.066667,34.283333
20339,Nyandwela Medical Clinic,Siaya,Bondo,Medical Clinic,Private Practice - Clinical Officer,2,1,f,f,Operational,-0.10221,34.761711
20315,Nyang'aita Dispensary,West Pokot,Pokot Central,Dispensary,Ministry of Health,0,0,f,f,Operational,1.233333,35.116667
20172,Nyangajo Dispensary,Homa Bay,Rachuonyo North,Dispensary,Ministry of Health,2,2,f,f,Operational,-0.516667,34.45
13923,Nyangande Health Centre,Kisumu,Nyando,Health Centre,Ministry of Health,16,0,f,f,Operational,-0.10221,34.761711
13925,Nyangena Hospital,Kisii,Kisii Central,Other Hospital,Private Enterprise (Institution),150,0,f,f,Operational,-0.683333,34.766667
13924,Nyangena Sub District Hospital (Manga),Nyamira,Manga,Sub-District Hospital,Ministry of Health,6,0,f,f,Operational,-0.633333,34.933333
13926,Nyangiela Dispensary,Homa Bay,Rachuonyo South,Health Centre,Ministry of Health,0,0,f,f,Operational,-0.516667,34.45
17832,Nyangiti Health Centre,Murang'a,Mathioya,Health Centre,Ministry of Health,0,0,f,f,Operational,-0.716667,37.15
17646,Nyango Dispensary,Kwale,Kinango,Dispensary,Ministry of Health,5,5,f,f,Operational,-4.183333,39.45
13927,Nyangoge Health Centre,Migori,Kuria West,Health Centre,Ministry of Health,10,0,f,f,Operational,-1.066667,34.466667
13928,Nyang'oma Health Centre,Kisumu,Muhoroni,Health Centre,Ministry of Health,2,0,f,f,Operational,-0.10221,34.761711
13929,Nyang'oma Mission Health Centre,Siaya,Bondo,Health Centre,Kenya Episcopal Conference-Catholic Secretariat,20,0,f,f,Operational,0.066667,34.283333
20501,Nyangore Dispensary,Kisumu,Muhoroni,Dispensary,Ministry of Health,0,0,f,f,Operational,-0.10221,34.761711
16082,Nyang'ori Health Centre,Vihiga,Hamisi,Health Centre,Other Faith Based,7,0,f,f,Not-Operational,0.083333,34.716667
16988,Nyangweta Health Centre,Nyamira,Nyamira,Health Centre,Ministry of Health,4,0,f,f,Operational,-0.633333,34.933333
13931,Nyanko Dispensary,Kisii,Kisii Central,Dispensary,Ministry of Health,0,0,f,f,Operational,-0.683333,34.766667
13932,Nyankono Dispensary,Nyamira,Borabu,Dispensary,Ministry of Health,1,0,f,f,Operational,-0.633333,34.933333
21101,Nyankore Health Center,Migori,Kuria West,Health Centre,Ministry of Health,15,5,f,f,Operational,-1.066667,34.466667
16990,Nyansabakwa Health Centre,Nyamira,Nyamira,Health Centre,Ministry of Health,2,0,f,f,Not-Operational,-0.633333,34.933333
13933,Nyansakia Health Centre,Kisii,Sameta,Health Centre,Ministry of Health,0,0,f,f,Operational,-0.683333,34.766667
13934,Nyansancha Dispensary,Kisii,Kisii Central,Dispensary,Ministry of Health,0,0,f,f,Operational,-0.683333,34.766667
13937,Nyansiongo Nursing Home,Nyamira,Borabu,Nursing Home,Private Enterprise (Institution),38,1,f,f,Operational,-0.633333,34.933333
13938,Nyansira Dispensary,Kisii,Kisii Central,Dispensary,Ministry of Health,0,0,f,f,Operational,-0.683333,34.766667
18446,Nyanturago Health Centre,Nyamira,Nyamira,Health Centre,Ministry of Health,4,1,f,f,Operational,-0.633333,34.933333
16876,Nyaoga Community Dispensary,Homa Bay,Rachuonyo North,Dispensary,Non-Governmental Organizations,2,0,f,f,Operational,-0.516667,34.45
17714,Nyaore Dispensary,Kisii,Kisii Central,Dispensary,Ministry of Health,0,0,f,f,Operational,-0.683333,34.766667
17082,Nyaporo Dispensary,Kakamega,Mumias,Dispensary,Ministry of Health,4,0,f,f,Operational,0.284767,34.752308
18862,Nyara Tea Estate Dispensary,Kiambu,Limuru,Dispensary,Private Practice - Nurse / Midwife,0,0,f,f,Operational,-1.166667,36.833333
17738,Nyarami VCT,Migori,Migori,Medical Clinic,Non-Governmental Organizations,2,0,f,f,Operational,-1.066667,34.466667
10894,Nyaribo Dispensary,Nyeri,Nyeri Central,Dispensary,Ministry of Health,0,0,f,f,Operational,-0.416667,36.95
15374,Nyaru Dispensary,Elgeyo Marakwet,Keiyo South,Dispensary,Ministry of Health,0,0,f,f,Operational,0.514277,35.269779
19860,Nyarut Health Centre,Homa Bay,Homa Bay,Health Centre,Ministry of Health,12,4,f,f,Operational,-0.516667,34.45
13941,Nyasese Dispensary,Migori,Kuria West,Dispensary,Ministry of Health,0,0,f,f,Operational,-1.066667,34.466667
13942,Nyasike Dispensary,Kisii,Masaba South,Dispensary,Ministry of Health,2,0,f,f,Operational,-0.683333,34.766667
20075,Nyasoko Dispensary,Migori,Uriri,Dispensary,Ministry of Health,2,2,f,f,Operational,-1.066667,34.466667
13943,Nyasore Dispensary,Kisii,Marani,Dispensary,Christian Health Association of Kenya,0,0,f,f,Operational,-0.683333,34.766667
10895,Nyathuna Sub District Hospital,Kiambu,Kikuyu,Sub-District Hospital,Ministry of Health,10,3,f,f,Operational,-1.166667,36.833333
13945,Nyatike Health Centre,Kisii,South Gucha,Health Centre,Ministry of Health,10,5,f,f,Operational,-0.683333,34.766667
13946,Nyatoto Health Centre,Homa Bay,Suba,Health Centre,Ministry of Health,6,0,f,f,Operational,-0.516667,34.45
21053,Nyaura Dispensary,Kisii,Kisii Central,Dispensary,Ministry of Health,0,0,f,f,Not-Operational,-0.683333,34.766667
18051,Nyawango Dispensary,Homa Bay,Rachuonyo South,Dispensary,Ministry of Health,0,0,f,f,Operational,-0.516667,34.45
19863,Nyawawa Dispensary,Homa Bay,Homa Bay,Dispensary,Ministry of Health,2,1,f,f,Operational,-0.516667,34.45
19864,Nyawita Dispensary,Homa Bay,Homa Bay,Dispensary,Ministry of Health,2,1,f,f,Operational,-0.516667,34.45
20038,Nyayiera Dispensary,Siaya,Rarieda,Dispensary,Ministry of Health,0,0,f,f,Operational,0.066667,34.283333
10896,Nyeri (Islamic Foundation) Clinic,Nyeri,Nyeri Central,Dispensary,Supreme Council for Kenya Muslims,0,0,f,f,Not-Operational,-0.416667,36.95
21003,Nyeri County Beyond Zero Clinic,Nyeri,Nyeri Central,Health Centre,Ministry of Health,0,0,f,f,Operational,-0.416667,36.95
19773,Nyeri Endoscopy & Surgicare Centre,Nyeri,Nyeri Central,Medical Clinic,Private Practice - Medical Specialist,0,0,f,f,Operational,-0.416667,36.95
19768,Nyeri Good Shepherd Primary Clinic,Nyeri,Nyeri Central,Medical Clinic,Private Enterprise (Institution),0,0,f,f,Operational,-0.416667,36.95
10899,Nyeri High School Clinic,Nyeri,Nyeri Central,Dispensary,Academic (if registered),0,0,f,f,Operational,-0.416667,36.95
19767,Nyeri High School Dispensary,Nyeri,Nyeri Central,Medical Clinic,Academic (if registered),0,0,f,f,Operational,-0.416667,36.95
17002,Nyeri Hill (PCEA) Dispensary,Nyeri,Tetu,Dispensary,Christian Health Association of Kenya,0,0,f,f,Unknown,-0.416667,36.95
10900,Nyeri Hospice,Nyeri,Nyeri Central,Medical Clinic,Non-Governmental Organizations,0,0,f,f,Operational,-0.416667,36.95
20865,Nyeri Medical & Diabetic Centre,Nyeri,Kieni West,Medical Clinic,Private Practice - Clinical Officer,0,0,f,f,Operational,-0.416667,36.95
10903,Nyeri Provincial General Hospital (PGH),Nyeri,Nyeri Central,Provincial General Hospital,Ministry of Health,323,61,f,f,Operational,-0.416667,36.95
10904,Nyeri Surgical Care Centre,Nyeri,Nyeri Central,Medical Clinic,Private Practice - Medical Specialist,0,0,f,f,Operational,-0.416667,36.95
19763,Nyeri Technical Dispensary,Nyeri,Nyeri Central,Dispensary,Academic (if registered),0,0,f,f,Operational,-0.416667,36.95
10905,Nyeri Town Health Centre,Nyeri,Nyeri Central,Health Centre,Ministry of Health,0,0,f,f,Operational,-0.416667,36.95
10906,Nyeri Youth Heath Centre (Family Health Options Ke,Nyeri,Nyeri Central,VCT Centre (Stand-Alone),Non-Governmental Organizations,0,0,f,f,Operational,-0.416667,36.95
18052,Nyikendo Medical Clinic,Migori,Migori,Medical Clinic,Private Enterprise (Institution),2,0,f,f,Operational,-1.066667,34.466667
13129,Nyina Wa Mumbi Dispensary,Nairobi,Dagoretti North,Dispensary,Other Faith Based,0,0,f,f,Operational,-1.286389,36.817223
18523,Nyongores Dispensary,Bomet,Bomet Central,Dispensary,Ministry of Health,0,0,f,f,Operational,-0.783333,35.35
15375,Nyonjoro Maternity Home,Nakuru,Nakuru North,Maternity Home,Private Enterprise (Institution),6,2,f,f,Operational,-0.303099,36.080026
15376,Nyonjoro Medical Clinic (Nakuru),Nakuru,Nakuru,Medical Clinic,Private Practice - Nurse / Midwife,0,0,f,f,Operational,-0.303099,36.080026
19191,Nyota Njema Medical Clinic,Meru,Igembe North,Medical Clinic,Private Practice - Nurse / Midwife,0,0,f,f,Operational,0.05,37.65
15377,Nys Dispensary (Gilgil),Nakuru,Gilgil,Dispensary,Ministry of Health,0,0,f,f,Operational,-0.303099,36.080026
15378,Nys Dispensary (Keiyo),Elgeyo Marakwet,Keiyo South,Dispensary,Ministry of Health,0,0,f,f,Operational,0.514277,35.269779
11723,Nys Dispensary (Kilindini),Mombasa,Likoni,Dispensary,Ministry of Health,0,0,f,f,Operational,-4.043477,39.668205
15379,Nys Dispensary (Kirimun),Samburu,Samburu Central,Dispensary,Ministry of Health,0,0,f,f,Operational,1.316667,36.983333
15380,Nys Karate Dispensary,Nakuru,Naivasha,Dispensary,Ministry of Health,0,0,f,f,Operational,-0.303099,36.080026
21188,Nyumba Kubwa Community Clinic(Darajani),Nairobi,Kibra,Dispensary,Ministry of Health,0,0,f,f,Pending Opening,-1.286389,36.817223
13131,Nyumbani Diagnostic Laboratory and Medical Clinic,Nairobi,Langata,Medical Clinic,Non-Governmental Organizations,2,0,f,f,Operational,-1.286389,36.817223
18199,Nyumbani Village Catholic Dispensary,Kitui,Lower Yatta,Dispensary,Christian Health Association of Kenya,0,0,f,f,Operational,-1.366667,38.016667
12687,Nzaini Dispensary,Machakos,Machakos,Dispensary,Ministry of Health,4,0,f,f,Operational,-1.516667,37.266667
16992,Nzangathi health centre,Kitui,Nzambani,Dispensary,Ministry of Health,1,0,f,f,Operational,-1.366667,38.016667
12689,Nzatani Dispensary (Mwingi),Kitui,Mwingi West,Dispensary,Ministry of Health,1,0,f,f,Operational,-1.366667,38.016667
16929,Nzauni Dispensary,Kitui,Mwingi West,Dispensary,Ministry of Health,0,0,f,f,Operational,-1.366667,38.016667
12690,Nzawa Health Centre,Kitui,Mwingi West,Health Centre,Ministry of Health,13,0,f,f,Operational,-1.366667,38.016667
12691,Nzeluni Health Centre,Kitui,Mwingi West,Health Centre,Ministry of Health,0,0,f,f,Operational,-1.366667,38.016667
12692,Nzeveni Dispensary,Makueni,Kibwezi,Health Centre,Ministry of Health,3,0,f,f,Operational,-1.8,37.616667
20298,Nzikani community centre,Kitui,Mwingi East,Dispensary,Private Practice - Unspecified,0,0,f,f,Operational,-1.366667,38.016667
12693,Nziu Health Centre,Makueni,Makueni,Health Centre,Ministry of Health,1,0,f,f,Operational,-1.8,37.616667
15381,Nzoia Dispensary (Trans Nzoia East),Trans Nzoia,Trans Nzoia East,Dispensary,Ministry of Health,0,0,f,f,Operational,1.016667,34.983333
16086,Nzoia Matete Dispensary,Kakamega,Matete,Dispensary,Ministry of Health,0,0,f,f,Operational,0.284767,34.752308
18111,Nzoia Medical Centre,Bungoma,Bungoma South,Nursing Home,Private Practice - Unspecified,16,0,f,f,Operational,0.566667,34.566667
16085,Nzoia Sugar Dispensary,Bungoma,Bungoma South,Dispensary,Company Medical Service,0,0,f,f,Operational,0.566667,34.566667
19626,Nzukini Dispensary,Machakos,Masinga,Dispensary,Ministry of Health,0,1,f,f,Operational,-1.516667,37.266667
12695,Nzunguni Dispensary,Kitui,Kitui Central,Dispensary,Ministry of Health,0,0,f,f,Operational,-1.366667,38.016667
10907,Oaklands Estate Dispensary,Kiambu,Ruiru,Dispensary,Company Medical Service,0,0,f,f,Operational,-1.166667,36.833333
21129,Oasis Care Centre Andapol Clinic Awendo,Migori,Awendo,Medical Clinic,Private Practice - Clinical Officer,2,1,f,f,Operational,-1.066667,34.466667
20051,Oasis Doctors Plaza Medical Centre,Migori,Migori,Medical Clinic,Private Practice - Medical Specialist,4,0,f,f,Operational,-1.066667,34.466667
20924,Oasis Doctors Plaza-Nyamira,Nyamira,Nyamira,Medical Clinic,Private Practice - Medical Specialist,2,0,f,f,Operational,-0.633333,34.933333
11912,Oasis Medical Center,Kilifi,Kilifi South,Dispensary,Christian Health Association of Kenya,9,1,f,f,Operational,-3.633333,39.85
18436,Oasis Medical Clinic,Nairobi,Embakasi North,Medical Clinic,Private Practice - Unspecified,0,0,f,f,Operational,-1.286389,36.817223
17991,Oasis Mission Hospital,Kiambu,Kikuyu,Other Hospital,Other Faith Based,7,2,f,f,Operational,-1.286389,36.817223
21185,Oasis of Hope Medical Centre,Bungoma,Bungoma East,Medical Clinic,Private Practice - Clinical Officer,0,0,f,f,Operational,0.566667,34.566667
20619,Oasis Specialist Hospital,Kisii,Kisii Central,Other Hospital,Private Practice - Medical Specialist,300,6,f,f,Operational,-0.683333,34.766667
13950,Obalwanda Dispensary,Homa Bay,Mbita,Dispensary,Ministry of Health,0,0,f,f,Operational,-0.516667,34.45
16087,Obekai Dispensary,Busia,Teso South,Dispensary,Ministry of Health,0,0,f,f,Operational,0.46,34.11
13953,Ober Health Centre,Homa Bay,Rachuonyo South,Health Centre,Ministry of Health,5,0,f,f,Operational,-0.516667,34.45
13954,Ober Kamoth Health Centre,Kisumu,Kisumu West,Health Centre,Local Authority,7,0,f,f,Operational,-0.10221,34.761711
13955,Oboch Dispensary,Kisumu,Nyakach,Dispensary,Ministry of Health,0,0,f,f,Operational,-0.10221,34.761711
13956,Obumba Dispensary,Kisumu,Muhoroni,Dispensary,Ministry of Health,0,0,f,f,Operational,-0.10221,34.761711
13957,Obunga Dispensary,Homa Bay,Homa Bay,Dispensary,Ministry of Health,0,0,f,f,Operational,-0.516667,34.45
19866,Obuya Dispensary,Homa Bay,Homa Bay,Dispensary,Ministry of Health,2,1,f,f,Operational,-0.516667,34.45
13958,Obwanda Dispensary,Homa Bay,Homa Bay,Dispensary,Ministry of Health,1,0,f,f,Operational,-0.516667,34.45
20568,Obware Health Centre,Migori,Nyatike,Health Centre,Ministry of Health,15,4,f,f,Operational,-1.066667,34.466667
20085,Ocean Breeze Medical Facilty,Mombasa,Kisauni,Nursing Home,Private Practice - General Practitioner,10,4,f,f,Operational,-4.043477,39.668205
15382,Ochii Dispensary,Baringo,Baringo Central,Dispensary,Ministry of Health,0,0,f,f,Operational,0.466667,35.966667
11725,Oda Dispensary,Tana River,Tana Delta,Dispensary,Ministry of Health,2,0,f,f,Operational,-1.5,40.033333
12698,Odda Dispensary (Moyale),Marsabit,Moyale,Dispensary,Ministry of Health,0,0,f,f,Operational,2.333333,37.983333
19492,Odeon Medical Centre (Nairobi),Nairobi,Starehe,Medical Clinic,Private Practice - General Practitioner,0,0,f,f,Operational,-1.286389,36.817223
17515,Oding Dispensary,Siaya,Gem,Dispensary,Ministry of Health,4,2,f,f,Operational,0.066667,34.283333
13132,Ofafa I Clinic,Nairobi,Makadara,Medical Clinic,Local Authority,0,0,f,f,Operational,-1.286389,36.817223
13962,Ogande Dispensary,Homa Bay,Homa Bay,Dispensary,Christian Health Association of Kenya,5,0,f,f,Operational,-0.516667,34.45
13963,Ogango Dispensary,Nyamira,Manga,Dispensary,Ministry of Health,1,0,f,f,Operational,-0.633333,34.933333
16257,Ogembo Medical Clinic,Kisii,Gucha,Medical Clinic,Private Practice - Clinical Officer,0,0,f,f,Operational,-0.683333,34.766667
13965,Ogen Dispensary,Kisumu,Muhoroni,Dispensary,Ministry of Health,0,0,f,f,Operational,-0.10221,34.761711
15383,Ogirgir Tea Dispensary,Nandi,Nandi East,Dispensary,Company Medical Service,0,0,f,f,Operational,0.166667,35.133333
20960,Ogongo Community Dispensary,Migori,Nyatike,Dispensary,Ministry of Health,4,0,f,f,Operational,-1.066667,34.466667
13967,Ogongo Sub-District Hospital,Homa Bay,Mbita,Sub-District Hospital,Ministry of Health,7,0,f,f,Operational,-0.516667,34.45
13968,Ogra Health Centre,Kisumu,Muhoroni,Health Centre,Non-Governmental Organizations,15,4,f,f,Operational,-0.10221,34.761711
16088,Ojm Medical Clinic,Vihiga,Emuhaya,Medical Clinic,Private Practice - Nurse / Midwife,1,0,f,f,Operational,0.083333,34.716667
13971,Ojola Dispensary,Kisumu,Kisumu West,Dispensary,Local Authority,0,0,f,f,Operational,-0.10221,34.761711
20152,Ojwando Dispensary,Homa Bay,Rachuonyo South,Dispensary,Ministry of Health,0,0,f,f,Operational,-0.516667,34.45
20666,Okana Dispensary,Kisumu,Nyando,Dispensary,Ministry of Health,1,1,f,f,Operational,-0.10221,34.761711
13972,Okiki Amayo Health Centre,Homa Bay,Rachuonyo North,Health Centre,Ministry of Health,7,3,f,f,Operational,-0.516667,34.45
15385,Okilgei Dispensary,Nakuru,Rongai,Dispensary,Ministry of Health,0,0,f,f,Operational,-0.303099,36.080026
13973,Okitta Maternity Nursing Home,Homa Bay,Rachuonyo South,Nursing Home,Private Enterprise (Institution),26,0,f,f,Operational,-0.516667,34.45
17245,Okook Dispensary,Busia,Teso South,Dispensary,Ministry of Health,0,0,f,f,Operational,0.46,34.11
10909,Ol Jabet Medical Clinic,Laikipia,Nyahururu,Medical Clinic,Private Practice - Clinical Officer,0,0,f,f,Operational,0.366667,37.033333
10910,Ol Jororok Medical Clinic,Nyandarua,Nyandarua West,Medical Clinic,Private Practice - Nurse / Midwife,0,0,f,f,Operational,-0.183333,36.366667
13974,Olando Dispensary,Homa Bay,Rachuonyo North,Dispensary,Ministry of Health,0,0,f,f,Operational,-0.516667,34.45
15386,Ol-Arabel Dispensary,Baringo,Marigat,Dispensary,Ministry of Health,0,0,f,f,Operational,0.466667,35.966667
13976,Olasi Dispensary (Nyando),Kisumu,Nyando,Dispensary,Ministry of Health,3,0,f,f,Operational,-0.10221,34.761711
15387,Olasiti (AIC) Dispensary,Narok,Narok North,Dispensary,Christian Health Association of Kenya,0,0,f,f,Operational,-1.083333,35.866667
15388,Olbutyo Health Centre,Bomet,Chepalungu,Health Centre,Ministry of Health,9,0,f,f,Operational,-0.783333,35.35
17802,Olchekut Community Based Clinic,Narok,Narok North,Medical Clinic,Private Practice - Nurse / Midwife,0,0,f,f,Operational,-1.083333,35.866667
16328,Olchobosei Clinic,Narok,Trans Mara East,Medical Clinic,Private Enterprise (Institution),4,0,f,f,Operational,-1.083333,35.866667
15389,Olchorro Health Centre,Narok,Narok North,Health Centre,Ministry of Health,3,0,f,f,Operational,-1.083333,35.866667
10912,Old Mawingu Health Centre,Nyandarua,Kipipiri,Health Centre,Ministry of Health,13,0,f,f,Operational,-0.183333,36.366667
15390,Oldanyati Health Centre,Narok,Trans Mara West - Dikirr,Health Centre,Ministry of Health,24,0,f,f,Operational,-1.083333,35.866667
15391,Oldepesi Dispensary,Bomet,Sotik,Dispensary,Ministry of Health,0,0,f,f,Operational,-0.783333,35.35
15392,Olderkesi Dispensary,Narok,Narok South,Dispensary,Ministry of Health,0,0,f,f,Operational,-1.083333,35.866667
17671,Oldoinyo Oibor Dispensary,Kajiado,Loitoktok,Dispensary,Ministry of Health,4,2,f,f,Operational,-1.85,36.783333
15393,Oldonyo Nyokie Dispensary,Kajiado,Kajiado North,Dispensary,Ministry of Health,0,0,f,f,Operational,-1.85,36.783333
15394,Oldonyorok (Cog) Dispensary,Narok,Trans Mara West - Dikirr,Dispensary,Other Faith Based,7,0,f,f,Operational,-1.083333,35.866667
15395,Oldorko Dispensary,Kajiado,Kajiado North,Dispensary,Ministry of Health,0,0,f,f,Operational,-1.85,36.783333
15397,Olendeem Dispensary,Narok,Narok North,Dispensary,Other Faith Based,0,0,f,f,Operational,-1.083333,35.866667
15398,Olenguruone Sub-District Hospital,Nakuru,Kuresoi,Sub-District Hospital,Ministry of Health,24,0,f,f,Operational,-0.303099,36.080026
16330,Olenkasurai Dispensary,Narok,Narok North,Dispensary,Other Faith Based,0,0,f,f,Operational,-1.083333,35.866667
15399,Olepolos Dispensary,Narok,Narok South,Dispensary,Ministry of Health,0,0,f,f,Operational,-1.083333,35.866667
19268,Olepolos Medical Clinic,Kajiado,Kajiado Central,Medical Clinic,Private Practice - General Practitioner,0,0,f,f,Operational,-1.85,36.783333
15400,Olereko Dispensary,Narok,Trans Mara West - Dikirr,Dispensary,Ministry of Health,0,0,f,f,Operational,-1.083333,35.866667
19738,Olesere Dispensary,Narok,Narok South,Dispensary,Ministry of Health,0,0,f,f,Operational,-1.083333,35.866667
15401,Oletukat Dispensary,Narok,Narok North,Dispensary,Ministry of Health,0,0,f,f,Operational,-1.083333,35.866667
15402,Olgulului Health Centre,Kajiado,Loitoktok,Health Centre,Ministry of Health,20,4,f,f,Operational,-1.85,36.783333
15403,Olgumi Dispensary,Kajiado,Kajiado North,Dispensary,Ministry of Health,0,0,f,f,Operational,-1.85,36.783333
17675,Olive Health Care International,Kiambu,Kikuyu,Medical Clinic,Private Practice - Nurse / Midwife,0,0,f,f,Operational,-1.286389,36.817223
16509,Olive Health Care/Laboratory,Kirinyaga,Kirinyaga West,Medical Clinic,Private Practice - Nurse / Midwife,0,0,f,f,Operational,-0.5,37.283333
18797,Olive Link Health Care,Nairobi,Makadara,Health Centre,Non-Governmental Organizations,6,0,f,f,Operational,-1.286389,36.817223
18196,Olive Medical Clinic Kitengela,Kajiado,Kajiado North,Medical Clinic,Private Practice - Nurse / Midwife,0,0,f,f,Operational,-1.85,36.783333
15404,Oljabet Health Centre,Laikipia,Nyahururu,Health Centre,Ministry of Health,10,0,f,f,Operational,0.366667,37.033333
17428,Oljabet Medical Clinic,Laikipia,Nyahururu,Nursing Home,Private Practice - Clinical Officer,25,0,f,f,Operational,0.366667,37.033333
15405,Oljogi Dispensary,Laikipia,Laikipia North,Dispensary,Private Enterprise (Institution),4,1,f,f,Operational,0.366667,37.033333
15406,Ol-Jorai Dispensary,Nakuru,Gilgil,Health Centre,Ministry of Health,5,0,f,f,Operational,-0.303099,36.080026
10914,Oljororok Catholic Dispensary,Nyandarua,Nyandarua West,Dispensary,Kenya Episcopal Conference-Catholic Secretariat,0,0,f,f,Operational,-0.183333,36.366667
10915,Olkalou (ACK) Dispensary,Nyandarua,Nyandarua Central,Dispensary,Christian Health Association of Kenya,0,0,f,f,Operational,-0.183333,36.366667
20565,Olkaria Community Health Centre(Naivasha),Nakuru,Naivasha,Health Centre,Ministry of Health,3,0,f,f,Pending Opening,-0.303099,36.080026
15408,Olkinyei Dispensary,Narok,Narok South,Dispensary,Ministry of Health,0,0,f,f,Operational,-1.083333,35.866667
15409,Olkiramatian Dispensary,Kajiado,Kajiado North,Dispensary,Ministry of Health,0,0,f,f,Operational,-1.85,36.783333
15411,Olkoroi Dispensary,Narok,Narok South,Dispensary,Ministry of Health,0,0,f,f,Operational,-1.083333,35.866667
12696,Oll Mwea Hospital Clinic Embu (Satelite),Embu,Manyatta,Other Hospital,Kenya Episcopal Conference-Catholic Secretariat,0,0,f,f,Operational,-0.533333,37.45
15412,Ollessos Holy Family Dispensary,Nandi,Nandi East,Dispensary,Ministry of Health,0,0,f,f,Operational,0.166667,35.133333
21221,Olliven Medicare Health Clinic,Nakuru,Rongai,Medical Clinic,Private Practice - Clinical Officer,0,0,f,f,Operational,-0.303099,36.080026
15414,Olmekenyu Dispensary,Narok,Narok South,Dispensary,Ministry of Health,0,0,f,f,Operational,-1.083333,35.866667
15416,Olmoran Catholic Dispensary,Laikipia,Laikipia West,Dispensary,Kenya Episcopal Conference-Catholic Secretariat,0,0,f,f,Operational,0.366667,37.033333
15417,Olmoran Health Centre,Laikipia,Laikipia West,Health Centre,Ministry of Health,2,0,f,f,Operational,0.366667,37.033333
15407,Ol-Njorowa Flower Farm Medical Clinic,Nakuru,Naivasha,Medical Clinic,Company Medical Service,0,0,f,f,Operational,-0.303099,36.080026
18257,Oloibon Medical Centre,Machakos,Athi River,Medical Clinic,Private Practice - Clinical Officer,0,0,f,f,Operational,-1.516667,37.266667
15418,Oloika Dispensary,Kajiado,Kajiado North,Dispensary,Ministry of Health,0,0,f,f,Operational,-1.85,36.783333
19267,Oloimirmir Dispensary,Kajiado,Kajiado Central,Dispensary,Ministry of Health,0,0,f,f,Operational,-1.85,36.783333
15420,Olokurto Health Centre,Narok,Narok North,Health Centre,Ministry of Health,9,0,f,f,Operational,-1.083333,35.866667
15421,Olokyin Health Centre,Bomet,Bomet East,Health Centre,Ministry of Health,9,0,f,f,Operational,-0.783333,35.35
16690,Ololchani Dispensary,Narok,Trans Mara West - Dikirr,Dispensary,Ministry of Health,0,0,f,f,Pending Opening,-1.083333,35.866667
15422,Ololpironito Health Centre,Narok,Narok North,Health Centre,Ministry of Health,3,0,f,f,Operational,-1.083333,35.866667
15423,Ololulunga District Hospital,Narok,Narok South,District Hospital,Ministry of Health,14,1,f,f,Operational,-1.083333,35.866667
15424,Olooltepes Dispensary,Kajiado,Kajiado North,Dispensary,Ministry of Health,0,0,f,f,Operational,-1.85,36.783333
18087,Oloolua Dispensary,Kajiado,Kajiado North,Dispensary,Ministry of Health,0,0,f,f,Operational,-1.85,36.783333
15425,Olooseos Dispensary,Kajiado,Kajiado North,Dispensary,Ministry of Health,0,0,f,f,Operational,-1.85,36.783333
17867,Oloosirkon Disp,Kajiado,Isinya,Dispensary,Ministry of Health,0,0,f,f,Operational,-1.85,36.783333
18088,Oloosirkon Dispensary,Kajiado,Kajiado North,Dispensary,Ministry of Health,0,0,f,f,Operational,-1.85,36.783333
15426,Olorika Dispensary,Kajiado,Loitoktok,Dispensary,Ministry of Health,4,0,f,f,Operational,-1.85,36.783333
17552,Oloropil Dispensary,Narok,Narok North,Dispensary,Kenya Episcopal Conference-Catholic Secretariat,0,0,f,f,Operational,-1.083333,35.866667
15428,Olorte Dispensary,Narok,Narok South,Dispensary,Ministry of Health,0,0,f,f,Operational,-1.083333,35.866667
17798,Oloshoibor Dispensary,Kajiado,Kajiado North,Dispensary,Ministry of Health,0,0,f,f,Operational,-1.85,36.783333
15431,Olposimoru Dispensary,Narok,Narok North,Dispensary,Ministry of Health,0,0,f,f,Operational,-1.083333,35.866667
15432,Ol-Rongai Dispensary (Rongai),Nakuru,Rongai,Dispensary,Ministry of Health,0,0,f,f,Operational,-0.303099,36.080026
15434,Oltepesi Dispensary,Kajiado,Kajiado North,Dispensary,Ministry of Health,0,0,f,f,Operational,-1.85,36.783333
15435,Oltiasika Dispensary,Kajiado,Loitoktok,Dispensary,Ministry of Health,4,0,f,f,Operational,-1.85,36.783333
12699,Ol-Torot Dispensary,Marsabit,Loyangalani,Dispensary,Ministry of Health,0,0,f,f,Operational,2.333333,37.983333
15436,Oltukai Lodge Clinic,Kajiado,Loitoktok,Medical Clinic,Company Medical Service,4,0,f,f,Operational,-1.85,36.783333
19080,Oltukai Medical Clinic,Kajiado,Kajiado North,Medical Clinic,Private Practice - Nurse / Midwife,0,0,f,f,Operational,-1.85,36.783333
18511,Olturoto Dispensary,Kajiado,Isinya,Dispensary,Ministry of Health,0,0,f,f,Operational,-1.85,36.783333
13978,Ombek Dispensary,Homa Bay,Rachuonyo South,Dispensary,Ministry of Health,0,0,f,f,Operational,-0.516667,34.45
17607,Ombo Bita Dispensary,Migori,Awendo,Dispensary,Community Development Fund,0,0,f,f,Operational,-1.066667,34.466667
17039,Ombo Kowiti Dispensary,Migori,Uriri,Dispensary,Community Development Fund,0,0,f,f,Operational,-1.066667,34.466667
13980,Omboga Dispensary,Homa Bay,Rachuonyo North,Dispensary,Ministry of Health,0,0,f,f,Operational,-0.516667,34.45
13981,Omiro Dispensary,Homa Bay,Rachuonyo South,Dispensary,Ministry of Health,0,0,f,f,Operational,-0.516667,34.45
13982,Omobera Dispensary,Kisii,Kenyenya,Dispensary,Ministry of Health,0,0,f,f,Operational,-0.683333,34.766667
13984,Omogwa Dispensary,Kisii,South Gucha,Dispensary,Ministry of Health,0,0,f,f,Operational,-0.683333,34.766667
13985,Omorembe Health Centre (Gucha),Kisii,Gucha,Health Centre,Christian Health Association of Kenya,0,0,f,f,Operational,-0.683333,34.766667
13986,Omosaria Dispensary,Kisii,Nyamache,Dispensary,Ministry of Health,0,0,f,f,Operational,-0.683333,34.766667
16264,Omwabo Medical Clinic,Nyamira,North Masaba,Medical Clinic,Private Enterprise (Institution),2,0,f,f,Operational,-0.633333,34.933333
20582,Oncology Reference Lab,Nairobi,Kibra,Laboratory (Stand-alone),Ministry of Health,0,0,f,f,Operational,-1.286389,36.817223
17735,Ondong Dispensary,Migori,Migori,Dispensary,Ministry of Health,2,0,f,f,Operational,-1.066667,34.466667
16985,Oneno Dispensary,Homa Bay,Homa Bay,Dispensary,Ministry of Health,0,0,f,f,Operational,-0.516667,34.45
18892,Ong'amo Dispensary,Homa Bay,Rachuonyo South,Dispensary,Ministry of Health,0,0,f,f,Operational,-0.516667,34.45
15437,Ongata Dispensary,Uasin Gishu,Wareng,Dispensary,Ministry of Health,0,0,f,f,Operational,0.514277,35.269779
15439,Ongata Naado Dispensary,Narok,Narok North,Dispensary,Ministry of Health,10,0,f,f,Operational,-1.083333,35.866667
15440,Ongata Rongai Health Centre,Kajiado,Kajiado North,Health Centre,Ministry of Health,16,1,f,f,Operational,-1.85,36.783333
13987,Ong'ielo Health Centre,Siaya,Rarieda,Health Centre,Ministry of Health,0,0,f,f,Operational,0.066667,34.283333
13988,Ongito Dispensary,Migori,Uriri,Dispensary,Ministry of Health,0,0,f,f,Operational,-1.066667,34.466667
13989,Ongo Health Centre,Migori,Rongo,Health Centre,Ministry of Health,4,0,f,f,Operational,-1.066667,34.466667
20317,Onoch Dispensary,West Pokot,Pokot Central,Dispensary,Ministry of Health,0,0,f,f,Operational,1.233333,35.116667
12700,Ontulili Dispensary,Meru,Buuri,Dispensary,Ministry of Health,0,0,f,f,Operational,0.05,37.65
17173,Onyinjo Dispensary,Kisumu,Seme,Dispensary,Ministry of Health,0,0,f,f,Operational,-0.10221,34.761711
20209,Onyuongo Dispensary,Kisumu,Nyakach,Dispensary,Ministry of Health,0,0,f,f,Operational,-0.10221,34.761711
13990,Opapla Dispensary,Kisumu,Seme,Dispensary,Ministry of Health,2,0,f,f,Operational,-0.10221,34.761711
21252,Opemble Dispensary,Homa Bay,Suba,Dispensary,Ministry of Health,2,2,f,f,Operational,-0.516667,34.45
16973,Openda Dispensary,Kisii,South Gucha,Dispensary,Ministry of Health,0,0,f,f,Operational,-0.683333,34.766667
15442,Opiroi Dispensary,Samburu,Samburu Central,Dispensary,Ministry of Health,0,0,f,f,Operational,1.316667,36.983333
18870,Optimum Care Medical,Mombasa,Mvita,Medical Clinic,Private Practice - General Practitioner,0,0,f,f,Operational,-4.043477,39.668205
21163,Orego Health Centre,Homa Bay,Homa Bay,Health Centre,Ministry of Health,5,1,f,f,Operational,-0.516667,34.45
18800,Oren Health Centre,Kisumu,Nyando,Health Centre,Ministry of Health,0,0,f,f,Operational,-0.10221,34.761711
13991,Oresi Health Centre,Kisii,Kisii Central,Health Centre,Ministry of Health,10,0,f,f,Operational,-0.683333,34.766667
16284,Oriang (SDA) Health Centre,Homa Bay,Rachuonyo North,Health Centre,Christian Health Association of Kenya,10,0,f,f,Operational,-0.516667,34.45
18086,Oriang' Alwala Dispensary,Kisumu,Seme,Dispensary,Ministry of Health,0,0,f,f,Operational,-0.10221,34.761711
18422,Oriang Kanyadwera Dispensary,Kisumu,Seme,Dispensary,Ministry of Health,0,0,f,f,Operational,-0.10221,34.761711
19465,Orient Medical Care,Nairobi,Dagoretti South,Dispensary,Private Practice - Nurse / Midwife,0,0,f,f,Operational,-1.286389,36.817223
17800,Orinie (AIC) Dispensary,Kajiado,Kajiado Central,Dispensary,Ministry of Health,0,0,f,f,Operational,-1.85,36.783333
13992,Oroche Dispensary,Kisii,Kisii South,Dispensary,Ministry of Health,0,0,f,f,Operational,-0.683333,34.766667
20487,Orokwo Dispensary,Baringo,Baringo Central,Dispensary,Ministry of Health,0,0,f,f,Operational,0.466667,35.966667
16370,Orolwo Dispensary,West Pokot,North Pokot,Dispensary,Ministry of Health,0,0,f,f,Operational,1.233333,35.116667
15444,Oromodei Dispensary,Samburu,Samburu East,Dispensary,Ministry of Health,0,0,f,f,Operational,1.316667,36.983333
21047,Orongo Dispensary,Kisumu,Kisumu East,Dispensary,Ministry of Health,0,0,f,f,Operational,-0.10221,34.761711
13135,Orthodox Dispensary,Nairobi,Dagoretti South,Dispensary,Christian Health Association of Kenya,0,0,f,f,Operational,-1.286389,36.817223
19014,Ortum Central Clinic,West Pokot,Pokot South,Medical Clinic,Private Practice - Clinical Officer,0,0,f,f,Operational,1.233333,35.116667
15446,Ortum Mission Hospital,West Pokot,Pokot South,Other Hospital,Kenya Episcopal Conference-Catholic Secretariat,127,6,f,f,Operational,1.016667,34.983333
19638,Orwa Clinic,West Pokot,Pokot Central,Medical Clinic,Private Practice - Nurse / Midwife,0,0,f,f,Operational,1.233333,35.116667
13994,Orwaki Dispensary,Nyamira,Nyamira North,Dispensary,Ministry of Health,1,0,f,f,Operational,-0.633333,34.933333
17726,Osani Community Dispensary,Homa Bay,Ndhiwa,Dispensary,Private Practice - Unspecified,4,2,f,f,Operational,-0.516667,34.45
15447,Oserian Health Centre,Nakuru,Naivasha,Health Centre,Company Medical Service,8,0,f,f,Operational,-0.303099,36.080026
20069,Osewre Dispensary,Kisumu,Seme,Dispensary,Ministry of Health,0,0,f,f,Operational,-0.10221,34.761711
17680,Osieko Dispensary,Busia,Bunyala,Dispensary,Ministry of Health,0,0,f,f,Operational,0.46,34.11
15448,Osinoni Dispensary,Narok,Trans Mara West - Dikirr,Dispensary,Ministry of Health,0,0,f,f,Operational,-1.083333,35.866667
13997,Osogo Dispensary,Migori,Uriri,Dispensary,Ministry of Health,12,2,f,f,Operational,-1.066667,34.466667
15449,Osorongai Dispensary,Uasin Gishu,Eldoret West,Dispensary,Ministry of Health,0,0,f,f,Operational,0.516667,35.283333
15451,Osupuko Dispensary,Narok,Trans Mara West - Dikirr,Dispensary,Ministry of Health,0,0,f,f,Operational,-1.083333,35.866667
13998,Otacho Dispensary,Migori,Awendo,Dispensary,Ministry of Health,4,0,f,f,Operational,-1.066667,34.466667
18877,Otange Dispensary,Homa Bay,Ndhiwa,Dispensary,Ministry of Health,6,6,f,f,Operational,-0.516667,34.45
14000,Othach Dispensary,Siaya,Bondo,Dispensary,Ministry of Health,2,0,f,f,Operational,0.066667,34.283333
10919,Othaya Catholic Dispensary,Nyeri,Nyeri South,Dispensary,Kenya Episcopal Conference-Catholic Secretariat,0,0,f,f,Operational,-0.416667,36.95
10920,Othaya Medical Clinic,Kiambu,Ruiru,Medical Clinic,Private Practice - Nurse / Midwife,0,0,f,f,Operational,-1.166667,36.833333
10922,Othaya Sub-District Hospital,Nyeri,Nyeri South,Sub-District Hospital,Ministry of Health,59,1,f,f,Operational,-0.416667,36.95
14002,Othoro Health Centre (Rachuonyo),Homa Bay,Rachuonyo South,Health Centre,Ministry of Health,12,0,f,f,Operational,-0.516667,34.45
14003,Othoro Sub District Hospital,Migori,Uriri,Sub-District Hospital,Ministry of Health,20,2,f,f,Operational,-1.066667,34.466667
20024,Otieno Owala Dispensary,Kisumu,Seme,Dispensary,Ministry of Health,0,0,f,f,Operational,-0.10221,34.761711
14004,Our Lady of Lourdes Dispensary (Gucha),Kisii,Gucha,Dispensary,Kenya Episcopal Conference-Catholic Secretariat,0,0,f,f,Operational,-0.683333,34.766667
16892,Our Lady of Lourdes Mwea Hospital,Nairobi,Embakasi Central,Other Hospital,Kenya Episcopal Conference-Catholic Secretariat,50,20,f,f,Not-Operational,-1.286389,36.817223
20980,Our Lady Of Mercy,Makueni,Mbooni East,Medical Clinic,Private Practice - Nurse / Midwife,2,2,f,f,Operational,-1.8,37.616667
17296,Our Lady's Hospice,Kiambu,Limuru,Health Programme,Other Faith Based,9,0,f,f,Operational,-1.166667,36.833333
10924,Outspan Hospital,Nyeri,Nyeri Central,Other Hospital,Private Enterprise (Institution),94,0,f,f,Operational,-0.416667,36.95
14008,Oyani (SDA) Dispensary,Migori,Uriri,Dispensary,Christian Health Association of Kenya,1,0,f,f,Operational,-1.066667,34.466667
14009,Oyani Health Centre,Migori,Uriri,Health Centre,Ministry of Health,0,0,f,f,Operational,-1.066667,34.466667
17852,Oyuma Dispensary (Rachuonyo),Homa Bay,Rachuonyo North,Dispensary,Ministry of Health,0,0,f,f,Operational,-0.516667,34.45
11728,Ozi Dispensary,Tana River,Tana Delta,Dispensary,Ministry of Health,0,0,f,f,Operational,-1.5,40.033333
21138,P&D Health Clinic Ulanda,Migori,Awendo,Medical Clinic,Private Enterprise (Institution),2,0,f,f,Operational,-1.066667,34.466667
18318,Pacific Medical Clinic,Trans Nzoia,Trans Nzoia East,Medical Clinic,Private Practice - Nurse / Midwife,0,0,f,f,Operational,1.016667,34.983333
13137,Padens Medicare Centre,Nairobi,Westlands,Medical Clinic,Private Enterprise (Institution),4,0,f,f,Operational,-1.286389,36.817223
17795,Pakase Dispensary,Kajiado,Kajiado North,Dispensary,Ministry of Health,0,9,f,f,Operational,-1.85,36.783333
17136,Pakeza Medical Clinic (Manga),Nyamira,Manga,Medical Clinic,Private Enterprise (Institution),2,2,f,f,Operational,-0.633333,34.933333
14011,Pala Health Centre,Homa Bay,Ndhiwa,Health Centre,Ministry of Health,7,0,f,f,Operational,-0.516667,34.45
19859,Pala Masogo Health Centre,Homa Bay,Homa Bay,Health Centre,Ministry of Health,6,2,f,f,Operational,-0.516667,34.45
11730,Palakumi Dispensary,Kilifi,Ganze,Dispensary,Ministry of Health,0,0,f,f,Operational,-3.633333,39.85
18498,Palm Beach Hospital,Kwale,Msambweni,Other Hospital,Private Enterprise (Institution),15,4,f,f,Operational,-4.183333,39.45
21207,Paloma Medical International,Kiambu,Kiambu,Medical Clinic,Private Practice - General Practitioner,0,0,f,f,Operational,-1.166667,36.833333
20165,Pamar Medical Clinic,Uasin Gishu,Eldoret West,Medical Clinic,Private Practice - Clinical Officer,0,0,f,f,Operational,0.514277,35.269779
21277,Pamoja Medical Centre,Kakamega,Mumias West,Medical Clinic,Private Practice - Clinical Officer,8,0,f,f,Operational,0.284767,34.752308
16089,Pan M Medical Clinic,Kakamega,Lugari,Medical Clinic,Private Practice - Nurse / Midwife,0,0,f,f,Operational,0.284767,34.752308
14012,Pand Pieri Community Health Centre,Kisumu,Kisumu East,Dispensary,Kenya Episcopal Conference-Catholic Secretariat,0,0,f,f,Operational,-0.10221,34.761711
15456,Panda Flowers Medical Clinic,Nakuru,Naivasha,Medical Clinic,Company Medical Service,0,0,f,f,Operational,-0.303099,36.080026
16339,Panpaper Dispensary,Uasin Gishu,Wareng,Dispensary,Private Enterprise (Institution),0,0,f,f,Not-Operational,0.514277,35.269779
14013,Pap Kodero Health Centre,Siaya,Rarieda,Health Centre,Ministry of Health,7,0,f,f,Operational,0.066667,34.283333
18387,Paradise Medical Centre,Nairobi,Embakasi North,Medical Clinic,Private Practice - General Practitioner,10,2,f,f,Operational,-1.286389,36.817223
18889,Paradise Medical Centre,Bungoma,Cheptais,Medical Clinic,Private Practice - Clinical Officer,12,12,f,f,Operational,0.566667,34.566667
20701,Paragon Health Care Ltd,Nairobi,Dagoretti North,Medical Clinic,Private Practice - General Practitioner,0,0,f,f,Operational,-1.286389,36.817223
13417,Paramount Clinic,Wajir,Wajir East,Medical Clinic,Private Enterprise (Institution),0,0,f,f,Operational,1.75,40.066667
18162,Parayon Dispensary,West Pokot,Pokot South,Dispensary,Ministry of Health,0,0,f,f,Operational,1.233333,35.116667
20367,Paraywa Dispensary,West Pokot,West Pokot,Dispensary,Ministry of Health,0,0,f,f,Operational,1.233333,35.116667
20608,Parkishon Dispensary,Marsabit,Marsabit,Dispensary,Ministry of Health,0,0,f,f,Operational,2.333333,37.983333
13139,Parkroad Nursing Home (Nairobi),Nairobi,Starehe,Nursing Home,Private Enterprise (Institution),30,6,f,f,Operational,-1.286389,36.817223
17048,Parua Dispensary,West Pokot,Pokot South,Dispensary,Kenya Episcopal Conference-Catholic Secretariat,0,0,f,f,Operational,1.016667,34.983333
10927,Passenga Dispensary,Nyandarua,Nyandarua Central,Dispensary,Kenya Episcopal Conference-Catholic Secretariat,0,0,f,f,Operational,-0.183333,36.366667
12977,Patanisho Maternity and Nursing Home,Nairobi,Embakasi Central,Nursing Home,Private Enterprise (Institution),21,0,f,f,Operational,-1.286389,36.817223
10928,Patmas Medical Clinic,Nyandarua,Nyandarua North,Medical Clinic,Private Practice - Nurse / Midwife,0,0,f,f,Operational,-0.183333,36.366667
16343,Patrician Dispensary,Uasin Gishu,Wareng,Dispensary,Other Faith Based,0,0,f,f,Operational,0.514277,35.269779
19025,Patrona Medical Services,Machakos,Machakos,Medical Clinic,Private Practice - General Practitioner,4,0,f,f,Operational,-1.516667,37.266667
16446,PCEA Gateway,Kirinyaga,Kirinyaga East,Dispensary,Christian Health Association of Kenya,0,0,f,f,Operational,-0.533333,37.45
19827,PCEA Honi Dispensary,Nyeri,Kieni West,Dispensary,Other Faith Based,0,0,f,f,Operational,-0.416667,36.95
17803,PCEA Kaigai Memorial,Nakuru,Subukia,Medical Clinic,Private Practice - Nurse / Midwife,0,0,f,f,Operational,-0.303099,36.080026
19337,PCEA Karero Dispensary,Kajiado,Kajiado Central,Dispensary,Christian Health Association of Kenya,0,0,f,f,Operational,-1.85,36.783333
17444,PCEA Karungaru Dispensary,Tharaka Nithi,Tharaka South,Dispensary,Christian Health Association of Kenya,0,0,f,f,Operational,,
12205,PCEA Kasasule Dispensary,Makueni,Kibwezi,Dispensary,Christian Health Association of Kenya,10,4,f,f,Operational,-1.8,37.616667
19435,PCEA Kayole Parish Health Centre,Nairobi,Embakasi Central,Medical Clinic,Christian Health Association of Kenya,3,2,f,f,Operational,-1.286389,36.817223
17921,PCEA Kibwezi Dispensary,Makueni,Kibwezi,Dispensary,Christian Health Association of Kenya,0,0,f,f,Operational,-1.8,37.616667
18763,PCEA Kuwinda Health Clinic,Nairobi,Langata,Dispensary,Christian Health Association of Kenya,0,0,f,f,Not-Operational,-1.286389,36.817223
21243,PCEA Makupa Medical Clinic,Mombasa,Mvita,Medical Clinic,Christian Health Association of Kenya,0,0,f,f,Operational,-4.043477,39.668205
17878,PCEA Mau-Summit Health Centre,Nakuru,Kuresoi,Dispensary,Other Faith Based,0,0,f,f,Operational,-0.303099,36.080026
18494,PCEA Silanga Church VCT,Nairobi,Kibra,VCT Centre (Stand-Alone),Christian Health Association of Kenya,0,0,f,f,Pending Opening,-1.286389,36.817223
18376,PCEA Upendo Health Centre,Nakuru,Nakuru,Health Centre,Christian Health Association of Kenya,3,0,f,f,Operational,-0.303099,36.080026
19289,Peace Medical Clinic,Nairobi,Ruaraka,Medical Clinic,Private Practice - General Practitioner,0,0,f,f,Operational,-1.286389,36.817223
18380,Peak Health Medical Centre,Nakuru,Nakuru,Medical Clinic,Private Enterprise (Institution),0,0,f,f,Operational,-0.303099,36.080026
18725,Pedo Dispensary,Kisumu,Nyakach,Dispensary,Ministry of Health,0,0,f,f,Operational,-0.10221,34.761711
17124,Pefa Mercy Medical Centre,Kiambu,Kiambu,Medical Clinic,Other Faith Based,0,0,f,f,Operational,-1.166667,36.833333
20925,Peja Healthcare Center,Embu,Manyatta,Medical Clinic,Private Practice - Nurse / Midwife,0,0,f,f,Operational,-0.533333,37.45
20492,Pemba Dispensary,Kwale,Kinango,Dispensary,Other Public Institution,2,2,f,f,Operational,-4.183333,39.45
18402,Penda Health Medical Clinic,Kajiado,Kajiado North,Medical Clinic,Private Practice - General Practitioner,0,0,f,f,Operational,-1.286389,36.817223
18496,Pendo Medical Clinic,Kwale,Msambweni,Medical Clinic,Private Practice - Clinical Officer,4,0,f,f,Operational,-4.183333,39.45
11736,Pendo Medical Clinic (Kilindini),Mombasa,Changamwe,Medical Clinic,Private Enterprise (Institution),0,0,f,f,Operational,-4.043477,39.668205
20449,Penta Medical Centre Umoja,Nairobi,Embakasi West,Medical Clinic,Private Practice - Medical Specialist,6,2,f,f,Operational,-1.286389,36.817223
19241,Peoples Medical Clinic,Meru,Igembe North,Medical Clinic,Private Practice - Nurse / Midwife,0,0,f,f,Operational,0.05,37.65
12701,Pepo La Tumaini Dispensary,Isiolo,Isiolo,Dispensary,Community,4,4,f,f,Operational,0.35,37.583333
17928,Perani Private Clinic,Kwale,Msambweni,Medical Clinic,Private Practice - Nurse / Midwife,0,0,f,f,Operational,-4.183333,39.45
19753,Perazim Diagnostic Centre,Trans Nzoia,Trans Nzoia West,Radiology Unit,Private Practice - Medical Specialist,0,0,f,f,Operational,1.016667,34.983333
10931,Pesi Dispensary,Nyandarua,Nyandarua North,Dispensary,Ministry of Health,0,0,f,f,Operational,-0.183333,36.366667
15461,Pesi Dispensary (Laikipia West),Laikipia,Nyahururu,Dispensary,Ministry of Health,2,0,f,f,Operational,0.366667,37.033333
20167,Pesi Medical Centre,Busia,Teso South,Medical Clinic,Private Practice - Medical Specialist,12,0,f,f,Operational,0.46,34.11
18711,Philia Medical Clinic,Meru,Imenti North,Medical Clinic,Private Practice - Clinical Officer,0,0,f,f,Operational,0.05,37.65
15462,Piave Dispensary,Nakuru,Njoro,Dispensary,Ministry of Health,0,0,f,f,Operational,-0.303099,36.080026
10938,Piemu Medical Clinic,Kiambu,Ruiru,Medical Clinic,Private Practice - Nurse / Midwife,0,0,f,f,Operational,-1.166667,36.833333
18667,Pillar of Development,Meru,Imenti North,VCT Centre (Stand-Alone),Non-Governmental Organizations,0,0,f,f,Operational,0.05,37.65
16320,Pims Medical Clinic,Samburu,Samburu Central,Medical Clinic,Private Practice - Nurse / Midwife,0,0,f,f,Operational,1.316667,36.983333
21211,Pinacare Medical Services,Machakos,Machakos,Dispensary,Private Practice - Clinical Officer,1,2,f,f,Operational,-1.516667,37.266667
11738,Pingilikani Dispensary,Kilifi,Kilifi South,Dispensary,Ministry of Health,0,0,f,f,Operational,-3.633333,39.85
20629,Pinnacle FlyOver Hospital,Nyandarua,Kinangop,Other Hospital,Private Practice - General Practitioner,3,1,f,f,Operational,-1.286389,36.817223
18534,Pinnacle Health Services,Garissa,Garissa,Medical Clinic,Private Practice - General Practitioner,0,0,f,f,Operational,-0.456944,39.658333
17343,Piny Owacho Dispensary,Migori,Uriri,Dispensary,Community Development Fund,0,0,f,f,Operational,-1.066667,34.466667
15463,Pioneer Health Centre,Uasin Gishu,Wareng,Health Centre,Local Authority,0,0,f,f,Operational,0.514277,35.269779
13418,Pioneer Medical Clinic (Wajir East),Wajir,Wajir East,Medical Clinic,Private Enterprise (Institution),0,0,f,f,Operational,1.75,40.066667
13143,Pipeline Medical Health Services,Nairobi,Embakasi South,Medical Clinic,Private Practice - Clinical Officer,8,1,f,f,Operational,-1.286389,36.817223
20302,PJ Dave Company Clinic,Kajiado,Isinya,Medical Clinic,Company Medical Service,0,0,f,f,Operational,-1.286389,36.817223
10940,Plainsview Nursing Home,Kiambu,Ruiru,Nursing Home,Private Practice - General Practitioner,28,0,f,f,Operational,-1.166667,36.833333
20653,Planet Clinic Ltd,Nairobi,Starehe,Medical Centre,Private Practice - General Practitioner,0,0,f,f,Operational,-1.286389,36.817223
13419,Plaza Nursing Home,Wajir,Wajir East,Nursing Home,Private Enterprise (Institution),25,0,f,f,Operational,1.75,40.066667
19353,Plaza X-Ray Services (Re-Insurance Plaza-Nairobi),Nairobi,Starehe,Radiology Unit,Private Enterprise (Institution),0,0,f,f,Operational,-1.286389,36.817223
17797,Plesian Dispensary,Baringo,East Pokot,Dispensary,Ministry of Health,0,0,f,f,Operational,0.466667,35.966667
15465,Poi Dispensary,Baringo,Baringo North,Dispensary,Ministry of Health,0,0,f,f,Operational,0.466667,35.966667
19878,Police Central Workshop Dispensary,Nairobi,Starehe,Dispensary,Armed Forces,0,0,f,f,Operational,-1.286389,36.817223
13420,Police Line Dispensary (Garissa),Garissa,Garissa,Dispensary,Ministry of Health,0,0,f,f,Operational,-0.456944,39.658333
10917,Pollen Medical Clinic,Kiambu,Ruiru,Dispensary,Company Medical Service,0,0,f,f,Operational,-1.166667,36.833333
15466,Polyclinic Hospital,Nakuru,Naivasha,Other Hospital,Private Practice - General Practitioner,40,4,f,f,Operational,-0.303099,36.080026
12703,Pona Haraka Clinic,Kitui,Mutomo,Medical Clinic,Private Enterprise (Institution),0,0,f,f,Operational,-1.366667,38.016667
18573,Pona Medical and Eye Care Centre,Kitui,Mwingi Central,Medical Clinic,Private Practice - Clinical Officer,0,0,f,f,Operational,-1.366667,38.016667
17851,Pona Medical Clinic,Kakamega,Butere,Medical Clinic,Private Practice - Nurse / Midwife,1,1,f,f,Operational,0.284767,34.752308
17854,Pona Services Opd,Kajiado,Kajiado North,Medical Clinic,Private Practice - General Practitioner,0,0,f,f,Operational,-1.286389,36.817223
14015,Ponge Dispensary,Homa Bay,Ndhiwa,Dispensary,Ministry of Health,0,0,f,f,Operational,-0.516667,34.45
14016,Ponge Dispensary (Mbita),Homa Bay,Mbita,Dispensary,Ministry of Health,1,0,f,f,Operational,-0.516667,34.45
20979,Ponya Med Clinic,Makueni,Mbooni East,Medical Clinic,Private Practice - Clinical Officer,2,2,f,f,Operational,-1.8,37.616667
18143,Ponya Medical Clinic,Makueni,Kathonzweni,Medical Clinic,Private Practice - Clinical Officer,0,0,f,f,Operational,-1.8,37.616667
18140,Ponya Surgicals Nursing Home,Makueni,Makueni,Nursing Home,Private Practice - Clinical Officer,17,3,f,f,Operational,-1.8,37.616667
15467,Poole Dispensary,West Pokot,West Pokot,Dispensary,Ministry of Health,0,0,f,f,Operational,1.233333,35.116667
15468,Porro Dispensary,Samburu,Samburu Central,Dispensary,Ministry of Health,6,0,f,f,Operational,1.316667,36.983333
18774,Port Florence Clinic,Siaya,Siaya,Medical Clinic,Private Practice - General Practitioner,2,2,f,f,Pending Opening,0.066667,34.283333
19875,Port Florence Community Hospital Homa Bay Clinic,Homa Bay,Homa Bay,Medical Clinic,Non-Governmental Organizations,7,2,f,f,Operational,-0.516667,34.45
20225,Port Florence Community Hospital Mbita,Homa Bay,Mbita,Medical Clinic,Non-Governmental Organizations,0,0,f,f,Operational,-0.516667,34.45
14017,Port Florence Hospital,Kisumu,Kisumu West,Other Hospital,Private Enterprise (Institution),36,4,f,f,Operational,-0.10221,34.761711
16291,Port Health Dispensary (Wajir East),Wajir,Wajir East,Dispensary,Ministry of Health,0,0,f,f,Operational,1.75,40.066667
18098,Port Health Dispensary Lokichoggio,Turkana,Turkana West,Dispensary,Ministry of Health,0,0,f,f,Operational,3.116667,35.6
11740,Port Reitz District Hospital,Mombasa,Changamwe,District Hospital,Ministry of Health,166,6,f,f,Operational,-4.043477,39.668205
16091,Port Victoria Hospital,Busia,Bunyala,District Hospital,Ministry of Health,60,6,f,f,Operational,0.46,34.11
21156,Portland dispensary,Kajiado,Kajiado Central,Dispensary,Ministry of Health,0,0,f,f,Operational,-1.85,36.783333
20067,Post Bank Staff Clinic,Nairobi,Starehe,Medical Clinic,Private Practice - General Practitioner,0,0,f,f,Operational,-1.286389,36.817223
18713,Pr Health Services,Meru,Imenti North,Not in List,Private Practice - Nurse / Midwife,0,0,f,f,Operational,0.05,37.65
19266,Precious Care Medical Centre,Kiambu,Ruiru,Medical Clinic,Private Practice - Nurse / Midwife,3,2,f,f,Operational,-1.286389,36.817223
19111,Precious Life Health Services,Meru,Igembe South,Medical Clinic,Private Practice - General Practitioner,0,0,f,f,Operational,0.05,37.65
17996,Precious Life Medical Clinic Ruai,Nairobi,Embakasi North,Medical Clinic,Private Practice - General Practitioner,0,0,f,f,Operational,-1.286389,36.817223
18623,Premier Medical Clinic,Turkana,Turkana West,Medical Clinic,Private Practice - Clinical Officer,0,0,f,f,Operational,3.116667,35.6
12707,Premier Medical Clinic (Kitui),Kitui,Kitui Central,Medical Clinic,Private Enterprise (Institution),0,0,f,f,Operational,-1.366667,38.016667
16233,Presbyterian Ttc Rubate Health Centre,Tharaka Nithi,Meru South,Dispensary,Christian Health Association of Kenya,12,3,f,f,Operational,,
18556,Prescort Dispensary,Nairobi,Ruaraka,Dispensary,Ministry of Health,0,0,f,f,Operational,-1.286389,36.817223
19171,Prestige Clinic,Meru,Imenti North,Medical Clinic,Private Practice - Nurse / Midwife,0,0,f,f,Operational,0.05,37.65
19275,Prestige Health Centre (Zimerman),Nairobi,Roysambu,Medical Clinic,Private Practice - General Practitioner,0,0,f,f,Operational,-1.286389,36.817223
20655,Prestige Medical Clinic,Kiambu,Limuru,Medical Clinic,Private Practice - Nurse / Midwife,1,0,f,f,Operational,-1.033333,37.066667
20527,Prestige Medicare Clinic Njiru,Nairobi,Kasarani,Medical Clinic,Private Practice - Clinical Officer,0,0,f,f,Operational,-1.286389,36.817223
20748,Prima Medical Centre,Mombasa,Kisauni,Medical Clinic,Private Practice - Medical Specialist,0,0,f,f,Pending Opening,-4.043477,39.668205
18110,Primarosa Flower Ltd,Nyandarua,Nyandarua North,Medical Clinic,Private Practice - Nurse / Midwife,0,0,f,f,Operational,-0.183333,36.366667
17372,Primary Health Services,Kiambu,Kikuyu,Medical Clinic,Private Practice - Nurse / Midwife,0,0,f,f,Operational,-1.166667,36.833333
19104,Prime Dental Clinic,Meru,Imenti North,Dental Clinic,Private Practice - Unspecified,0,0,f,f,Operational,0.05,37.65
13147,Prime Health Services Dispensary,Nairobi,Roysambu,Dispensary,Private Enterprise (Institution),0,0,f,f,Operational,-1.286389,36.817223
15469,Prime Medical Care,Nakuru,Gilgil,Medical Clinic,Private Practice - Nurse / Midwife,0,1,f,f,Not-Operational,-0.303099,36.080026
19440,Primed Medical Centre,Nairobi,Embakasi Central,Medical Clinic,Private Practice - Clinical Officer,2,1,f,f,Operational,-1.286389,36.817223
19451,Primed Medical Services Komarock,Nairobi,Embakasi Central,Medical Clinic,Private Practice - Unspecified,2,1,f,f,Operational,-1.286389,36.817223
18829,Primo Medical Clinic,Nakuru,Gilgil,Medical Clinic,Private Practice - Clinical Officer,0,0,f,f,Operational,-0.303099,36.080026
16977,Prisca Wakarima (ACK) Dispensary,Murang'a,Kiharu,Dispensary,Christian Health Association of Kenya,0,0,f,f,Operational,-0.716667,37.15
15470,Prison Dispensary,Nakuru,Nakuru,Dispensary,Ministry of Health,0,0,f,f,Operational,-0.303099,36.080026
20163,Proact services,Nairobi,Roysambu,Medical Clinic,Private Practice - Nurse / Midwife,0,0,f,f,Operational,-1.286389,36.817223
19290,Promise Medical Services,Nairobi,Embakasi North,Medical Clinic,Private Practice - General Practitioner,0,0,f,f,Operational,-1.286389,36.817223
13151,Provide International Clinic (Kayole),Nairobi,Embakasi Central,Health Centre,Non-Governmental Organizations,8,1,f,f,Operational,-1.286389,36.817223
19447,Provide International Hospital Mukuru,Nairobi,Embakasi South,Health Centre,Non-Governmental Organizations,2,1,f,f,Operational,-1.286389,36.817223
12971,Provide International Mutindwa Umoja Clinic,Nairobi,Embakasi West,Dispensary,Non-Governmental Organizations,0,0,f,f,Operational,-1.286389,36.817223
18059,Provide Medical Clinic,Murang'a,Kandara,Medical Clinic,Private Practice - Nurse / Midwife,0,0,f,f,Operational,-1.033333,37.066667
20263,Providence Medical Centre,Kitui,Mwingi Central,Medical Clinic,Private Practice - Medical Specialist,0,0,f,f,Operational,-1.366667,38.016667
18001,Prudent Medical Clinic Kariobangi,Nairobi,Embakasi West,Medical Clinic,Private Practice - General Practitioner,0,0,f,f,Operational,-1.286389,36.817223
16704,Pserum Dispensary,West Pokot,West Pokot,Dispensary,Ministry of Health,0,0,f,f,Operational,1.233333,35.116667
15472,Psigor Dispensary,West Pokot,Pokot Central,Dispensary,Kenya Episcopal Conference-Catholic Secretariat,0,0,f,f,Operational,1.016667,34.983333
20135,Psyco Africa Consultancy,Nakuru,Nakuru,VCT Centre (Stand-Alone),Private Practice - Unspecified,0,0,f,f,Operational,-0.303099,36.080026
13155,Pumwani Majengo Dispensary,Nairobi,Kamukunji,Dispensary,Local Authority,0,0,f,f,Operational,-1.286389,36.817223
13156,Pumwani Maternity Hospital,Nairobi,Kamukunji,Other Hospital,Local Authority,350,150,f,f,Operational,-1.286389,36.817223
18324,Pumzika Medical Clinic,Kilifi,Kilifi South,Medical Clinic,Private Practice - Nurse / Midwife,0,0,f,f,Operational,-3.633333,39.85
15474,Pwani (GOK) Dispensary,Nakuru,Njoro,Dispensary,Ministry of Health,0,0,f,f,Operational,-0.303099,36.080026
16092,Pwani Dispensary,Bungoma,Bungoma North,Dispensary,Ministry of Health,0,0,f,f,Operational,0.566667,34.566667
21190,Qalanqalesa Dispensary,Mandera,Mandera Central,Dispensary,Ministry of Health,0,0,f,f,Operational,3.933333,41.866667
20587,Qatar Medical Clinic,Kwale,Msambweni,Medical Clinic,Private Practice - Clinical Officer,0,0,f,f,Operational,-4.183333,39.45
19406,Quality Health Care Clinic (Naivasha),Nakuru,Naivasha,Medical Clinic,Private Practice - Nurse / Midwife,0,0,f,f,Operational,-0.303099,36.080026
13421,Qudama Dispensary,Wajir,Wajir North,Dispensary,Ministry of Health,0,0,f,f,Operational,1.75,40.066667
20068,Quebee Health Care,Nakuru,Nakuru,Medical Clinic,Private Practice - Nurse / Midwife,0,0,f,f,Operational,-0.303099,36.080026
19906,Queens & Kings Health Centre,Embu,Mbeere North,Health Centre,Private Practice - Unspecified,0,0,f,f,Operational,-0.533333,37.45
18757,R - Care Health Clinic,Nairobi,Dagoretti South,Medical Clinic,Private Practice - Nurse / Midwife,0,0,f,f,Operational,-1.286389,36.817223
20526,R4C Kenya Medical Services,Kwale,Msambweni,Medical Clinic,Other Faith Based,0,0,f,f,Operational,-4.183333,39.45
11748,Rabai Rural Health Demonstration Centre,Kilifi,Rabai,Health Centre,Ministry of Health,12,0,f,f,Operational,-3.633333,39.85
14020,Rabuor Sub county Hospital,Kisumu,Nyando,Sub-District Hospital,Ministry of Health,30,3,f,f,Operational,-0.10221,34.761711
15476,Racecourse Clinic,Nakuru,Nakuru,Medical Clinic,Private Practice - Nurse / Midwife,0,0,f,f,Operational,-0.303099,36.080026
14021,Rachar Sugar Belt Hospital,Kisumu,Muhoroni,Health Centre,Private Enterprise (Institution),20,5,f,f,Operational,-0.10221,34.761711
14022,Rachuonyo District Hospital,Homa Bay,Rachuonyo South,District Hospital,Ministry of Health,67,1,f,f,Operational,-0.516667,34.45
15477,Radat Dispensary,Baringo,Mogotio,Dispensary,Ministry of Health,0,0,f,f,Operational,0.466667,35.966667
20383,Radiant Group of Hospital (Kiambu),Kiambu,Kiambu,Other Hospital,Private Practice - General Practitioner,13,2,f,f,Operational,-1.166667,36.833333
19370,Radiant Hosp Kasarani,Nairobi,Roysambu,Medical Clinic,Private Practice - General Practitioner,0,0,f,f,Operational,-1.286389,36.817223
18722,Radienya Dispensary,Kisumu,Nyakach,Dispensary,Ministry of Health,0,0,f,f,Operational,-0.10221,34.761711
14024,Rae Dispensary,Kisumu,Nyakach,Dispensary,Ministry of Health,0,0,f,f,Operational,-0.10221,34.761711
18326,Rafiki Clinic,Kiambu,Kikuyu,Medical Clinic,Christian Health Association of Kenya,0,0,f,f,Operational,-1.166667,36.833333
17932,Rafiki Kenia (Private) Clinic,Kwale,Msambweni,Not in List,Private Enterprise (Institution),0,0,f,f,Operational,-4.183333,39.45
16779,Rafiki Medical Clinic,Nyeri,Mukurweini,Medical Clinic,Private Practice - Nurse / Midwife,0,0,f,f,Operational,-0.416667,36.95
14025,Raganga Health Centre,Kisii,Kisii Central,Health Centre,Ministry of Health,6,0,f,f,Operational,-0.683333,34.766667
14026,Rageng'ni Dispensary,Siaya,Rarieda,Dispensary,Ministry of Health,1,0,f,f,Operational,0.066667,34.283333
10951,Ragia Forest Dispensary,Kiambu,Lari,Dispensary,Ministry of Health,0,0,f,f,Operational,-1.166667,36.833333
18530,Ragwe Dispensary,Homa Bay,Rachuonyo South,Dispensary,Ministry of Health,0,0,f,f,Operational,-0.516667,34.45
20716,Raila Community Clinic,Nairobi,Kibra,Dispensary,Ministry of Health,0,0,f,f,Operational,-1.286389,36.817223
18211,Railway Dispensary,Mombasa,Mvita,Dispensary,Ministry of Health,0,0,f,f,Operational,-4.043477,39.668205
13168,Railway Training Institute Dispensary South B,Nairobi,Starehe,Dispensary,Academic (if registered),0,0,f,f,Operational,-1.286389,36.817223
15478,Railways Dispensary,Uasin Gishu,Eldoret West,Dispensary,Ministry of Health,0,0,f,f,Operational,0.514277,35.269779
14027,Railways Dispensary (Kisumu),Kisumu,Kisumu East,Dispensary,Ministry of Health,0,0,f,f,Operational,-0.10221,34.761711
11751,Rainbow Community Care,Kilifi,Malindi,Health Centre,Community,8,0,f,f,Operational,-3.216667,40.116667
14028,Ram Hospital,Kisii,Kisii Central,Other Hospital,Private Enterprise (Institution),200,6,f,f,Operational,-0.683333,34.766667
21272,Rama Medical Clinic,Nairobi,Embakasi Central,Medical Clinic,Private Practice - Clinical Officer,4,0,f,f,Operational,-1.286389,36.817223
11753,Ramada Dispensary,Kilifi,Magarini,Dispensary,Non-Governmental Organizations,2,0,f,f,Operational,-3.633333,39.85
19295,Ramah Medical Clinic,Kiambu,Ruiru,Medical Clinic,Private Practice - Nurse / Midwife,0,0,f,f,Operational,-1.166667,36.833333
14029,Ramasha Dispensary,Kisii,Masaba South,Dispensary,Ministry of Health,2,0,f,f,Operational,-0.683333,34.766667
12708,Ramata Health Centre,Marsabit,Sololo,Health Centre,Ministry of Health,0,0,f,f,Operational,2.333333,37.983333
20620,Ramba Health Centre (Nyamira),Nyamira,Nyamira,Health Centre,Ministry of Health,2,1,f,f,Operational,-0.633333,34.933333
17437,Rambugu Dispensary (Rarieda),Siaya,Rarieda,Dispensary,Ministry of Health,0,0,f,f,Operational,0.066667,34.283333
10952,Ramos Medical Clinic,Kiambu,Kikuyu,Medical Clinic,Private Practice - Nurse / Midwife,0,0,f,f,Operational,-1.166667,36.833333
20331,Ramula Dispensary,Kisumu,Muhoroni,Dispensary,Ministry of Health,0,0,f,f,Operational,-0.10221,34.761711
14030,Ramula Health Centre,Siaya,Gem,Health Centre,Ministry of Health,0,0,f,f,Operational,0.066667,34.283333
17521,Randago Dispensary,Siaya,Siaya,Dispensary,Ministry of Health,0,0,f,f,Operational,0.066667,34.283333
14032,Ranen (SDA) Dispensary,Migori,Awendo,Dispensary,Christian Health Association of Kenya,12,0,f,f,Operational,-1.066667,34.466667
21039,Rang'ul Dispensary,Kisumu,Nyakach,Dispensary,Ministry of Health,4,4,f,f,Operational,-0.10221,34.761711
14035,Rangwe (SDA) Dispensary,Homa Bay,Homa Bay,Dispensary,Christian Health Association of Kenya,0,0,f,f,Operational,-0.516667,34.45
14036,Rangwe Sub-District Hospital,Homa Bay,Homa Bay,District Hospital,Ministry of Health,8,0,f,f,Operational,-0.516667,34.45
20483,Ranje Dispensary,Bungoma,Bungoma South,Dispensary,Ministry of Health,0,0,f,f,Operational,0.566667,34.566667
10953,Rapha Afya Medical Clinic (Kirinyaga),Kirinyaga,Kirinyaga Central,Medical Clinic,Private Practice - Clinical Officer,0,0,f,f,Operational,-0.5,37.283333
20640,Rapha Hospital,Makueni,Makueni,Nursing Home,Private Practice - General Practitioner,20,0,f,f,Operational,-1.8,37.616667
15480,Rapha Maternity (Nakuru Central),Nakuru,Nakuru,Maternity Home,Private Practice - Nurse / Midwife,8,2,f,f,Operational,-0.303099,36.080026
20702,Raphamed Health Care Services,Machakos,Kathiani,Medical Clinic,Private Practice - Unspecified,0,0,f,f,Operational,-1.516667,37.266667
20202,Raphica Medical Clinic,Machakos,Kangundo,Medical Clinic,Private Practice - Nurse / Midwife,0,0,f,f,Not-Operational,-0.533333,37.45
12709,Rapsu Dispensary,Isiolo,Garbatula,Dispensary,Ministry of Health,2,0,f,f,Operational,0.35,37.583333
14038,Rariw Dispensary,Homa Bay,Homa Bay,Dispensary,Ministry of Health,3,0,f,f,Operational,-0.516667,34.45
14040,Ratta Health Centre,Kisumu,Seme,Health Centre,Ministry of Health,8,0,f,f,Operational,-0.10221,34.761711
19731,Rau Dispensary,Murang'a,Mathioya,Dispensary,Ministry of Health,0,0,f,f,Operational,-0.716667,37.15
18592,Ravine Glory Health Care Services,Baringo,Koibatek,Medical Clinic,Private Practice - Clinical Officer,0,0,f,f,Operational,0.466667,35.966667
19384,Ravine Medical and ENT Clinic,Baringo,Koibatek,Medical Clinic,Private Practice - Clinical Officer,0,0,f,f,Operational,0.466667,35.966667
18424,Rawana Dispensary,Marsabit,Sololo,Dispensary,Ministry of Health,0,0,f,f,Operational,2.333333,37.983333
13422,Raya Dispensary,Garissa,Garissa,Dispensary,Ministry of Health,0,0,f,f,Operational,-0.456944,39.658333
20884,Rays Clinette,Kiambu,Kikuyu,Medical Clinic,Private Practice - Nurse / Midwife,0,0,f,f,Operational,-1.166667,36.833333
17998,Rays International Clinic Kariobangi,Nairobi,Embakasi West,Medical Clinic,Community,0,0,f,f,Operational,-1.286389,36.817223
18406,Real Healthcare Medical Clinic,Nakuru,Nakuru,Medical Clinic,Private Practice - Clinical Officer,0,0,f,f,Operational,-0.303099,36.080026
20177,Real I P M Company Clinic,Murang'a,Gatanga,Medical Clinic,Private Enterprise (Institution),0,0,f,f,Operational,-1.033333,37.066667
18983,Reale Medical Clinic,Uasin Gishu,Eldoret West,Medical Clinic,Private Enterprise (Institution),0,0,f,f,Operational,0.514277,35.269779
20474,Rebeko Dispensary,Baringo,Baringo North,Dispensary,Ministry of Health,0,0,f,f,Operational,0.466667,35.966667
19357,Reddys Medical Clinic,Kakamega,Kakamega Central (Lurambi),Dispensary,Private Practice - Nurse / Midwife,0,0,f,f,Operational,0.284767,34.752308
18822,Redeemed Gospel Church VCT,Tharaka Nithi,Meru South,VCT Centre (Stand-Alone),Christian Health Association of Kenya,0,0,f,f,Not-Operational,,
12710,Redeemed Medical Clinic,Machakos,Kangundo,Dispensary,Christian Health Association of Kenya,0,0,f,f,Operational,-1.516667,37.266667
17180,Rehema Children Medical Clinic Lodwar,Turkana,Turkana Central,Medical Clinic,Private Practice - Clinical Officer,0,0,f,f,Operational,3.116667,35.6
19673,Rehema MC (Top Station-Kitale),Trans Nzoia,Trans Nzoia West,Medical Clinic,Private Practice - Nurse / Midwife,0,0,f,f,Operational,1.016667,34.983333
20652,Rehema Medical Clinic,Kiambu,Limuru,Medical Clinic,Private Practice - Unspecified,0,0,f,f,Operational,-1.166667,36.833333
20278,Rehoboth Maternity and Nursing Home,Kitui,Mwingi East,Nursing Home,Private Practice - General Practitioner,4,1,f,f,Operational,-1.366667,38.016667
17071,Rei Dispensary,Meru,Tigania West,Dispensary,Ministry of Health,0,0,f,f,Operational,0.05,37.65
18927,Rejoice Medical Clinic Lusiola,Vihiga,Vihiga,Medical Clinic,Private Practice - Nurse / Midwife,2,0,f,f,Operational,0.083333,34.716667
17114,Rekeke Model Health Centre,Taita Taveta,Taveta,Health Centre,Ministry of Health,0,0,f,f,Operational,,
21107,Reliable Medical Health Services,Nairobi,Embakasi West,Medical Clinic,Private Practice - Nurse / Midwife,0,0,f,f,Operational,-1.286389,36.817223
17806,Reliance Medical Clinic,Samburu,Samburu Central,Medical Clinic,Private Practice - Clinical Officer,0,0,f,f,Operational,1.316667,36.983333
20426,Relief Medical Clinic,Siaya,Bondo,Medical Clinic,Private Practice - Clinical Officer,2,1,f,f,Operational,0.066667,34.283333
19466,Remer Medical Clinic,Meru,Meru Central,Medical Clinic,Private Practice - Nurse / Midwife,0,0,f,f,Operational,0.05,37.65
20745,Remot Dispensary,Samburu,Samburu East,Dispensary,Ministry of Health,1,0,f,f,Pending Opening,1.316667,36.983333
17373,Renguti (PCEA) Women's Guild Clinic,Kiambu,Kikuyu,Medical Clinic,Other Faith Based,0,0,f,f,Operational,-1.166667,36.833333
18375,Restore Life Medical Centre,Nakuru,Nakuru,Medical Clinic,Private Practice - Nurse / Midwife,0,0,f,f,Operational,-0.303099,36.080026
13173,Reuben Mukuru Health Centre,Nairobi,Embakasi South,Health Centre,Kenya Episcopal Conference-Catholic Secretariat,0,0,f,f,Operational,-1.286389,36.817223
20273,Review Medical Clinic,Kiambu,Ruiru,Medical Clinic,Private Practice - Clinical Officer,0,0,f,f,Operational,-1.286389,36.817223
16168,Revival Home Based Care Clinic,Nairobi,Kibra,Health Centre,Other Faith Based,4,0,f,f,Operational,-1.286389,36.817223
13423,Rhamu Sub-District Hospital,Mandera,Mandera North,Sub-District Hospital,Ministry of Health,18,10,f,f,Operational,3.933333,41.866667
13424,Rhamudimtu Health Centre,Mandera,Mandera North,Health Centre,Ministry of Health,0,0,f,f,Operational,3.933333,41.866667
15483,Rhein Valley Hospital,Nakuru,Gilgil,Other Hospital,Non-Governmental Organizations,13,1,f,f,Operational,-0.303099,36.080026
18547,Rheno Medicare Clinic,Nandi,Nandi South,Medical Clinic,Private Practice - Nurse / Midwife,0,0,f,f,Operational,0.166667,35.133333
20137,Rhonda Dispensary and Maternity,Nakuru,Nakuru,Dispensary,Ministry of Health,0,0,f,f,Pending Opening,-0.303099,36.080026
10957,Riabai Dispensary,Kiambu,Kiambu,Dispensary,Ministry of Health,0,0,f,f,Operational,-1.166667,36.833333
12711,Riachina Dispensary,Embu,Mbeere South,Dispensary,Ministry of Health,0,0,f,f,Operational,-0.533333,37.45
16981,Riakinaro Health Centre,Nyamira,Nyamira,Health Centre,Ministry of Health,12,2,f,f,Operational,-0.633333,34.933333
19894,Riakithiga Dispensary,Kirinyaga,Kirinyaga East,Dispensary,Ministry of Health,0,0,f,f,Operational,-0.5,37.283333
14044,Riakworo Dispensary,Nyamira,North Masaba,Dispensary,Christian Health Association of Kenya,2,0,f,f,Operational,-0.633333,34.933333
14045,Riana Health Centre,Kisii,Kisii South,Health Centre,Ministry of Health,14,0,f,f,Operational,-0.683333,34.766667
14046,Riat Dispensary,Kisumu,Kisumu West,Dispensary,Ministry of Health,0,0,f,f,Operational,-0.10221,34.761711
13425,Riba Dispensary,Wajir,Wajir East,Dispensary,Ministry of Health,0,0,f,f,Operational,1.75,40.066667
11756,Ribe Dispensary,Kilifi,Rabai,Dispensary,Ministry of Health,0,0,f,f,Operational,-3.633333,39.85
14048,Riechieri Health Centre,Nyamira,Nyamira North,Health Centre,Ministry of Health,0,0,f,f,Operational,-0.633333,34.933333
14049,Rietago Dispensary,Nyamira,Borabu,Dispensary,Ministry of Health,1,0,f,f,Operational,-0.633333,34.933333
11757,Riflot Medical Centre,Taita Taveta,Voi,Other Hospital,Private Enterprise (Institution),15,2,f,f,Operational,,
18955,Riflot Medical Clinic,Mombasa,Changamwe,Medical Clinic,Private Practice - Clinical Officer,0,0,f,f,Operational,-4.043477,39.668205
16826,Right Choice Clinic,Meru,Buuri,Medical Clinic,Private Enterprise (Institution),0,0,f,f,Operational,0.05,37.65
14050,Rigoko Dispensary,Nyamira,Borabu,Dispensary,Ministry of Health,1,0,f,f,Operational,-0.633333,34.933333
14051,Rigoma Dispensary,Nyamira,North Masaba,Dispensary,Ministry of Health,2,0,f,f,Operational,-0.633333,34.933333
17347,Rikendo Dispensary,Kisii,Kisii Central,Dispensary,Ministry of Health,0,0,f,f,Operational,-0.683333,34.766667
17678,Rikenye Dispensary (Masaba),Nyamira,North Masaba,Dispensary,Ministry of Health,1,0,f,f,Operational,-0.633333,34.933333
15485,Rimoi Dispensary,Elgeyo Marakwet,Keiyo,Dispensary,Ministry of Health,0,0,f,f,Operational,,
19475,Rinah Health Consultants,Nairobi,Starehe,Medical Clinic,Private Practice - Medical Specialist,0,0,f,f,Operational,-1.286389,36.817223
20364,Ringa Dispensary,Homa Bay,Rachuonyo South,Dispensary,Kenya Episcopal Conference-Catholic Secretariat,6,0,f,f,Operational,-0.516667,34.45
14052,Riokindo Health Centre,Kisii,Kenyenya,Health Centre,Christian Health Association of Kenya,0,0,f,f,Operational,-0.683333,34.766667
14053,Riongige Dispensry,Nyamira,Nyamira,Dispensary,Ministry of Health,5,0,f,f,Operational,-0.633333,34.933333
15486,Riongo Dispensary,Baringo,East Pokot,Dispensary,Ministry of Health,0,0,f,f,Operational,0.466667,35.966667
14054,Riotanchi Health Centre,Kisii,Kisii South,Health Centre,Ministry of Health,14,0,f,f,Operational,-0.683333,34.766667
12713,Ripples International Dispensary,Meru,Imenti North,Dispensary,Other Faith Based,0,0,f,f,Operational,0.05,37.65
17962,Riria Medical Clinic,Meru,Imenti South,Medical Clinic,Private Practice - Nurse / Midwife,0,0,f,f,Operational,0.05,37.65
13165,Riruta Health Centre,Nairobi,Dagoretti North,Dispensary,Local Authority,0,0,f,f,Operational,-1.286389,36.817223
18806,Rithika Medical and Counseling Centre,Kiambu,Ruiru,Medical Clinic,Private Practice - Nurse / Midwife,0,0,f,f,Operational,-1.286389,36.817223
14055,Ritumbe Health Centre,Kisii,Nyamache,Health Centre,Kenya Episcopal Conference-Catholic Secretariat,0,0,f,f,Operational,-0.683333,34.766667
15487,Riwo Dispensary,Baringo,Baringo Central,Dispensary,Ministry of Health,0,0,f,f,Operational,0.466667,35.966667
18259,Riyadh Medical Clinic,Siaya,Ugenya,Medical Clinic,Private Practice - Nurse / Midwife,0,0,f,f,Operational,0.066667,34.283333
10959,Roadside Clinic (Kagunduini),Murang'a,Kandara,Medical Clinic,Private Practice - Nurse / Midwife,0,0,f,f,Operational,-0.716667,37.15
20238,Roadway Medical Clinic,Uasin Gishu,Eldoret West,Medical Clinic,Private Practice - Nurse / Midwife,5,2,f,f,Operational,0.514277,35.269779
18936,Robins Health Care Clinic,Meru,Igembe South,Medical Clinic,Private Practice - Nurse / Midwife,0,0,f,f,Operational,0.05,37.65
17135,Robinson Medical Clinic (Manga),Nyamira,Manga,Medical Clinic,Private Enterprise (Institution),2,2,f,f,Operational,-0.633333,34.933333
20441,Roborwo Dispensary,Bomet,Chepalungu,Dispensary,Ministry of Health,4,2,f,f,Operational,-0.783333,35.35
15489,Rocco Dispensary,Nakuru,Naivasha,Dispensary,Ministry of Health,1,0,f,f,Operational,-0.303099,36.080026
14057,Rodi Dispensary,Kisumu,Seme,Dispensary,Ministry of Health,0,0,f,f,Operational,-0.10221,34.761711
17077,Roka,Tana River,Bura,Dispensary,Ministry of Health,0,0,f,f,Operational,-1.5,40.033333
11758,Roka Maweni Dispensary,Kilifi,Kilifi North,Dispensary,Ministry of Health,0,0,f,f,Operational,-3.633333,39.85
18175,Rokimwi Clinic,Kirinyaga,Kirinyaga Central,Medical Clinic,Private Practice - Clinical Officer,0,0,f,f,Operational,-0.5,37.283333
15490,Rombo Health Centre,Kajiado,Loitoktok,Health Centre,Kenya Episcopal Conference-Catholic Secretariat,20,4,f,f,Operational,-1.85,36.783333
17861,Romieva Medical Centre,Nairobi,Embakasi East,Medical Clinic,Non-Governmental Organizations,20,2,f,f,Operational,-1.286389,36.817223
19456,Romieva Medical Centre Tassia,Nairobi,Embakasi West,Medical Clinic,Non-Governmental Organizations,2,1,f,f,Operational,-1.286389,36.817223
15491,Romosha Dispensary,Narok,Trans Mara West - Dikirr,Dispensary,Ministry of Health,0,0,f,f,Operational,-1.083333,35.866667
17101,Rondonin Dispensary,Baringo,Baringo North,Dispensary,Ministry of Health,0,0,f,f,Operational,0.466667,35.966667
15495,Rongai Health Centre,Nakuru,Rongai,Health Centre,Ministry of Health,10,4,f,f,Operational,-0.303099,36.080026
18314,Rongai Orthopaedics Medical Services,Kajiado,Kajiado North,Medical Clinic,Private Practice - Medical Specialist,0,0,f,f,Operational,-1.85,36.783333
15497,Rongena Dispensary,Bomet,Sotik,Dispensary,Ministry of Health,0,0,f,f,Operational,-0.783333,35.35
14058,Rongo District Hospital,Migori,Rongo,District Hospital,Ministry of Health,42,2,f,f,Operational,-1.066667,34.466667
20647,Rongo University College Clinic,Migori,Rongo,Medical Clinic,Other Public Institution,2,0,f,f,Operational,-1.066667,34.466667
13166,Ronil Medical Clinic (Githurai),Nairobi,Roysambu,Dispensary,Private Enterprise (Institution),0,0,f,f,Not-Operational,-1.286389,36.817223
16093,Rophy Clinic,Kakamega,Lugari,Medical Clinic,Private Enterprise (Institution),0,0,f,f,Operational,0.284767,34.752308
20575,Ropment Medical Centre,Kisii,Kisii Central,Medical Clinic,Private Practice - Clinical Officer,0,0,f,f,Operational,-0.683333,34.766667
15498,Roret Sub-District Hospital,Kericho,Bureti,Sub-District Hospital,Ministry of Health,24,0,f,f,Operational,-0.366667,35.283333
10961,Rosa Medical Clinic,Nyeri,Tetu,Medical Clinic,Private Practice - Nurse / Midwife,0,0,f,f,Operational,-0.416667,36.95
18992,Rosade Medical Clinic,Nairobi,Kibra,Medical Clinic,Private Practice - General Practitioner,0,0,f,f,Operational,-1.286389,36.817223
10963,Rose Medical Clinic,Murang'a,Kandara,Medical Clinic,Private Practice - Nurse / Midwife,0,0,f,f,Operational,-0.716667,37.15
18307,Rosewo VCT Centre,Nakuru,Rongai,VCT Centre (Stand-Alone),Non-Governmental Organizations,0,0,f,f,Operational,-0.303099,36.080026
20008,Rosoga Dispensary,Baringo,Mogotio,Dispensary,Ministry of Health,0,0,f,f,Operational,0.466667,35.966667
14060,Rota Dispensary,Kisumu,Kisumu West,Dispensary,Ministry of Health,0,0,f,f,Operational,-0.10221,34.761711
16094,Rotary Doctors Clinic,Vihiga,Emuhaya,Medical Clinic,Non-Governmental Organizations,0,0,f,f,Not-Operational,0.083333,34.716667
15500,Rotary Doctors General Outreach,Nandi,Nandi Central,Health Programme,Non-Governmental Organizations,0,0,f,f,Operational,0.166667,35.133333
19940,Rotu Dispensary,Baringo,East Pokot,Dispensary,Christian Health Association of Kenya,12,4,f,f,Operational,0.466667,35.966667
17938,Round About Medical Centre,Nairobi,Roysambu,Health Centre,Private Enterprise (Institution),4,2,f,f,Operational,-1.286389,36.817223
17732,Royal Clinic,Nyamira,Borabu,Medical Clinic,Private Practice - Nurse / Midwife,0,0,f,f,Operational,-0.633333,34.933333
16836,Royal Clinic & Laboratory,Meru,Buuri,Medical Clinic,Private Enterprise (Institution),0,0,f,f,Operational,0.05,37.65
18988,Royal Clinic-Kibera,Nairobi,Kibra,Medical Clinic,Private Practice - Nurse / Midwife,0,0,f,f,Operational,-1.286389,36.817223
11759,Royal Health Care,Kilifi,Malindi,Medical Clinic,Private Practice - General Practitioner,0,0,f,f,Operational,-3.216667,40.116667
19956,Royal Medical Clinic,Nakuru,Nakuru,Medical Clinic,Private Practice - Nurse / Midwife,0,0,f,f,Operational,-0.303099,36.080026
19106,Royal Medical Clinic (Meru),Meru,Imenti North,Medical Clinic,Private Practice - Nurse / Midwife,0,0,f,f,Operational,0.05,37.65
14061,Royal Nursing Home,Migori,Rongo,Nursing Home,Private Enterprise (Institution),19,1,f,f,Operational,-1.066667,34.466667
18572,Royal Run Medical Clinic,Kwale,Matuga,Medical Clinic,Private Practice - Nurse / Midwife,0,0,f,f,Operational,-4.183333,39.45
19382,Royolk Medical Clinic,Nairobi,Roysambu,Medical Clinic,Private Practice - General Practitioner,0,0,f,f,Operational,-1.286389,36.817223
18221,Ruai (SDA) Clinic,Nairobi,Kasarani,Medical Clinic,Other Faith Based,0,0,f,f,Operational,-1.286389,36.817223
10969,Ruchu Dispensary,Murang'a,Kandara,Dispensary,Kenya Episcopal Conference-Catholic Secretariat,0,0,f,f,Operational,-1.033333,37.066667
10967,Ruera Estate Dispensary,Kiambu,Ruiru,Dispensary,Company Medical Service,0,0,f,f,Operational,-1.166667,36.833333
18013,Ruguru Community Health Centre,Nyeri,Mathira West,Health Centre,Ministry of Health,0,0,f,f,Operational,-0.416667,36.95
17791,Ruguru Dispensary,Nakuru,Nakuru North,Dispensary,Ministry of Health,0,0,f,f,Operational,-0.303099,36.080026
12716,Ruiri Catholic Health Centre,Meru,Buuri,Health Centre,Kenya Episcopal Conference-Catholic Secretariat,8,0,f,f,Operational,0.05,37.65
19129,Ruiri MCK Medical Centre,Meru,Buuri,Medical Clinic,Christian Health Association of Kenya,0,0,f,f,Operational,0.05,37.65
18709,Ruiri Medical Centre,Meru,Imenti North,Medical Centre,Private Practice - Unspecified,0,0,f,f,Operational,0.05,37.65
12717,Ruiri Rural Health Demonstration Centre,Meru,Buuri,Health Centre,Ministry of Health,10,0,f,f,Operational,0.05,37.65
10971,Ruiru Diagnostic Centre,Kiambu,Ruiru,Medical Clinic,Private Practice - Nurse / Midwife,0,0,f,f,Operational,-1.166667,36.833333
10972,Ruiru East Medical Clinic,Kiambu,Ruiru,Medical Clinic,Private Practice - Nurse / Midwife,0,0,f,f,Operational,-1.166667,36.833333
18184,Ruiru Health Clinic,Kiambu,Ruiru,Medical Clinic,Private Practice - Clinical Officer,0,0,f,f,Operational,-1.166667,36.833333
10974,Ruiru Hospital Limited,Kiambu,Ruiru,Nursing Home,Private Enterprise (Institution),30,5,f,f,Operational,-1.033333,37.066667
10973,Ruiru Sub-District Hospital,Kiambu,Ruiru,Sub-District Hospital,Ministry of Health,20,2,f,f,Operational,-1.166667,36.833333
16095,Rukala Model Health Centre,Busia,Bunyala,Health Centre,Ministry of Health,15,0,f,f,Operational,0.46,34.11
10975,Rukanga  Health Centre,Kirinyaga,Kirinyaga North,Health Centre,Ministry of Health,0,0,f,f,Operational,-0.5,37.283333
16241,Rukenya Dispensary,Tharaka Nithi,Tharaka South,Dispensary,Ministry of Health,0,0,f,f,Operational,,
12718,Rukira Dispensary,Embu,Manyatta,Dispensary,Ministry of Health,0,0,f,f,Operational,-0.533333,37.45
11760,Rumangao Dispensary,Taita Taveta,Voi,Dispensary,Christian Health Association of Kenya,0,0,f,f,Operational,,
16096,Rumbiye Dispensary,Busia,Samia,Dispensary,Ministry of Health,0,0,f,f,Operational,0.46,34.11
15501,Rumuruti Catholic Dispensary,Laikipia,Laikipia West,Dispensary,Kenya Episcopal Conference-Catholic Secretariat,3,0,f,f,Operational,0.366667,37.033333
15502,Rumuruti District Hospital,Laikipia,Laikipia West,District Hospital,Ministry of Health,12,0,f,f,Operational,0.366667,37.033333
15503,Rumuruti Medical Clinic,Trans Nzoia,Trans Nzoia East,Medical Clinic,Private Practice - Nurse / Midwife,0,0,f,f,Not-Operational,1.016667,34.983333
17304,Ruona Dispensary,Murang'a,Kandara,Dispensary,Ministry of Health,0,0,f,f,Operational,-1.033333,37.066667
13426,Ruqa Dispensary,Garissa,Ijara,Dispensary,Ministry of Health,0,0,f,f,Operational,-0.456944,39.658333
20425,Rural Border Patrol,Kitui,Lower Yatta,Dispensary,Ministry of Health,0,0,f,f,Operational,-1.366667,38.016667
18128,Rural Education and Environmental Program,Busia,Butula,Medical Clinic,Private Practice - Nurse / Midwife,0,0,f,f,Operational,0.46,34.11
10977,Rural Medical Clinic (Nyeri South),Nyeri,Tetu,Medical Clinic,Private Practice - Clinical Officer,0,0,f,f,Operational,-0.416667,36.95
10978,Rural Personal Care Centre,Nyeri,Tetu,Medical Clinic,Private Practice - Nurse / Midwife,0,0,f,f,Not-Operational,-0.416667,36.95
21151,Rurii  Dispensary,Nyandarua,Nyandarua Central,Dispensary,Ministry of Health,0,0,f,f,Operational,-0.183333,36.366667
10979,Rurii (ACK) Dispensary,Nyandarua,Nyandarua Central,Dispensary,Christian Health Association of Kenya,0,0,f,f,Operational,-0.183333,36.366667
10980,Rurii Kiandegwa Dispensary,Kirinyaga,Kirinyaga North,Dispensary,Ministry of Health,0,0,f,f,Operational,-0.5,37.283333
10981,Ruringu Medical Clinic,Nyeri,Nyeri Central,Medical Clinic,Private Practice - Clinical Officer,0,0,f,f,Operational,-0.416667,36.95
10983,Ruruguti Dispensary,Nyeri,Nyeri South,Dispensary,Ministry of Health,0,0,f,f,Operational,-0.416667,36.95
14062,Rusinga Dispensary,Kisii,Sameta,Dispensary,Ministry of Health,0,0,f,f,Operational,-0.683333,34.766667
17594,Rusinga Island of Hope Humanist Health Centre,Homa Bay,Mbita,Health Centre,Private Enterprise (Institution),10,0,f,f,Operational,-0.516667,34.45
17250,Rwamburi Dispensary,Kiambu,Limuru,Dispensary,Ministry of Health,0,0,f,f,Operational,-1.166667,36.833333
14063,Rwambwa Health Centre,Siaya,Siaya,Health Centre,Ministry of Health,0,0,f,f,Operational,0.066667,34.283333
10984,Rwanyambo Dispensary,Nyandarua,Kinangop,Dispensary,Ministry of Health,0,0,f,f,Operational,-0.183333,36.366667
12721,Rwanyange Dispensary,Meru,Imenti North,Dispensary,Ministry of Health,0,0,f,f,Operational,0.05,37.65
10986,Rwathia Dispensary,Murang'a,Muranga West,Dispensary,Ministry of Health,0,0,f,f,Operational,-0.716667,37.15
12722,Rwika Dispensary,Embu,Mbeere South,Dispensary,Ministry of Health,0,0,f,f,Operational,-0.533333,37.45
17549,Sa/Ahf Kithituni Health Clinic,Makueni,Mukaa,Dispensary,Other Faith Based,0,0,f,f,Operational,-1.8,37.616667
11761,Sabaki Dispensary,Kilifi,Malindi,Dispensary,Ministry of Health,0,0,f,f,Operational,-3.216667,40.116667
10987,Sabasaba Health Centre,Murang'a,Muranga South,Health Centre,Ministry of Health,6,1,f,f,Operational,-0.716667,37.15
15505,Sabatia Dispensary,Baringo,Koibatek,Dispensary,Ministry of Health,0,0,f,f,Operational,0.466667,35.966667
16098,Sabatia Health Centre,Vihiga,Sabatia,Health Centre,Ministry of Health,9,1,f,f,Operational,0.083333,34.716667
15506,Sabor Dispensary,Baringo,Baringo Central,Dispensary,Ministry of Health,0,0,f,f,Operational,0.466667,35.966667
17890,Sabor Forest Dispensary,Elgeyo Marakwet,Keiyo South,Dispensary,Ministry of Health,0,0,f,f,Operational,,
13428,Sabuli Health Centre,Wajir,Habaswein,Health Centre,Ministry of Health,0,0,f,f,Operational,1.75,40.066667
13429,Sabuli Nomadic Dispensary,Wajir,Habaswein,Dispensary,Ministry of Health,0,0,f,f,Operational,1.75,40.066667
16099,Sacha Health Centre,Bungoma,Mt Elgon,Health Centre,Ministry of Health,7,0,f,f,Operational,0.566667,34.566667
15510,Sacho School Dispensary,Baringo,Baringo Central,Dispensary,Private Enterprise (Institution),0,0,f,f,Operational,0.466667,35.966667
17092,Sachora Dispensary,Bomet,Chepalungu,Dispensary,Ministry of Health,0,0,f,f,Operational,-0.783333,35.35
20942,Sachoran Dispensary,Kericho,Belgut,Dispensary,Ministry of Health,0,0,f,f,Operational,-0.366667,35.283333
16252,Sacred Heart Dispensary (Nzaikoni),Machakos,Kathiani,Dispensary,Kenya Episcopal Conference-Catholic Secretariat,0,0,f,f,Operational,-1.516667,37.266667
10989,Sacred Heart Kangaita Catholic Dispensary,Kirinyaga,Kirinyaga Central,Dispensary,Kenya Episcopal Conference-Catholic Secretariat,0,0,f,f,Operational,-0.5,37.283333
16524,Sacred Heart Medical Clinic,Kilifi,Malindi,Medical Clinic,Private Practice - Clinical Officer,0,0,f,f,Operational,-3.216667,40.116667
10990,Sacred Heart Mission Dispensary,Nyeri,Nyeri Central,Dispensary,Kenya Episcopal Conference-Catholic Secretariat,0,0,f,f,Operational,-0.416667,36.95
21108,Sacred Heart of Jesus,Nakuru,Subukia,Health Centre,Other Faith Based,3,0,f,f,Operational,-0.303099,36.080026
16447,Safi Medical Clinic,Kirinyaga,Kirinyaga South,Medical Clinic,Private Practice - Nurse / Midwife,0,0,f,f,Operational,-0.5,37.283333
11763,Sagaighu Dispensary,Taita Taveta,Mwatate,Dispensary,Ministry of Health,0,0,f,f,Operational,,
11764,Sagala Health Centre,Taita Taveta,Voi,Health Centre,Ministry of Health,12,1,f,f,Operational,,
17271,Sagala Medical Clinic,Kirinyaga,Kirinyaga Central,Medical Clinic,Private Practice - Nurse / Midwife,0,0,f,f,Operational,-0.5,37.283333
20057,Sagam Hospital,Narok,Narok North,Other Hospital,Private Practice - General Practitioner,0,0,f,f,Operational,-1.083333,35.866667
10991,Sagana Catholic Dispensary,Kirinyaga,Kirinyaga West,Dispensary,Kenya Episcopal Conference-Catholic Secretariat,0,0,f,f,Operational,-0.5,37.283333
10993,Sagana Medical Clinic,Kirinyaga,Kirinyaga West,Medical Clinic,Private Practice - Clinical Officer,0,0,f,f,Operational,-0.5,37.283333
20391,Sagana State Lodge Dispensary,Nyeri,Mathira West,Dispensary,Ministry of Health,0,0,f,f,Pending Opening,-0.416667,36.95
10994,Sagana Sub-District Hospital,Kirinyaga,Kirinyaga West,Sub-District Hospital,Ministry of Health,8,1,f,f,Operational,-0.5,37.283333
12723,Sagante Dispensary,Marsabit,Marsabit,Dispensary,Ministry of Health,0,0,f,f,Operational,2.333333,37.983333
18044,Sahla Medical Clinic,Mombasa,Mvita,Medical Clinic,Private Practice - Nurse / Midwife,0,0,f,f,Operational,-4.043477,39.668205
11765,Saifee Foundation Medical Centre,Mombasa,Mvita,Medical Clinic,Private Enterprise (Institution),0,0,f,f,Operational,-4.043477,39.668205
18386,Saika Medical Centre,Nairobi,Kasarani,Medical Clinic,Private Practice - General Practitioner,0,0,f,f,Operational,-1.286389,36.817223
15513,Saikeri Dispensary,Kajiado,Kajiado North,Dispensary,Ministry of Health,0,0,f,f,Operational,-1.85,36.783333
13430,Saka Health Centre,Garissa,Balambala,Health Centre,Ministry of Health,0,0,f,f,Operational,-0.456944,39.658333
19960,Sakali Dispensary,Kakamega,Kakamega Central (Lurambi),Dispensary,Private Practice - Nurse / Midwife,2,2,f,f,Operational,0.284767,34.752308
21180,Sake dispensary,Mandera,Mandera West,Dispensary,Ministry of Health,0,0,f,f,Operational,3.933333,41.866667
15516,Sakutiek Health Centre,Narok,Narok North,Health Centre,Ministry of Health,6,0,f,f,Operational,-1.083333,35.866667
21112,Salaam Hospital,Mombasa,Mvita,Nursing Home,Private Practice - General Practitioner,8,3,f,f,Operational,-4.043477,39.668205
15517,Salabani Dispensary,Baringo,Baringo Central,Dispensary,Ministry of Health,0,0,f,f,Pending Opening,0.466667,35.966667
12724,Salama (Baptist) Nursing Home,Makueni,Mukaa,Dispensary,Other Faith Based,4,0,f,f,Operational,-1.8,37.616667
15520,Salama Health Centre (Laikipia West),Laikipia,Nyahururu,Dispensary,Ministry of Health,8,0,f,f,Operational,0.366667,37.033333
17896,Salama Lab Services,Marsabit,Moyale,Laboratory (Stand-alone),Private Enterprise (Institution),0,0,f,f,Operational,2.333333,37.983333
18237,Salama Medical Clinic (Embu),Embu,Manyatta,Medical Clinic,Private Practice - Nurse / Midwife,0,0,f,f,Operational,-0.533333,37.45
13175,Salama Nursing Home,Nairobi,Kamukunji,Nursing Home,Private Practice - General Practitioner,8,2,f,f,Operational,-1.286389,36.817223
15521,Salawa Catholic Mission Dispensary PHC,Baringo,Baringo Central,Dispensary,Kenya Episcopal Conference-Catholic Secretariat,0,0,f,f,Operational,0.466667,35.966667
15522,Salawa Health Centre,Baringo,Baringo Central,Health Centre,Ministry of Health,6,1,f,f,Operational,0.466667,35.966667
11944,Salem Medical Services,Kitui,Mwingi Central,Nursing Home,Private Practice - Clinical Officer,0,0,f,f,Operational,-1.366667,38.016667
18392,Salivin Medical Clinic,Bungoma,Bungoma South,Medical Clinic,Private Practice - Clinical Officer,1,1,f,f,Not-Operational,0.566667,34.566667
19026,Salvage Medical Clinic,Kajiado,Kajiado Central,Medical Clinic,Private Practice - General Practitioner,0,0,f,f,Not-Operational,-1.85,36.783333
19613,Sam Medical Clinic,Nyandarua,Nyandarua South,Medical Clinic,Private Practice - Nurse / Midwife,0,0,f,f,Operational,-0.183333,36.366667
19203,Samaad Hospital,Wajir,Wajir East,Other Hospital,Private Practice - General Practitioner,30,3,f,f,Operational,1.75,40.066667
19054,Samaritan Soul Hospital,Kajiado,Kajiado North,Medical Clinic,Private Practice - Clinical Officer,0,0,f,f,Operational,-1.286389,36.817223
11767,Samba Medical Clinic,Mombasa,Kisauni,Medical Clinic,Private Enterprise (Institution),0,0,f,f,Operational,-4.043477,39.668205
20984,Samburu Beyond Zero Mobile Clinic,Samburu,Samburu Central,Medical Clinic,Ministry of Health,0,0,f,f,Operational,1.316667,36.983333
11768,Samburu Health Centre,Kwale,Kinango,Health Centre,Ministry of Health,10,0,f,f,Operational,-4.183333,39.45
19352,Samburu Medical Centre (Outreach Services),Samburu,Samburu Central,Medical Clinic,Private Practice - Nurse / Midwife,0,0,f,f,Pending Opening,1.316667,36.983333
15525,Sambut Dispensary,Uasin Gishu,Eldoret West,Dispensary,Ministry of Health,7,0,f,f,Operational,0.516667,35.283333
20251,Sam-Evan Medical Clinic,Nakuru,Nakuru North,Medical Clinic,Private Practice - Nurse / Midwife,1,1,f,f,Operational,-0.303099,36.080026
19728,Samilo Medical Clinic,Turkana,Turkana West,Medical Clinic,Private Practice - Nurse / Midwife,0,0,f,f,Operational,3.116667,35.6
10998,Samkim Medical Clinic,Kiambu,Gatundu North,Medical Clinic,Private Practice - Nurse / Midwife,0,0,f,f,Operational,-1.033333,37.066667
20235,Sam-link medical centre,Nairobi,Kasarani,Medical Clinic,Private Practice - Clinical Officer,0,0,f,f,Operational,-1.286389,36.817223
17944,Samoei Medical Clinic,Uasin Gishu,Eldoret East,Medical Clinic,Private Practice - Unspecified,0,0,f,f,Operational,0.514277,35.269779
14065,Samora Clinic,Nyamira,Nyamira North,Medical Clinic,Private Enterprise (Institution),0,0,f,f,Operational,-0.633333,34.933333
17143,Samutet Dispensary,Kericho,Kericho,Dispensary,Ministry of Health,0,0,f,f,Operational,-0.366667,35.283333
16525,San Marco Project Clinic,Kilifi,Malindi,Medical Clinic,Private Practice - Nurse / Midwife,0,0,f,f,Operational,-3.216667,40.116667
15527,Sandai Dispensary,Baringo,Marigat,Dispensary,Ministry of Health,0,0,f,f,Operational,0.466667,35.966667
13431,Sangailu Health Centre,Garissa,Hulugho,Health Centre,Ministry of Health,0,0,f,f,Operational,-0.456944,39.658333
11769,Sangekoro Dispensary,Taita Taveta,Wundanyi,Dispensary,Ministry of Health,0,0,f,f,Operational,,
20186,Sango Kabuyefwe Dispensary,Bungoma,Bungoma North,Dispensary,Ministry of Health,4,2,f,f,Operational,0.566667,34.566667
17986,Sango Natiri Dispensary,Bungoma,Bungoma North,Dispensary,Ministry of Health,0,0,f,f,Operational,0.566667,34.566667
14066,Sango Rota Dispensary,Kisumu,Nyakach,Dispensary,Ministry of Health,0,0,f,f,Operational,-0.10221,34.761711
13432,Sangole Dispensary,Garissa,Ijara,Dispensary,Ministry of Health,0,0,f,f,Operational,-0.456944,39.658333
15530,Sangurur Dispensary,Elgeyo Marakwet,Marakwet West,Dispensary,Ministry of Health,0,0,f,f,Operational,,
17957,Sani Medical Clinic,Meru,Imenti South,Medical Clinic,Private Practice - Nurse / Midwife,0,0,f,f,Operational,0.05,37.65
19379,Sanitas Lotus Medical Centre,Nairobi,Roysambu,Medical Clinic,Private Practice - General Practitioner,0,0,f,f,Operational,-1.286389,36.817223
13433,Sankuri Health Centre,Garissa,Garissa,Health Centre,Ministry of Health,0,0,f,f,Operational,-0.456944,39.658333
19733,Santa Lucia Medical Clinic,Kirinyaga,Kirinyaga North,Medical Clinic,Private Practice - Nurse / Midwife,0,0,f,f,Operational,-0.5,37.283333
17828,Santa Maria Medical Clinic (Kwale),Kwale,Matuga,Medical Clinic,Private Practice - Nurse / Midwife,0,0,f,f,Operational,-4.183333,39.45
19445,Santi Meridian Health Care,Nairobi,Embakasi Central,Medical Clinic,Private Practice - General Practitioner,1,2,f,f,Operational,-1.286389,36.817223
14067,Saokon Clinic,Homa Bay,Rachuonyo South,Medical Clinic,Private Practice - Nurse / Midwife,0,0,f,f,Operational,-0.516667,34.45
13178,Saola Maternity and Nursing Home,Nairobi,Kibra,Maternity Home,Private Enterprise (Institution),8,4,f,f,Operational,-1.286389,36.817223
20434,Saos Dispensary,Baringo,Koibatek,Dispensary,Ministry of Health,0,0,f,f,Operational,0.466667,35.966667
14068,Saradidi Dispensary,Siaya,Rarieda,Dispensary,Ministry of Health,2,0,f,f,Operational,0.066667,34.283333
19757,Sarara Chemistry,Trans Nzoia,Trans Nzoia West,Not in List,Private Practice - Medical Specialist,0,0,f,f,Operational,1.016667,34.983333
13434,Saretho Health Centre,Garissa,Dadaab,Health Centre,Ministry of Health,0,0,f,f,Operational,-0.456944,39.658333
13435,Sarif Health Centre,Wajir,Habaswein,Health Centre,Ministry of Health,0,0,f,f,Operational,1.75,40.066667
19256,Sarimo Medical Centre,Marsabit,North Horr,Medical Clinic,Private Practice - Clinical Officer,0,0,f,f,Operational,2.333333,37.983333
20947,Sarmach Dispensary,West Pokot,Pokot Central,Dispensary,Ministry of Health,0,0,f,f,Operational,1.233333,35.116667
13436,Sarman Dispensary,Wajir,Tarbaj,Dispensary,Ministry of Health,0,0,f,f,Operational,1.75,40.066667
19706,Sarova Hotels,Taita Taveta,Mwatate,Medical Clinic,Private Practice - Nurse / Midwife,0,0,f,f,Operational,,
15532,Saruchat Dispensary,Bomet,Sotik,Dispensary,Ministry of Health,0,0,f,f,Operational,-0.783333,35.35
18796,Sasa Centre (Makadara),Nairobi,Makadara,Medical Clinic,Non-Governmental Organizations,0,0,f,f,Operational,-1.286389,36.817223
18773,Sasa Centre (Westlands),Nairobi,Westlands,Medical Clinic,Non-Governmental Organizations,0,0,f,f,Pending Opening,-1.286389,36.817223
18571,Sasa Centre Naivasha (Drop In Service Centre-Disc),Nakuru,Naivasha,Medical Clinic,Non-Governmental Organizations,0,0,f,f,Operational,-0.303099,36.080026
20617,Sasimua Dispensary,Nakuru,Kuresoi,Dispensary,Ministry of Health,0,0,f,f,Operational,-0.303099,36.080026
15533,Satiet Dispensary,Bomet,Konoin,Dispensary,Ministry of Health,0,0,f,f,Operational,-0.783333,35.35
11771,Sau Health Services,Mombasa,Likoni,Medical Clinic,Private Enterprise (Institution),0,0,f,f,Operational,-4.043477,39.668205
20904,Savani Medical Centre,Mombasa,Likoni,Medical Clinic,Private Practice - Clinical Officer,3,0,f,f,Operational,-4.043477,39.668205
15534,Savani Tea Dispensary,Nandi,Nandi East,Dispensary,Company Medical Service,0,0,f,f,Operational,0.166667,35.133333
18459,Savannah Likoni Medical Centre,Mombasa,Likoni,Medical Clinic,Private Practice - Clinical Officer,4,0,f,f,Operational,-4.043477,39.668205
15535,Savannah Medical Clinic,Turkana,Turkana Central,Medical Clinic,Private Practice - Clinical Officer,0,0,f,f,Operational,3.116667,35.6
16691,Savimbi Medical Clinic,Narok,Trans Mara East,Medical Clinic,Private Enterprise (Institution),3,0,f,f,Operational,-1.083333,35.866667
12728,School For The Deaf (Machakos),Machakos,Machakos,Dispensary,Ministry of Health,0,0,f,f,Operational,-1.516667,37.266667
19449,Scion Healthcare Ltd Clinic,Nairobi,Embakasi South,Medical Clinic,Private Practice - Unspecified,2,1,f,f,Operational,-1.286389,36.817223
18593,SDA Health Services Likoni Road Clinic,Nairobi,Makadara,Medical Clinic,Christian Health Association of Kenya,0,0,f,f,Operational,-1.286389,36.817223
11777,Sea Breeze Medical Clinic,Kilifi,Malindi,Medical Clinic,Private Practice - Clinical Officer,0,0,f,f,Operational,-3.216667,40.116667
21140,Seaside Hospital Mariakani,Kilifi,Kaloleni,Other Hospital,Private Practice - General Practitioner,9,2,f,f,Operational,-4.043477,39.668205
17630,Seaside Nursing Home,Mombasa,Mvita,Nursing Home,Private Practice - Unspecified,11,4,f,f,Operational,-4.043477,39.668205
15536,Seed of Hope Medical Clinic,Trans Nzoia,Kwanza,Medical Clinic,Non-Governmental Organizations,0,0,f,f,Operational,1.016667,34.983333
17029,Segera Mission Dispensary,Laikipia,Laikipia East,Dispensary,Christian Health Association of Kenya,0,0,f,f,Operational,0.366667,37.033333
21045,Segero Dispensary,Busia,Nambale,Dispensary,Ministry of Health,2,2,f,f,Operational,0.46,34.11
16470,Segetet Dispensary,Kericho,Kipkelion,Dispensary,Ministry of Health,0,0,f,f,Operational,-0.366667,35.283333
15539,Segut Dispensary,Elgeyo Marakwet,Marakwet East,Dispensary,Ministry of Health,0,0,f,f,Operational,,
15540,Segutiet Dispensary,Bomet,Bomet Central,Dispensary,Ministry of Health,0,0,f,f,Operational,-0.783333,35.35
17086,Seguton Dispensary,Baringo,Koibatek,Dispensary,Ministry of Health,0,0,f,f,Operational,0.466667,35.966667
14074,Seka Health Centre,Homa Bay,Suba,Health Centre,Ministry of Health,1,0,f,f,Operational,-0.516667,34.45
15541,Sekenani Health Centre,Narok,Narok South,Health Centre,Ministry of Health,8,2,f,f,Operational,-1.083333,35.866667
15542,Sekerr Dispensary,West Pokot,Pokot Central,Dispensary,Other Faith Based,10,0,f,f,Operational,1.233333,35.116667
15543,Seketet Dispensary,Samburu,Samburu Central,Dispensary,Ministry of Health,0,0,f,f,Operational,1.316667,36.983333
20304,Selma medical clinic,Nairobi,Roysambu,Medical Clinic,Private Practice - Unspecified,0,0,f,f,Operational,-1.286389,36.817223
11778,Semikaro Dispensary,Tana River,Tana Delta,Dispensary,Ministry of Health,0,0,f,f,Operational,-1.5,40.033333
14075,Sena Health Centre,Homa Bay,Mbita,Health Centre,Ministry of Health,6,1,f,f,Operational,-0.516667,34.45
18662,Senate Health Services,Nairobi,Embakasi North,Medical Clinic,Private Practice - Nurse / Midwife,0,0,f,f,Operational,-1.286389,36.817223
14076,Sengera Health Centre (Gucha),Kisii,Gucha,Health Centre,Kenya Episcopal Conference-Catholic Secretariat,0,0,f,f,Operational,-0.683333,34.766667
20301,Seniors Medical Services,Kajiado,Isinya,Nursing Home,Private Practice - Clinical Officer,14,0,f,f,Operational,-1.85,36.783333
13179,Senye Medical Clinic,Nairobi,Kibra,Maternity Home,Private Enterprise (Institution),20,0,f,f,Operational,-1.286389,36.817223
11780,Sera Dispensary,Tana River,Tana Delta,Dispensary,Ministry of Health,0,0,f,f,Operational,-1.5,40.033333
19085,Sere Clinic,Taita Taveta,Wundanyi,Medical Clinic,Private Practice - Nurse / Midwife,0,0,f,f,Operational,,
16102,Seregeya Dispensary,Kakamega,Likuyani,Dispensary,Ministry of Health,0,0,f,f,Operational,0.284767,34.752308
16103,Serem Health Centre,Vihiga,Hamisi,Health Centre,Ministry of Health,15,5,f,f,Operational,0.083333,34.716667
15545,Serem Health Centre (Nandi South),Nandi,Nandi South,Health Centre,Ministry of Health,0,0,f,f,Operational,0.166667,35.133333
18749,Serena Beach Hotel & Spa Staff Clinic,Mombasa,Kisauni,Medical Clinic,Private Enterprise (Institution),0,0,f,f,Operational,-4.043477,39.668205
17884,Serena Medical Clinic,Kilifi,Malindi,Medical Clinic,Private Practice - Clinical Officer,0,0,f,f,Operational,-3.216667,40.116667
15546,Sereng Dispensary,Kericho,Kipkelion,Dispensary,Ministry of Health,4,0,f,f,Operational,-0.366667,35.283333
15547,Sereolipi Health Centre,Samburu,Samburu East,Dispensary,Ministry of Health,4,0,f,f,Operational,1.316667,36.983333
15548,Sererit Catholic Dispensary,Samburu,Samburu North,Dispensary,Kenya Episcopal Conference-Catholic Secretariat,4,0,f,f,Operational,1.316667,36.983333
15549,Seretunin Health Centre,Baringo,Baringo Central,Health Centre,Ministry of Health,5,0,f,f,Operational,0.466667,35.966667
15550,Seretut Dispensary,Kericho,Belgut,Dispensary,Ministry of Health,1,0,f,f,Operational,-0.366667,35.283333
17591,Seretut Medical Clinic,Kericho,Belgut,Medical Clinic,Private Practice - Nurse / Midwife,0,0,f,f,Operational,-0.366667,35.283333
15551,Serewo Health Centre,West Pokot,West Pokot,Health Centre,Ministry of Health,12,0,f,f,Operational,1.233333,35.116667
15554,Sergoit Dispensary (Keiyo),Elgeyo Marakwet,Keiyo,Dispensary,Ministry of Health,0,0,f,f,Operational,,
12729,Sericho Health Centre,Isiolo,Garbatula,Health Centre,Ministry of Health,15,3,f,f,Operational,0.35,37.583333
15555,Setano Dispensary,Elgeyo Marakwet,Keiyo South,Dispensary,Ministry of Health,0,0,f,f,Operational,0.514277,35.269779
15556,Setek Dispensary,Nandi,Tinderet,Dispensary,Ministry of Health,4,0,f,f,Operational,0.166667,35.133333
17267,Seth Medical Clinic,Kiambu,Limuru,Medical Clinic,Private Practice - Clinical Officer,0,0,f,f,Operational,-1.166667,36.833333
11773,Sevani Medical Centre,Mombasa,Likoni,Medical Clinic,Private Enterprise (Institution),0,0,f,f,Operational,-4.043477,39.668205
21230,Shacolas Orthodox Medical Clinic,Kiambu,Kikuyu,Medical Clinic,Christian Health Association of Kenya,0,0,f,f,Operational,-1.166667,36.833333
17647,Shafshafey Health Centre,Mandera,Mandera East,Health Centre,Ministry of Health,0,0,f,f,Operational,3.933333,41.866667
18595,Shallom Dispensary,Laikipia,Laikipia Central,Dispensary,Ministry of Health,1,1,f,f,Operational,0.366667,37.033333
18952,Shalom Community Health Centre,Kajiado,Kajiado Central,Dispensary,Private Practice - General Practitioner,6,0,f,f,Operational,-1.85,36.783333
17979,Shalom Community Hospital (Athi River),Machakos,Athi River,Other Hospital,Private Practice - General Practitioner,150,10,f,f,Operational,-1.516667,37.266667
12730,Shalom Community Hospital (Machakos),Machakos,Machakos,Other Hospital,Private Practice - General Practitioner,170,0,f,f,Operational,-1.516667,37.266667
20613,Shalom Community Hospital Mukuyuni Satelite,Makueni,Kilungu,Medical Clinic,Private Enterprise (Institution),0,0,f,f,Operational,-1.516667,37.266667
21167,Shalom Community Wamunyu Satellite Clinic,Machakos,Mwala,Medical Clinic,Private Enterprise (Institution),1,1,f,f,Operational,-1.516667,37.266667
20028,Shalom Medical Clinic,Kisumu,Seme,Medical Clinic,Private Practice - Nurse / Midwife,0,0,f,f,Operational,-0.10221,34.761711
19315,Shalom Medical Clinical,Baringo,Koibatek,Medical Clinic,Private Practice - Clinical Officer,0,0,f,f,Operational,0.466667,35.966667
18555,Shalome Medical Clinic,Kiambu,Ruiru,Medical Clinic,Private Practice - Nurse / Midwife,0,0,f,f,Operational,-1.286389,36.817223
11004,Shamata Health Centre,Nyandarua,Nyandarua North,Health Centre,Ministry of Health,8,0,f,f,Operational,-0.183333,36.366667
16105,Shamberere Dispensary,Kakamega,Kakamega North (Malava),Dispensary,Ministry of Health,0,0,f,f,Operational,0.284767,34.752308
18094,Shammah Medical Clinic,Kitui,Kitui Central,Medical Clinic,Private Practice - Clinical Officer,0,0,f,f,Operational,-1.366667,38.016667
21071,Shanga Dispensary,Lamu,Lamu East,Dispensary,Ministry of Health,0,0,f,f,Operational,-2.266667,40.9
16189,Shangia Dispensary,Kilifi,Kaloleni,Dispensary,Ministry of Health,0,0,f,f,Operational,-3.633333,39.85
11006,Shanka Medical,Murang'a,Muranga South,Medical Clinic,Private Practice - Nurse / Midwife,0,0,f,f,Operational,-0.716667,37.15
15558,Shankoe Dispensary,Narok,Trans Mara West - Dikirr,Dispensary,Ministry of Health,0,0,f,f,Operational,-1.083333,35.866667
13437,Shanta Abaq Dispensary (Wajir West),Wajir,Wajir West,Dispensary,Ministry of Health,0,0,f,f,Operational,1.75,40.066667
13438,Shantaabaq Health Centre (Lagdera),Garissa,Lagdera,Health Centre,Ministry of Health,0,0,f,f,Operational,-0.456944,39.658333
11783,Shanzu Teachers College Clinic,Mombasa,Kisauni,Medical Clinic,Private Enterprise (Institution),0,0,f,f,Operational,-4.043477,39.668205
19400,Sharifik Medical Clinic,Nairobi,Roysambu,Medical Clinic,Private Practice - General Practitioner,0,0,f,f,Operational,-1.286389,36.817223
17324,Shartuka Dispensary,Narok,Trans Mara West - Dikirr,Dispensary,Ministry of Health,0,0,f,f,Operational,-1.083333,35.866667
17374,Shauri Dispensary,Nyandarua,Nyandarua North,Dispensary,Ministry of Health,0,0,f,f,Operational,-0.183333,36.366667
13184,Shauri Moyo Clinic,Nairobi,Kamukunji,Medical Clinic,Local Authority,0,0,f,f,Operational,-1.286389,36.817223
18019,Sheikh Nurein Medical Centre,Mombasa,Mvita,Medical Clinic,Private Practice - Unspecified,0,0,f,f,Operational,-4.043477,39.668205
18471,Shekina Medical Clinic,Nairobi,Kasarani,Medical Clinic,Private Practice - Clinical Officer,0,0,f,f,Operational,-1.286389,36.817223
17569,Shekinah Medical Clinic,Trans Nzoia,Trans Nzoia East,Medical Clinic,Private Practice - Nurse / Midwife,0,0,f,f,Operational,1.016667,34.983333
17120,Shelemba,Taita Taveta,Mwatate,Dispensary,Ministry of Health,0,0,f,f,Operational,,
11784,Shella Dispensary,Lamu,Lamu West,Dispensary,Ministry of Health,0,0,f,f,Operational,-2.266667,40.9
13185,Shepherds Medical Clinic Maringo,Nairobi,Makadara,Medical Clinic,Private Enterprise (Institution),0,0,f,f,Operational,-1.286389,36.817223
20194,Shianda Dispensary,Kakamega,Kakamega Central (Lurambi),Dispensary,Ministry of Health,3,0,f,f,Operational,0.284767,34.752308
18759,Shibanga Medical Clinic,Kakamega,Butere,Medical Clinic,Private Practice - Nurse / Midwife,4,1,f,f,Operational,0.284767,34.752308
16107,Shibwe Sub-District Hospital,Kakamega,Kakamega South (Ikolomani),Sub-District Hospital,Ministry of Health,15,2,f,f,Operational,0.284767,34.752308
18034,Shifa Medical Clinic (Moyale),Marsabit,Moyale,Medical Clinic,Private Practice - Unspecified,0,0,f,f,Operational,2.333333,37.983333
13439,Shifaa Nursing Home,Wajir,Wajir East,Nursing Home,Private Enterprise (Institution),0,0,f,f,Not-Operational,1.75,40.066667
16108,Shihalia Dispensary,Kakamega,Kakamega South (Ikolomani),Dispensary,Ministry of Health,0,0,f,f,Operational,0.284767,34.752308
16109,Shihome Dispensary,Kakamega,Kakamega North (Malava),Dispensary,Ministry of Health,0,0,f,f,Operational,0.284767,34.752308
11785,Shika Adabu (MCM) Dispensary,Mombasa,Likoni,Dispensary,Local Authority,0,0,f,f,Operational,-4.043477,39.668205
11007,Shikamoo Medical Clinic,Kiambu,Ruiru,Medical Clinic,Private Practice - Clinical Officer,0,0,f,f,Operational,-1.166667,36.833333
16110,Shikokho Dispensary,Kakamega,Kakamega South (Ikolomani),Dispensary,Private Enterprise (Institution),0,0,f,f,Operational,0.284767,34.752308
16111,Shikunga Health Centre,Kakamega,Butere,Health Centre,Ministry of Health,6,0,f,f,Operational,0.284767,34.752308
16112,Shikusa Health Centre,Kakamega,Kakamega East (Shinyalu),Health Centre,Ministry of Health,5,0,f,f,Operational,0.284767,34.752308
16113,Shikusi Dispensary,Kakamega,Kakamega East (Shinyalu),Dispensary,Ministry of Health,0,0,f,f,Operational,0.284767,34.752308
11786,Shiloh Nursing Clinic,Mombasa,Kisauni,Medical Clinic,Private Enterprise (Institution),0,0,f,f,Operational,-4.043477,39.668205
13443,Shimbrey Dispensary,Garissa,Garissa,Dispensary,Ministry of Health,0,0,f,f,Operational,-0.456944,39.658333
11397,Shimo Borstal Dispensary (GK Prison),Mombasa,Kisauni,Dispensary,Ministry of Health,5,0,f,f,Operational,-4.043477,39.668205
11393,Shimo La Tewa Annex Dispensary (GK Prison),Mombasa,Kisauni,Dispensary,Ministry of Health,0,0,f,f,Operational,-4.043477,39.668205
11788,Shimo La Tewa High School Dispensary,Mombasa,Kisauni,Medical Clinic,Private Enterprise (Institution),0,0,f,f,Operational,-4.043477,39.668205
11395,Shimo-La Tewa Health Centre (GK Prison),Mombasa,Kisauni,Health Centre,Ministry of Health,24,0,f,f,Operational,-4.043477,39.668205
11789,Shimoni Dispensary,Kwale,Msambweni,Dispensary,Ministry of Health,0,0,f,f,Operational,-4.183333,39.45
17596,Shinyalu Health Centre,Kakamega,Kakamega East (Shinyalu),Health Centre,Ministry of Health,16,4,f,f,Operational,0.284767,34.752308
19371,Shiply Medical Centre & Lab,Nairobi,Kasarani,Medical Clinic,Private Practice - General Practitioner,0,0,f,f,Operational,-1.286389,36.817223
16116,Shiraha Health Centre,Kakamega,Butere,Health Centre,Ministry of Health,5,2,f,f,Operational,0.284767,34.752308
14078,Shirikisho Dispensary,Homa Bay,Rachuonyo South,Dispensary,Other Faith Based,0,0,f,f,Operational,-0.516667,34.45
16198,Shirikisho Methodist Dispensary,Tana River,Tana Delta,Dispensary,Other Faith Based,0,0,f,f,Operational,-1.5,40.033333
16117,Shiru Health Centre,Vihiga,Hamisi,Health Centre,Ministry of Health,21,0,f,f,Operational,0.083333,34.716667
16118,Shisaba Dispensary,Kakamega,Butere,Dispensary,Ministry of Health,0,0,f,f,Operational,0.284767,34.752308
16120,Shitoto Medical Clinic,Kakamega,Kakamega Central (Lurambi),Medical Clinic,Private Enterprise (Institution),0,0,f,f,Not-Operational,0.284767,34.752308
16121,Shitsitswi Health Centre,Kakamega,Butere,Health Centre,Ministry of Health,6,2,f,f,Operational,0.284767,34.752308
21043,Shivakala Dispensary,Kakamega,Kakamega North (Malava),Dispensary,Ministry of Health,5,2,f,f,Pending Opening,0.284767,34.752308
16122,Shivanga Health Centre,Kakamega,Kakamega North (Malava),Health Centre,Ministry of Health,0,0,f,f,Operational,0.284767,34.752308
20307,Shomella Dispensary,Kilifi,Magarini,Dispensary,Community,0,0,f,f,Operational,-3.216667,40.116667
15560,Shompole Dispensary,Kajiado,Kajiado North,Dispensary,Ministry of Health,0,0,f,f,Operational,-1.85,36.783333
17389,Shree Cutchhi Leva Samaj Medical Clinic,Nairobi,Langata,Medical Clinic,Non-Governmental Organizations,0,0,f,f,Operational,-1.286389,36.817223
18490,Shujaa Project Namanga,Kajiado,Kajiado Central,Medical Clinic,Non-Governmental Organizations,0,0,f,f,Operational,-1.85,36.783333
20052,Shujaa Satellite Clinic,West Pokot,West Pokot,Medical Clinic,Non-Governmental Organizations,0,0,f,f,Operational,-1.286389,36.817223
11793,Shukrani Medical Clinic,Mombasa,Kisauni,Medical Clinic,Private Enterprise (Institution),0,0,f,f,Operational,-4.043477,39.668205
18820,Shura Dispensary (Chalbi),Marsabit,Marsabit North,Dispensary,Ministry of Health,0,0,f,f,Operational,2.333333,37.983333
14079,Siabai Makonge Dispensary,Migori,Kuria East,Dispensary,Ministry of Health,1,0,f,f,Operational,-1.066667,34.466667
19905,Siakago Boys High School Dispensary,Embu,Mbeere North,Dispensary,Academic (if registered),0,0,f,f,Operational,-0.533333,37.45
18426,Siala Kaduol,Siaya,Gem,Dispensary,Ministry of Health,0,0,f,f,Operational,0.066667,34.283333
15561,Siana Springs Dispensary,Narok,Narok South,Dispensary,Non-Governmental Organizations,0,0,f,f,Operational,-1.083333,35.866667
14080,Siaya District Hospital,Siaya,Siaya,District Hospital,Ministry of Health,240,0,f,f,Operational,0.066667,34.283333
18520,Sibayan Dispensary,Bomet,Bomet Central,Dispensary,Ministry of Health,0,0,f,f,Operational,-0.783333,35.35
15562,Sibilo Dispensary,Baringo,Baringo North,Dispensary,Ministry of Health,0,0,f,f,Operational,0.466667,35.966667
16124,Siboti Health Centre,Bungoma,Bumula,Health Centre,Ministry of Health,24,0,f,f,Operational,0.566667,34.566667
14082,Sibuoche Dispensary,Migori,Uriri,Dispensary,Ministry of Health,4,0,f,f,Operational,-1.066667,34.466667
14083,Sieka Dispensary,Kisii,Marani,Dispensary,Ministry of Health,0,0,f,f,Operational,-0.683333,34.766667
15563,Sigilai (Cmc) Clinic,Narok,Trans Mara East,Medical Clinic,Private Enterprise (Institution),0,0,f,f,Operational,-1.083333,35.866667
15564,Sigor Sub District Hospital,West Pokot,Pokot Central,Sub-District Hospital,Ministry of Health,12,2,f,f,Operational,1.233333,35.116667
15565,Sigor Sub-District Hospital,Bomet,Chepalungu,Sub-District Hospital,Ministry of Health,12,0,f,f,Operational,-0.783333,35.35
15566,Sigoro Dispensary,Baringo,Koibatek,Dispensary,Ministry of Health,2,0,f,f,Operational,0.466667,35.966667
14086,Sigoti Health Centre,Kisumu,Nyakach,Health Centre,Ministry of Health,17,2,f,f,Operational,-0.10221,34.761711
15568,Sigowet Sub-District Hospital,Kericho,Belgut,District Hospital,Ministry of Health,24,3,f,f,Operational,-0.366667,35.283333
16485,Sikarira Dispensary,Busia,Butula,Dispensary,Ministry of Health,0,0,f,f,Operational,0.46,34.11
20432,sikhendu,Trans Nzoia,Trans Nzoia West,Dispensary,Ministry of Health,0,0,f,f,Operational,1.016667,34.983333
20162,Sikhendu Disp,Trans Nzoia,Trans Nzoia West,Dispensary,Ministry of Health,4,2,f,f,Operational,1.016667,34.983333
16125,Sikulu Dispensary,Bungoma,Bungoma Central,Dispensary,Ministry of Health,0,0,f,f,Operational,0.566667,34.566667
18145,Sikusi Dispensary,Bungoma,Bungoma Central,Dispensary,Ministry of Health,0,0,f,f,Operational,0.566667,34.566667
11794,Silaloni Dispensary,Kwale,Kinango,Dispensary,Ministry of Health,0,0,f,f,Operational,-4.183333,39.45
13186,Silanga (MSF Belgium) Dispensary,Nairobi,Kibra,Dispensary,Non-Governmental Organizations,0,0,f,f,Operational,-1.286389,36.817223
20622,Silanga Community Clinic,Nairobi,Kibra,Dispensary,Ministry of Health,0,0,f,f,Operational,-1.286389,36.817223
17860,Silibwet Dispensary,Nakuru,Kuresoi,Dispensary,Community Development Fund,0,0,f,f,Operational,-0.303099,36.080026
15570,Silibwet Dispensary (Bomet),Bomet,Bomet Central,Dispensary,Ministry of Health,0,0,f,f,Operational,-0.783333,35.35
11009,Silibwet Health Centre (Nyandaruawest),Nyandarua,Nyandarua West,Health Centre,Ministry of Health,12,1,f,f,Operational,-0.183333,36.366667
15571,Siloam Hospital,Kericho,Kericho,Other Hospital,Private Enterprise (Institution),14,0,f,f,Operational,-0.366667,35.283333
12735,Siloam Mediacl Clinic,Kitui,Kitui Central,Medical Clinic,Private Enterprise (Institution),0,0,f,f,Operational,-1.366667,38.016667
11010,Siloam Medical Centre,Kiambu,Ruiru,Medical Clinic,Private Enterprise (Institution),3,0,f,f,Operational,-1.286389,36.817223
17825,Siloam Medical Clinic,Kakamega,Kakamega Central (Lurambi),Medical Clinic,Private Practice - Clinical Officer,4,0,f,f,Operational,0.284767,34.752308
19635,Siloam Medical Clinic ( Pokot Central),West Pokot,Pokot Central,Medical Clinic,Private Practice - Nurse / Midwife,0,0,f,f,Operational,1.233333,35.116667
19713,Siloam Medical Clinic (Kieni East),Nyeri,Kieni East,Medical Clinic,Private Practice - General Practitioner,0,0,f,f,Operational,-0.416667,36.95
11796,Siloam Medical Clinic (Malindi),Kilifi,Malindi,Medical Clinic,Private Practice - Clinical Officer,0,0,f,f,Operational,-3.216667,40.116667
15573,Siloam Medical clinic(Kwanza),Trans Nzoia,Kwanza,Medical Clinic,Private Enterprise (Institution),0,0,f,f,Operational,1.016667,34.983333
20400,Silverdine Medical Centre(lancet hse),Nairobi,Dagoretti North,Medical Clinic,Private Practice - Medical Specialist,0,0,f,f,Operational,-1.286389,36.817223
15574,Simba Health Centre,Kajiado,Mashuru,Health Centre,Ministry of Health,12,2,f,f,Operational,-1.85,36.783333
14088,Simba Opepo Dispensary,Kisumu,Kisumu East,Dispensary,Local Authority,0,0,f,f,Operational,-0.10221,34.761711
15575,Simbi Dispensary,Bomet,Sotik,Dispensary,Ministry of Health,0,0,f,f,Operational,-0.783333,35.35
14089,Simbi Kogembo Dispensary,Homa Bay,Rachuonyo North,Dispensary,Ministry of Health,0,0,f,f,Operational,-0.516667,34.45
14090,Simbiri Nanbell Health Centre,Homa Bay,Rachuonyo South,Health Centre,Private Enterprise (Institution),20,0,f,f,Operational,-0.516667,34.45
17988,Simboiyon Dispensary,Nakuru,Subukia,Dispensary,Ministry of Health,0,0,f,f,Operational,-0.303099,36.080026
17970,Similani Medical Clinic,Kilifi,Magarini,Medical Clinic,Private Practice - Clinical Officer,0,0,f,f,Operational,-3.633333,39.85
15576,Simotwet Dispensary,Bomet,Konoin,Dispensary,Company Medical Service,0,0,f,f,Operational,-0.783333,35.35
17151,Simotwet Dispensary ( Koibatek),Baringo,Koibatek,Dispensary,Ministry of Health,0,0,f,f,Operational,0.466667,35.966667
15577,Simotwo Dispensary (Eldoret East),Uasin Gishu,Eldoret East,Dispensary,Ministry of Health,0,0,f,f,Operational,0.516667,35.283333
15578,Simotwo Dispensary (Keiyo),Elgeyo Marakwet,Keiyo South,Dispensary,Ministry of Health,0,0,f,f,Operational,0.514277,35.269779
15580,Sina Dispensary,West Pokot,Pokot South,Dispensary,Ministry of Health,0,0,f,f,Operational,1.233333,35.116667
20279,Sinai clinic,Kitui,Mwingi East,Medical Clinic,Private Practice - Nurse / Midwife,0,0,f,f,Operational,-1.366667,38.016667
11013,Sinai Maternity and Medical Clinic,Kiambu,Ruiru,Nursing Home,Private Practice - Nurse / Midwife,4,0,f,f,Operational,-1.286389,36.817223
17123,Sinai Medical Services,Kitui,Mwingi Central,Medical Clinic,Private Practice - Nurse / Midwife,0,0,f,f,Operational,-1.366667,38.016667
20029,Sindo Drop In Centre,Homa Bay,Suba,VCT Centre (Stand-Alone),Non-Governmental Organizations,2,1,f,f,Operational,-0.516667,34.45
17765,Singawa Medical Centre,Mombasa,Likoni,Medical Clinic,Private Practice - Nurse / Midwife,6,0,f,f,Operational,-4.043477,39.668205
15583,Singorwet Dispensary,Bomet,Bomet Central,Dispensary,Ministry of Health,0,0,f,f,Operational,-0.783333,35.35
14092,Sino Dispensary,Homa Bay,Rachuonyo South,Dispensary,Ministry of Health,2,0,f,f,Operational,-0.516667,34.45
16126,Sinoko Dispensary (Bungoma East),Bungoma,Bungoma East,Dispensary,Ministry of Health,0,0,f,f,Operational,0.566667,34.566667
16127,Sinoko Dispensary (Likuyani),Kakamega,Lugari,Dispensary,Ministry of Health,0,0,f,f,Operational,0.284767,34.752308
17240,Sinonin Dispensary,Uasin Gishu,Eldoret West,Dispensary,Ministry of Health,0,0,f,f,Operational,0.516667,35.283333
20435,Sinonin Dispensary (Koibatek),Baringo,Koibatek,Dispensary,Ministry of Health,0,0,f,f,Operational,0.466667,35.966667
16128,Sio Port District Hospital,Busia,Samia,District Hospital,Ministry of Health,14,0,f,f,Operational,0.46,34.11
15585,Siomo Dispensary,Bomet,Konoin,Dispensary,Ministry of Health,3,0,f,f,Operational,-0.783333,35.35
15586,Siongi Dispensary,Kericho,Bureti,Dispensary,Ministry of Health,0,0,f,f,Operational,-0.366667,35.283333
15587,Siongiroi Health Centre,Bomet,Chepalungu,Health Centre,Ministry of Health,6,0,f,f,Operational,-0.783333,35.35
15588,Sipili Catholic Dispensary,Laikipia,Laikipia West,Dispensary,Kenya Episcopal Conference-Catholic Secretariat,2,0,f,f,Operational,0.366667,37.033333
15589,Sipili Health Centre,Laikipia,Laikipia West,Health Centre,Ministry of Health,0,0,f,f,Operational,0.366667,37.033333
17148,Sipili Maternity and Nursing Home,Laikipia,Laikipia West,Medical Clinic,Private Practice - Nurse / Midwife,16,1,f,f,Operational,0.366667,37.033333
17990,Sirakaru Dispensary,Bungoma,Bungoma North,Dispensary,Ministry of Health,0,0,f,f,Operational,0.566667,34.566667
15590,Sirata Oirobi Dispensary,Samburu,Samburu Central,Dispensary,Ministry of Health,0,0,f,f,Operational,1.316667,36.983333
21052,Sirate Health Centre (Manga),Nyamira,Manga,Health Centre,Ministry of Health,2,1,f,f,Operational,-0.633333,34.933333
20431,Sirende Friends Dispensary,Trans Nzoia,Trans Nzoia West,Dispensary,Christian Health Association of Kenya,0,0,f,f,Operational,1.016667,34.983333
15591,Siret Tea Dispensary,Nandi,Nandi East,Dispensary,Company Medical Service,0,0,f,f,Operational,0.166667,35.133333
14094,Siriba Dispensary,Kisumu,Kisumu West,Dispensary,Ministry of Health,0,0,f,f,Operational,-0.10221,34.761711
20731,Sirimon Dispensary,Meru,Buuri,Dispensary,Ministry of Health,0,0,f,f,Pending Opening,0.05,37.65
16130,Sirisia Hospital,Bungoma,Bungoma West,Sub-District Hospital,Ministry of Health,31,0,f,f,Operational,0.566667,34.566667
17177,Sironoi GOK Dispensary,Nandi,Chesumei,Dispensary,Ministry of Health,0,0,f,f,Operational,0.166667,35.133333
17247,Sironoi SDA Dispensary,Nandi,Nandi Central,Dispensary,Other Faith Based,0,0,f,f,Operational,0.166667,35.133333
17051,Siruti Dispensary,Migori,Awendo,Dispensary,Community Development Fund,0,0,f,f,Operational,-1.066667,34.466667
15594,Sirwa Dispensary,Nandi,Nandi East,Dispensary,Ministry of Health,0,0,f,f,Operational,0.166667,35.133333
15593,Sirwa Dispensary (Mogotio),Baringo,Mogotio,Dispensary,Ministry of Health,8,1,f,f,Operational,0.466667,35.966667
16131,Sisenye Dispensary,Busia,Bunyala,Dispensary,Ministry of Health,0,0,f,f,Operational,0.46,34.11
15595,Sisiya Dispensary,Elgeyo Marakwet,Marakwet West,Dispensary,Ministry of Health,0,0,f,f,Operational,,
20041,Sisokhe Dispensary,Kakamega,Kakamega Central (Lurambi),Dispensary,Ministry of Health,2,1,f,f,Operational,0.284767,34.752308
19957,Sister Medical Clinic,Nakuru,Nakuru,Medical Clinic,Private Practice - Clinical Officer,0,0,f,f,Operational,-0.303099,36.080026
13442,Sisters Maternity Home (Simaho),Garissa,Garissa,Nursing Home,Non-Governmental Organizations,5,2,f,f,Operational,-0.456944,39.658333
18011,Sisto Mazoldi Dispensary (Rongai),Nakuru,Rongai,Dispensary,Kenya Episcopal Conference-Catholic Secretariat,0,0,f,f,Operational,-0.303099,36.080026
18005,South B Hospital Ltd,Nairobi,Starehe,Nursing Home,Private Practice - General Practitioner,33,3,f,f,Operational,-1.286389,36.817223
13144,South B Police Band Dispensary,Nairobi,Starehe,Dispensary,Other Public Institution,0,0,f,f,Operational,-1.286389,36.817223
18880,South Eastern Kenya University (Seku) Health Unit,Kitui,Kitui Central,Medical Clinic,Academic (if registered),0,0,f,f,Operational,-1.366667,38.016667
15622,South Horr Catholic Health Centre,Samburu,Samburu North,Health Centre,Kenya Episcopal Conference-Catholic Secretariat,4,2,f,f,Operational,1.316667,36.983333
15621,South Horr Dispensary,Samburu,Samburu North,Dispensary,Ministry of Health,0,0,f,f,Operational,1.316667,36.983333
20395,South Ngariama Dispensary,Kirinyaga,Kirinyaga South,Dispensary,Ministry of Health,0,0,f,f,Operational,-0.5,37.283333
17390,Southern Health Care,Nairobi,Langata,Medical Clinic,Private Practice - General Practitioner,0,0,f,f,Operational,-1.286389,36.817223
17693,Sowa Medcal Clinic,Lamu,Lamu West,Medical Clinic,Private Practice - Clinical Officer,0,0,f,f,Operational,-4.043477,39.668205
13017,Soweto Kayole PHC Health Centre,Nairobi,Embakasi Central,Health Centre,Non-Governmental Organizations,0,0,f,f,Operational,-1.286389,36.817223
17470,Soweto Medical Clinic,Mombasa,Changamwe,Medical Clinic,Private Practice - Clinical Officer,0,0,f,f,Operational,-4.043477,39.668205
15623,Soy Health Centre,Uasin Gishu,Eldoret West,Health Centre,Ministry of Health,18,0,f,f,Operational,0.516667,35.283333
16134,Soy Sambu Dispensary,Kakamega,Likuyani,Dispensary,Ministry of Health,0,0,f,f,Operational,0.284767,34.752308
15624,Soymet Dispensary,Bomet,Sotik,Dispensary,Ministry of Health,0,0,f,f,Operational,-0.783333,35.35
18761,Spa Nursing Home,Kiambu,Ruiru,Nursing Home,Private Practice - General Practitioner,11,0,f,f,Operational,-1.166667,36.833333
11807,Sparki Health Services,Mombasa,Mvita,Medical Clinic,Private Enterprise (Institution),0,0,f,f,Operational,-4.043477,39.668205
13192,Special Provision Clinic,Nairobi,Embakasi West,Medical Clinic,Non-Governmental Organizations,0,0,f,f,Not-Operational,-1.286389,36.817223
13193,Special Treatment Clinic,Nairobi,Starehe,Dispensary,Local Authority,0,0,f,f,Operational,-1.286389,36.817223
18922,Springs Health Care Clinic,Meru,Igembe Central,Medical Clinic,Private Practice - Clinical Officer,0,0,f,f,Operational,0.05,37.65
20054,Springs of Life Lutheran Dispensary,Nairobi,Kibra,Dispensary,Christian Health Association of Kenya,0,0,f,f,Operational,-1.286389,36.817223
19973,Springs of Patmos Health Services,Kiambu,Githunguri,Dispensary,Kenya Episcopal Conference-Catholic Secretariat,0,0,f,f,Operational,-1.166667,36.833333
19130,Sr Rhoda Medical Clinic,Meru,Buuri,Medical Clinic,Kenya Episcopal Conference-Catholic Secretariat,0,0,f,f,Operational,0.05,37.65
11019,Ssema Medical Clinic,Kirinyaga,Kirinyaga West,Medical Clinic,Private Practice - Nurse / Midwife,0,0,f,f,Operational,-0.5,37.283333
20668,St Agnes Health Care Clinic,Kisii,Sameta,Medical Clinic,Private Practice - Nurse / Midwife,0,0,f,f,Operational,-0.683333,34.766667
12742,St Agnes Kiaganari,Embu,Embu East,Medical Clinic,Private Enterprise (Institution),0,0,f,f,Operational,-0.533333,37.45
20020,St Akidiva Mindira Hospital - Mabera,Migori,Kuria West,Other Hospital,Private Enterprise (Institution),2,0,f,f,Operational,-1.066667,34.466667
18219,St Alice (EDARP) Dandora,Nairobi,Embakasi North,Medical Clinic,Kenya Episcopal Conference-Catholic Secretariat,0,0,f,f,Operational,-1.286389,36.817223
18495,St Aloysius Gonzaga School Dispensary,Nairobi,Langata,Dispensary,Kenya Episcopal Conference-Catholic Secretariat,0,0,f,f,Operational,-1.286389,36.817223
17973,St Andrews Cc Rironi Dispensary,Kiambu,Limuru,Dispensary,Kenya Episcopal Conference-Catholic Secretariat,0,0,f,f,Operational,-1.166667,36.833333
11021,St Andrews Kabare (ACK) Dispensary,Kirinyaga,Kirinyaga East,Dispensary,Christian Health Association of Kenya,0,0,f,f,Operational,-0.5,37.283333
11808,St Andrews Medical Clinic,Kilifi,Magarini,Medical Clinic,Private Enterprise (Institution),0,0,f,f,Operational,-3.633333,39.85
18980,St Andrews Medical Clinic - Eldoret,Uasin Gishu,Eldoret West,Medical Clinic,Private Practice - General Practitioner,0,0,f,f,Operational,0.516667,35.283333
17362,St Angela Melici Health Centre,Kiambu,Kikuyu,Health Centre,Other Faith Based,10,2,f,f,Operational,-1.166667,36.833333
17876,St Angela Merici Health Centre (Kingeero),Nairobi,Westlands,Health Centre,Kenya Episcopal Conference-Catholic Secretariat,11,2,f,f,Operational,-1.286389,36.817223
12743,St Ann Hospital,Meru,Imenti South,Other Hospital,Christian Health Association of Kenya,60,0,f,f,Operational,0.05,37.65
19716,St Ann Medical Clinic,Nakuru,Gilgil,Medical Clinic,Private Practice - Nurse / Midwife,0,0,f,f,Operational,-0.303099,36.080026
15625,St Ann Medical Clinic (Naivasha),Nakuru,Naivasha,Medical Clinic,Private Practice - Nurse / Midwife,0,0,f,f,Operational,-0.303099,36.080026
19825,St Anne CFW Clinic,Kirinyaga,Kirinyaga East,Medical Clinic,Non-Governmental Organizations,0,0,f,f,Operational,-0.5,37.283333
12744,St Anne Kariene Dispensary,Meru,Meru Central,Dispensary,Kenya Episcopal Conference-Catholic Secretariat,0,0,f,f,Operational,0.05,37.65
11607,St Anne Mida Catholic Dispensary,Kilifi,Kilifi North,Dispensary,Kenya Episcopal Conference-Catholic Secretariat,0,0,f,f,Pending Opening,-3.633333,39.85
16496,St Anne's Cry For The World Clinic (Raimu),Kirinyaga,Kirinyaga East,Medical Clinic,Non-Governmental Organizations,0,0,f,f,Operational,-0.5,37.283333
17142,St Annes Health Clinic,Kiambu,Kiambu,Medical Clinic,Private Practice - Nurse / Midwife,0,0,f,f,Operational,-1.286389,36.817223
19096,St Annes Medical Clinic Ongata Rongai,Kajiado,Kajiado North,Medical Clinic,Private Enterprise (Institution),0,0,f,f,Operational,-1.85,36.783333
18756,St Anns Medical Centre,Nairobi,Dagoretti South,Medical Clinic,Private Practice - Nurse / Midwife,0,0,f,f,Operational,-1.286389,36.817223
17989,St Anns Medical Centre,Kiambu,Kikuyu,Medical Clinic,Private Practice - Nurse / Midwife,0,0,f,f,Operational,-1.166667,36.833333
19057,St Anns Medical Clinic,Kajiado,Kajiado North,Medical Clinic,Private Practice - Nurse / Midwife,4,0,f,f,Operational,-1.85,36.783333
20080,St Anselmo Medical Clinic,Nairobi,Embakasi West,Medical Clinic,Private Practice - General Practitioner,3,1,f,f,Operational,-1.286389,36.817223
15626,St Anthony Lemek Dispensary,Narok,Narok South,Dispensary,Kenya Episcopal Conference-Catholic Secretariat,12,0,f,f,Operational,-1.083333,35.866667
17203,St Anthony Medical Clinic,Kiambu,Limuru,Medical Clinic,Private Practice - Nurse / Midwife,0,0,f,f,Operational,-1.166667,36.833333
15628,St Antony Health Centre,Nakuru,Nakuru North,Health Centre,Kenya Episcopal Conference-Catholic Secretariat,12,4,f,f,Operational,-0.303099,36.080026
18113,St Antony Medical Clinic,Embu,Manyatta,Medical Clinic,Private Practice - Nurse / Midwife,0,0,f,f,Operational,-0.533333,37.45
15627,St Antony's Abossi Health Centre,Narok,Trans Mara East,Health Centre,Kenya Episcopal Conference-Catholic Secretariat,32,15,f,f,Operational,-1.083333,35.866667
15629,St Augustine Youth Friendly Centre,Turkana,Turkana Central,VCT Centre (Stand-Alone),Kenya Episcopal Conference-Catholic Secretariat,0,0,f,f,Operational,3.116667,35.6
13822,St Barbara Mosocho Health Centre,Kisii,Kisii Central,Health Centre,Kenya Episcopal Conference-Catholic Secretariat,25,6,f,f,Operational,-0.683333,34.766667
18115,St Basil's Catholic Dispensary,Embu,Manyatta,Dispensary,Kenya Episcopal Conference-Catholic Secretariat,0,0,f,f,Operational,-0.533333,37.45
16526,St Bennedticto Health Centre,Kilifi,Malindi,Medical Clinic,Private Enterprise (Institution),18,2,f,f,Operational,-3.216667,40.116667
15630,St Boniface Dispensary,Nandi,Nandi Central,Dispensary,Kenya Episcopal Conference-Catholic Secretariat,0,0,f,f,Operational,0.166667,35.133333
13199,St Bridget's Mother & Child,Nairobi,Starehe,Dispensary,Kenya Episcopal Conference-Catholic Secretariat,0,0,f,f,Operational,-1.286389,36.817223
14661,St Bridgit Kalemunyang Dispensary,Turkana,Loima,Dispensary,Kenya Episcopal Conference-Catholic Secretariat,2,1,f,f,Operational,3.116667,35.6
15632,St Brigitas Health Centre,Uasin Gishu,Wareng,Health Centre,Other Faith Based,0,0,f,f,Operational,0.514277,35.269779
19615,St Camillus Health Centres,Kiambu,Gatundu,Health Centre,Kenya Episcopal Conference-Catholic Secretariat,10,2,f,f,Operational,-1.166667,36.833333
20914,St Cathene Ichuni Mission,Kisii,Masaba South,Dispensary,Kenya Episcopal Conference-Catholic Secretariat,0,0,f,f,Operational,-0.683333,34.766667
13200,St Catherine's Health Centre,Nairobi,Dagoretti North,Health Centre,Private Enterprise (Institution),6,0,f,f,Operational,-1.286389,36.817223
15634,St Catherine's Napetet Dispensary,Turkana,Turkana Central,Dispensary,Kenya Episcopal Conference-Catholic Secretariat,0,0,f,f,Operational,3.116667,35.6
11030,St Charles Lwanga Dispensary,Kiambu,Limuru,Dispensary,Kenya Episcopal Conference-Catholic Secretariat,0,0,f,f,Operational,-1.166667,36.833333
15957,St Charles Lwanga Health Centre,Kakamega,Lugari,Health Centre,Kenya Episcopal Conference-Catholic Secretariat,9,0,f,f,Operational,0.284767,34.752308
18405,St Christopher Dispensary,Kajiado,Kajiado North,Dispensary,Kenya Episcopal Conference-Catholic Secretariat,4,0,f,f,Operational,-1.286389,36.817223
16137,St Claire Dispensary,Busia,Nambale,Medical Clinic,Other Faith Based,0,0,f,f,Operational,0.46,34.11
14104,St Clare Bolo Health Centre,Kisumu,Nyakach,Health Centre,Kenya Episcopal Conference-Catholic Secretariat,19,8,f,f,Operational,-0.10221,34.761711
15635,St Clare Dispensary,Nakuru,Molo,Dispensary,Other Faith Based,5,0,f,f,Operational,-0.303099,36.080026
18465,St Clare Medical Clinic,Nairobi,Embakasi South,Medical Clinic,Private Practice - Nurse / Midwife,6,2,f,f,Operational,-1.286389,36.817223
14105,St Consolata Clinic,Kisumu,Kisumu East,Medical Clinic,Private Enterprise (Institution),16,5,f,f,Operational,-0.10221,34.761711
16138,St Damiano Nursing Home,Bungoma,Bungoma South,Nursing Home,Kenya Episcopal Conference-Catholic Secretariat,38,0,f,f,Operational,0.566667,34.566667
11031,St David Medical Clinic,Nyandarua,Kipipiri,Medical Clinic,Private Enterprise (Institution),0,0,f,f,Operational,-0.183333,36.366667
12746,St David's Health Care,Machakos,Machakos,Medical Clinic,Private Practice - Nurse / Midwife,2,0,f,f,Operational,-1.516667,37.266667
19896,St Eliza Medical Clinic,Nairobi,Langata,Medical Clinic,Private Practice - Nurse / Midwife,0,0,f,f,Operational,-1.286389,36.817223
14106,St Elizabeth Chiga Health Centre,Kisumu,Kisumu East,Health Centre,Kenya Episcopal Conference-Catholic Secretariat,24,0,f,f,Operational,-0.10221,34.761711
15636,St Elizabeth Health Centre,Narok,Narok South,Health Centre,Other Faith Based,12,12,f,f,Operational,-1.083333,35.866667
15089,St Elizabeth Lorugum Health Centre,Turkana,Loima,Health Centre,Kenya Episcopal Conference-Catholic Secretariat,16,1,f,f,Operational,3.116667,35.6
13739,St Elizabeth Lwak Mission Health Centre,Siaya,Rarieda,Health Centre,Kenya Episcopal Conference-Catholic Secretariat,50,2,f,f,Operational,0.066667,34.283333
11813,St Elizabeth Medical Clinic Bakarani,Mombasa,Kisauni,Medical Clinic,Private Practice - Clinical Officer,0,0,f,f,Operational,-4.043477,39.668205
14489,St Faith Medical Clinic (Kimana),Kajiado,Loitoktok,Medical Clinic,Private Practice - Nurse / Midwife,4,0,f,f,Operational,-1.85,36.783333
13201,St Florence Medical Care Health Centre,Nairobi,Westlands,Medical Clinic,Private Enterprise (Institution),12,0,f,f,Operational,-1.286389,36.817223
17943,St Francis Community Hospital (Kasarani),Nairobi,Kasarani,Other Hospital,Kenya Episcopal Conference-Catholic Secretariat,100,4,f,f,Operational,-1.286389,36.817223
20262,ST Francis dispensary,Machakos,Machakos,Dispensary,Other Faith Based,2,1,f,f,Operational,-1.516667,37.266667
19828,St Francis Health Clinic,Kiambu,Kiambu,Medical Clinic,Private Practice - Clinical Officer,0,0,f,f,Operational,-1.166667,36.833333
12749,St Francis Medical Clinic (Machakos),Machakos,Machakos,Medical Clinic,Private Practice - Nurse / Midwife,0,0,f,f,Not-Operational,-1.516667,37.266667
18542,St Francis of Assisi Dispensary,Kiambu,Ruiru,Dispensary,Kenya Episcopal Conference-Catholic Secretariat,0,0,f,f,Operational,-1.166667,36.833333
15640,St Francis Tinga Health Centre (Kipkelion),Kericho,Kipkelion,Health Centre,Kenya Episcopal Conference-Catholic Secretariat,30,0,f,f,Operational,-0.366667,35.283333
11034,St Gabriel Health Centre,Kiambu,Gatundu,Health Centre,Other Faith Based,20,5,f,f,Operational,-1.166667,36.833333
11816,St Hillarias Medical Clinic,Mombasa,Changamwe,Medical Clinic,Private Enterprise (Institution),4,2,f,f,Operational,-4.043477,39.668205
11035,St James Angilcan Church of Kenya Kiaritha Dispens,Kirinyaga,Kirinyaga Central,Dispensary,Christian Health Association of Kenya,0,0,f,f,Operational,-0.5,37.283333
19121,St James Clinic,Kitui,Kitui Central,Medical Clinic,Private Practice - Nurse / Midwife,0,0,f,f,Operational,-1.366667,38.016667
19299,St James Medical Centre,Nairobi,Roysambu,Medical Clinic,Private Practice - General Practitioner,0,0,f,f,Operational,-1.286389,36.817223
19033,St James Medical Clinic,Nairobi,Kibra,Medical Clinic,Private Practice - Clinical Officer,0,0,f,f,Operational,-1.286389,36.817223
16685,St James Medical Clinic,Nakuru,Molo,Medical Clinic,Private Enterprise (Institution),0,0,f,f,Operational,-0.303099,36.080026
16870,St Jane Nursing Home,Kisumu,Nyakach,Nursing Home,Other Faith Based,15,5,f,f,Operational,-0.10221,34.761711
19729,St John Afya Bora Medical Clinic,Murang'a,Kiharu,Medical Clinic,Private Practice - Nurse / Midwife,0,0,f,f,Operational,-0.716667,37.15
15643,St John Cottage Health Centre,Nakuru,Nakuru North,Health Centre,Kenya Episcopal Conference-Catholic Secretariat,8,2,f,f,Operational,-0.303099,36.080026
13205,St John Hospital,Nairobi,Roysambu,Other Hospital,Private Enterprise (Institution),42,6,f,f,Operational,-1.286389,36.817223
12510,St John Marieni Dispensary,Meru,Meru Central,Dispensary,Christian Health Association of Kenya,0,0,f,f,Operational,0.05,37.65
20117,St John Medical Clinic,Machakos,Machakos,Medical Clinic,Private Practice - Clinical Officer,2,2,f,f,Operational,-1.516667,37.266667
11038,St John Medical Clinic (Nyeri North),Nyeri,Kieni East,Medical Clinic,Private Practice - Nurse / Midwife,0,0,f,f,Operational,-0.416667,36.95
18411,St John Medical Surgical Centre,Laikipia,Laikipia West,Medical Clinic,Private Practice - Nurse / Midwife,10,4,f,f,Operational,0.366667,37.033333
11039,St John Ndururumo Medical Clinic,Laikipia,Nyahururu,Medical Clinic,Private Practice - Clinical Officer,0,0,f,f,Operational,0.366667,37.033333
17369,St John Orthodox Dispensary Kahuho,Kiambu,Kikuyu,Dispensary,Other Faith Based,0,0,f,f,Operational,-1.166667,36.833333
19741,St John's Clinic,Trans Nzoia,Trans Nzoia West,Medical Clinic,Private Practice - General Practitioner,0,0,f,f,Operational,1.016667,34.983333
18408,St John's Community Centre,Nairobi,Kamukunji,Medical Clinic,Other Faith Based,0,0,f,f,Operational,-1.286389,36.817223
18222,St John's Community Clinic Njiru,Nairobi,Kasarani,Medical Clinic,Non-Governmental Organizations,0,0,f,f,Operational,-1.286389,36.817223
17570,St John's Dispensary (Kithoka),Meru,Imenti North,Dispensary,Kenya Episcopal Conference-Catholic Secretariat,0,0,f,f,Operational,0.05,37.65
14109,St John's Karabach Dispensary,Homa Bay,Rachuonyo South,Dispensary,Private Enterprise (Institution),2,0,f,f,Operational,-0.516667,34.45
17036,St John's Nyabite,Nyamira,Nyamira,Medical Clinic,Private Practice - Nurse / Midwife,2,0,f,f,Operational,-0.633333,34.933333
11040,St Johns Thaita (ACK) Dispensary,Kirinyaga,Kirinyaga Central,Dispensary,Christian Health Association of Kenya,0,0,f,f,Operational,-0.5,37.283333
16882,St Jones &Ring Road Health Clinic,Kisumu,Kisumu East,Medical Clinic,Private Enterprise (Institution),0,0,f,f,Operational,-0.10221,34.761711
11043,St Josef Medical Clinic,Kiambu,Ruiru,Medical Clinic,Private Practice - Nurse / Midwife,0,0,f,f,Operational,-1.166667,36.833333
17368,St Joseph (ACK) Kanyariri Dispensary,Kiambu,Kikuyu,Dispensary,Private Practice - Nurse / Midwife,0,0,f,f,Operational,-1.166667,36.833333
13207,St Joseph (EDARP) Clinic,Nairobi,Kamukunji,Medical Clinic,Kenya Episcopal Conference-Catholic Secretariat,0,0,f,f,Operational,-1.286389,36.817223
17576,St Joseph Brothers,Nyeri,Kieni West,Dispensary,Kenya Episcopal Conference-Catholic Secretariat,0,0,f,f,Operational,-0.416667,36.95
11041,St Joseph Catholic Dispensary (Ruiru),Kiambu,Ruiru,Dispensary,Kenya Episcopal Conference-Catholic Secretariat,0,0,f,f,Operational,-1.166667,36.833333
15647,St Joseph Hospital,Narok,Trans Mara West - Dikirr,Other Hospital,Kenya Episcopal Conference-Catholic Secretariat,200,20,f,f,Operational,-1.083333,35.866667
16995,St Joseph Kavisuni Dispensary,Kitui,Katulani,Dispensary,Other Faith Based,10,0,f,f,Operational,-1.366667,38.016667
19119,St Joseph Medical Clinic Kathiani,Machakos,Kathiani,Medical Clinic,Private Practice - Nurse / Midwife,0,0,f,f,Operational,-1.516667,37.266667
18601,St Joseph Mission Dispensary Chumvini,Taita Taveta,Taveta,Dispensary,Kenya Episcopal Conference-Catholic Secretariat,0,0,f,f,Operational,,
13209,St Joseph W Dispensary (Westlands),Nairobi,Westlands,Dispensary,Kenya Episcopal Conference-Catholic Secretariat,0,0,f,f,Operational,-1.286389,36.817223
19683,St Joseph's Boys National School Disp,Trans Nzoia,Trans Nzoia West,Dispensary,Kenya Episcopal Conference-Catholic Secretariat,0,0,f,f,Operational,1.016667,34.983333
13210,St Joseph's Dispensary (Dagoretti),Nairobi,Dagoretti South,Dispensary,Kenya Episcopal Conference-Catholic Secretariat,0,0,f,f,Operational,-1.286389,36.817223
16248,St Joseph's Dispensary (Machakos),Machakos,Machakos,Dispensary,Kenya Episcopal Conference-Catholic Secretariat,4,0,f,f,Operational,-1.516667,37.266667
19682,St Joseph's Girls High School Disp,Trans Nzoia,Trans Nzoia West,Dispensary,Kenya Episcopal Conference-Catholic Secretariat,0,0,f,f,Operational,1.016667,34.983333
21205,St Joseph's Medical Clinic,Machakos,Matungulu,Medical Clinic,Private Practice - Nurse / Midwife,0,0,f,f,Operational,-1.286389,36.817223
14111,St Joseph's Obaga Dispensary,Siaya,Rarieda,Dispensary,Ministry of Health,1,0,f,f,Operational,0.066667,34.283333
11817,St Joseph's Shelter of Hope,Taita Taveta,Voi,Dispensary,Christian Health Association of Kenya,0,0,f,f,Operational,,
17169,St Luke Medical Centre,Nakuru,Nakuru North,Medical Clinic,Private Practice - Clinical Officer,0,0,f,f,Operational,-0.303099,36.080026
11818,St Luke's (ACK) Hospital Kaloleni,Kilifi,Kaloleni,Other Hospital,Other Faith Based,72,7,f,f,Operational,-3.633333,39.85
12759,St Lukes Cottage Hospital,Meru,Meru Central,Other Hospital,Kenya Episcopal Conference-Catholic Secretariat,23,1,f,f,Operational,0.05,37.65
14116,St Luke's Health Centre (Mbita),Homa Bay,Mbita,Health Centre,Kenya Episcopal Conference-Catholic Secretariat,8,0,f,f,Operational,-0.516667,34.45
18776,St Lukes Orthopaedic and Trauma Hospital,Uasin Gishu,Eldoret East,Other Hospital,Private Practice - Medical Specialist,60,0,f,f,Operational,0.514277,35.269779
18303,St Luke's The Physician Medical Centre,Kiambu,Ruiru,Medical Clinic,Private Practice - Nurse / Midwife,0,0,f,f,Operational,-1.166667,36.833333
17391,St Mac's Hospital,Nairobi,Kibra,Dispensary,Community,3,0,f,f,Operational,-1.286389,36.817223
18606,St Mark Medical Clinic,Nakuru,Nakuru,Medical Clinic,Private Practice - Nurse / Midwife,0,0,f,f,Operational,-0.303099,36.080026
19657,St Mark Medical Clinic,Kiambu,Kiambu,Medical Clinic,Private Practice - General Practitioner,0,0,f,f,Operational,-1.166667,36.833333
18047,St Marks,Nyeri,Kieni East,Medical Clinic,Private Practice - Clinical Officer,0,0,f,f,Operational,-0.416667,36.95
12761,St Marks Dispensary (Kariene),Meru,Meru Central,Dispensary,Christian Health Association of Kenya,0,0,f,f,Operational,0.05,37.65
19655,St Marks Hospital,Kiambu,Kiambu,Other Hospital,Private Practice - General Practitioner,8,0,f,f,Operational,-1.166667,36.833333
14118,St Mark's Lela Dispensary,Kisumu,Kisumu West,Dispensary,Local Authority,0,0,f,f,Operational,-0.10221,34.761711
17340,St Marks Medical Clinic,Nyeri,Kieni East,Medical Clinic,Private Practice - Clinical Officer,0,0,f,f,Operational,-0.416667,36.95
15651,St Martin De Porres (Static),Nakuru,Kuresoi,Dispensary,Kenya Episcopal Conference-Catholic Secretariat,0,0,f,f,Operational,-0.303099,36.080026
16644,St Martin Medical Clinic,Makueni,Kibwezi,Medical Clinic,Private Enterprise (Institution),1,0,f,f,Operational,-1.8,37.616667
11048,St Mary (ACK) Dispensary (Ngariama),Kirinyaga,Kirinyaga East,Dispensary,Christian Health Association of Kenya,0,0,f,f,Operational,-0.5,37.283333
10746,St Mary (ACK) Mugumo Dispensary,Kirinyaga,Kirinyaga East,Dispensary,Christian Health Association of Kenya,0,0,f,f,Operational,-0.5,37.283333
15652,St Mary Health Centre (Kiserian),Kajiado,Kajiado North,Health Centre,Kenya Episcopal Conference-Catholic Secretariat,14,0,f,f,Operational,-1.85,36.783333
11052,St Mary Health Clinic,Kirinyaga,Kirinyaga North,Medical Clinic,Private Practice - Nurse / Midwife,0,0,f,f,Operational,-0.5,37.283333
11054,St Mary Laboratory (Mwea),Kirinyaga,Kirinyaga South,Laboratory (Stand-alone),Private Enterprise (Institution),0,0,f,f,Operational,-0.5,37.283333
18173,St Mary Magdalene Kanjuu Dispensary,Kirinyaga,Kirinyaga East,Dispensary,Christian Health Association of Kenya,0,0,f,f,Operational,-0.533333,37.45
15653,St Mary Medical Clinic (Nakuru North),Nakuru,Nakuru North,Medical Clinic,Private Practice - Nurse / Midwife,0,0,f,f,Operational,-0.303099,36.080026
17748,St Mary Medical Clinic Gatundu,Kiambu,Gatundu North,Medical Clinic,Private Practice - Nurse / Midwife,0,0,f,f,Operational,-1.166667,36.833333
16139,St Mary's Dispensary (Lugari),Kakamega,Lugari,Dispensary,Kenya Episcopal Conference-Catholic Secretariat,0,0,f,f,Operational,0.284767,34.752308
14119,St Mary's Health Centre (Mbita),Homa Bay,Mbita,Health Centre,Kenya Episcopal Conference-Catholic Secretariat,10,0,f,f,Operational,-0.516667,34.45
16140,St Mary's Health Unit Chelelemuk,Busia,Teso North,Dispensary,Kenya Episcopal Conference-Catholic Secretariat,7,7,f,f,Operational,0.46,34.11
15654,St Mary's Hospital (Gilgil),Nakuru,Gilgil,Other Hospital,Kenya Episcopal Conference-Catholic Secretariat,127,5,f,f,Operational,-0.303099,36.080026
15656,St Mary's Kalokol Primary Health Care Programme,Turkana,Turkana Central,Health Programme,Kenya Episcopal Conference-Catholic Secretariat,0,0,f,f,Operational,3.116667,35.6
15655,St Mary's Kapsoya Dispensary,Uasin Gishu,Eldoret East,Dispensary,Other Faith Based,0,0,f,f,Operational,0.514277,35.269779
13216,St Mary's Medical Clinic,Nairobi,Kibra,Maternity Home,Private Enterprise (Institution),5,0,f,f,Operational,-1.286389,36.817223
11820,St Mary's Medical Clinic (Malindi),Kilifi,Magarini,Medical Clinic,Private Practice - Nurse / Midwife,0,0,f,f,Operational,-3.633333,39.85
11055,St Mary's Medical Clinic (Ruiru),Kiambu,Ruiru,Medical Clinic,Private Enterprise (Institution),0,0,f,f,Operational,-1.166667,36.833333
12764,St Marys Medical Clinic (Runyenjes),Embu,Embu East,Medical Clinic,Private Enterprise (Institution),0,0,f,f,Operational,-0.533333,37.45
20821,St Mary's Medical Clinic(Mwingi Central),Kitui,Mwingi Central,Medical Clinic,Private Practice - Clinical Officer,0,0,f,f,Operational,-1.366667,38.016667
13218,St Mary's Mission Hospital,Nairobi,Langata,Other Hospital,Kenya Episcopal Conference-Catholic Secretariat,299,0,f,f,Operational,-1.286389,36.817223
20657,St Mary's Mission International Medical Clinic,Kiambu,Gatundu,Medical Clinic,Private Practice - Clinical Officer,0,0,f,f,Operational,-1.166667,36.833333
18603,St Mary's Mother & Child Medical Services,Kiambu,Kiambu,Medical Clinic,Private Practice - Clinical Officer,0,0,f,f,Operational,-1.166667,36.833333
11654,St Marys Msabaha Catholic Dispensary,Kilifi,Malindi,Dispensary,Kenya Episcopal Conference-Catholic Secretariat,0,0,f,f,Operational,-3.216667,40.116667
20037,St Mathews Kandaria Dispensary,Siaya,Rarieda,Dispensary,Ministry of Health,0,0,f,f,Operational,0.066667,34.283333
15657,St Mathews Maternity and Lab Services,Kajiado,Kajiado North,Maternity Home,Private Enterprise (Institution),0,0,f,f,Operational,-1.85,36.783333
19438,St Maurice Medical Services,Nairobi,Embakasi Central,Medical Clinic,Private Practice - Nurse / Midwife,2,1,f,f,Operational,-1.286389,36.817223
14059,St Mercelline Roo Dispensary (Suba),Homa Bay,Suba,Dispensary,Other Faith Based,4,0,f,f,Operational,-0.516667,34.45
12766,St Michael (Miaani) Mission Dispensary,Machakos,Machakos,Dispensary,Kenya Episcopal Conference-Catholic Secretariat,0,0,f,f,Operational,-1.516667,37.266667
19332,St Michael Community Nursing Home,Nairobi,Roysambu,Medical Clinic,Private Practice - General Practitioner,6,2,f,f,Operational,-1.286389,36.817223
18179,St Michael Goodwill Medical Clinic,Kiambu,Ruiru,Medical Clinic,Private Practice - Nurse / Midwife,0,0,f,f,Operational,-1.166667,36.833333
11061,St Michael Medical Clinic (Nyeri South),Nyeri,Mukurweini,Medical Clinic,Private Practice - Nurse / Midwife,0,0,f,f,Operational,-0.416667,36.95
19194,St Michael Medical Clinic -Kangundo,Machakos,Kangundo,Medical Clinic,Private Practice - Clinical Officer,0,0,f,f,Operational,-1.516667,37.266667
16250,St Michael Medical Services,Machakos,Athi River,Medical Clinic,Private Enterprise (Institution),1,2,f,f,Operational,-1.516667,37.266667
12768,St Michael Nursing Home,Embu,Embu East,Nursing Home,Private Enterprise (Institution),47,2,f,f,Operational,-0.533333,37.45
21237,St Michaels Uzima Laboratories Clinic,Nyandarua,Kinangop,Medical Clinic,Private Practice - Unspecified,0,0,f,f,Operational,-0.183333,36.366667
16657,St Monica Catholic Dispensary (Nguutani),Kitui,Mwingi West,Dispensary,Kenya Episcopal Conference-Catholic Secretariat,0,0,f,f,Operational,-1.366667,38.016667
14120,St Monica Hospital,Kisumu,Kisumu East,Other Hospital,Kenya Episcopal Conference-Catholic Secretariat,100,10,f,f,Operational,-0.10221,34.761711
17044,St Monica Medical Clinic,Nakuru,Subukia,Medical Clinic,Private Practice - Nurse / Midwife,0,0,f,f,Operational,-0.303099,36.080026
15659,St Monica Medical Clinic (Dundori),Nakuru,Nakuru North,Medical Clinic,Private Practice - Nurse / Midwife,0,0,f,f,Operational,-0.303099,36.080026
15660,St Monica Medical Clinic (Nakuru),Nakuru,Nakuru North,Medical Clinic,Private Practice - Clinical Officer,0,0,f,f,Operational,-0.303099,36.080026
14121,St Monica Rapogi Health Centre,Migori,Uriri,Health Centre,Kenya Episcopal Conference-Catholic Secretariat,34,0,f,f,Operational,-1.066667,34.466667
15661,St Monica's Nakwamekwi Dispensary,Turkana,Turkana Central,Dispensary,Kenya Episcopal Conference-Catholic Secretariat,0,0,f,f,Operational,3.116667,35.6
10765,St Mulumba Mission Hospital,Kiambu,Thika West,Other Hospital,Kenya Episcopal Conference-Catholic Secretariat,80,0,f,f,Operational,-1.033333,37.066667
18114,St Nicholas Medical Clinic,Embu,Manyatta,Medical Clinic,Private Practice - Nurse / Midwife,0,0,f,f,Operational,-0.533333,37.45
14122,St Norah's Clinc,Nyamira,Borabu,Medical Clinic,Private Enterprise (Institution),1,0,f,f,Operational,-0.633333,34.933333
17676,ST Olivia Health Care,Kiambu,Limuru,Medical Clinic,Private Practice - Nurse / Midwife,0,0,f,f,Operational,-1.166667,36.833333
12769,St Orsola Mission Hospital,Tharaka Nithi,Tharaka South,Other Hospital,Christian Health Association of Kenya,107,0,f,f,Operational,0.05,37.65
13222,St Patrick Health Care Centre,Nairobi,Embakasi Central,Health Centre,Private Enterprise (Institution),12,2,f,f,Operational,-1.286389,36.817223
19297,St Patrick Medical Centre,Nairobi,Ruaraka,Medical Clinic,Private Practice - General Practitioner,0,0,f,f,Operational,-1.286389,36.817223
18305,St Patricks Dispensary,Mombasa,Changamwe,Dispensary,Kenya Episcopal Conference-Catholic Secretariat,0,0,f,f,Operational,-4.043477,39.668205
15662,St Patrick's Kanamkemer Dispensary,Turkana,Turkana Central,Dispensary,Kenya Episcopal Conference-Catholic Secretariat,0,0,f,f,Operational,3.116667,35.6
14123,St Paul Dispensary,Siaya,Ugunja,Dispensary,Kenya Episcopal Conference-Catholic Secretariat,0,0,f,f,Operational,0.066667,34.283333
18537,St Paul Ithiki (ACK ) Dispensary,Murang'a,Kiharu,Dispensary,Christian Health Association of Kenya,0,0,f,f,Operational,-0.716667,37.15
18548,St Paul Kiamuri (ACK) Dispensary,Murang'a,Kiharu,Dispensary,Christian Health Association of Kenya,0,0,f,f,Operational,-0.716667,37.15
12770,St Paul Medical Clinic (Makutano),Machakos,Mwala,Medical Clinic,Private Practice - Clinical Officer,1,0,f,f,Operational,-1.516667,37.266667
18477,St Pauline Medical Clinic,Murang'a,Muranga South,Maternity Home,Private Practice - Nurse / Midwife,5,0,f,f,Operational,-0.716667,37.15
16143,St Pauline Nursing Home and Marternity,Kakamega,Kakamega East (Shinyalu),Nursing Home,Private Enterprise (Institution),10,0,f,f,Operational,0.284767,34.752308
17930,St Pauls Ejinja Dispensary,Kakamega,Matungu,Dispensary,Kenya Episcopal Conference-Catholic Secretariat,4,0,f,f,Operational,0.284767,34.752308
18190,St Paul's Hospital,Kajiado,Kajiado North,Other Hospital,Private Practice - General Practitioner,5,0,f,f,Operational,-1.286389,36.817223
11823,St Paul's Medical Clinic (Malindi),Kilifi,Malindi,Medical Clinic,Private Practice - Nurse / Midwife,0,0,f,f,Not-Operational,-3.216667,40.116667
20224,St Pauls Ndumbuli Community Health Centre,Machakos,Mwala,Health Centre,Kenya Episcopal Conference-Catholic Secretariat,0,0,f,f,Operational,-1.516667,37.266667
17392,St Pery's Medical Clinic,Nairobi,Kibra,Medical Clinic,Private Practice - Nurse / Midwife,0,0,f,f,Operational,-1.286389,36.817223
15663,St Peter Claver R Clinic,Kajiado,Kajiado North,Medical Clinic,Private Practice - Nurse / Midwife,0,0,f,f,Operational,-1.85,36.783333
17462,St Peter Orthodox Church Dispenasary,Kiambu,Kikuyu,Dispensary,Other Faith Based,0,0,f,f,Operational,-1.166667,36.833333
17982,St Peter Orthodox Kanjeru Dispensary,Kiambu,Kikuyu,Dispensary,Other Faith Based,0,0,f,f,Operational,-1.166667,36.833333
17983,St Peters (ACK) Dispensary,Kiambu,Kikuyu,Dispensary,Christian Health Association of Kenya,0,0,f,f,Operational,-1.166667,36.833333
21134,St Peter's AIPCA,Meru,Igembe Central,Dispensary,Christian Health Association of Kenya,0,0,f,f,Pending Opening,0.05,37.65
18017,St Peter's Catholic Dispensary (Ng'onyi),Meru,Imenti North,Dispensary,Kenya Episcopal Conference-Catholic Secretariat,0,0,f,f,Operational,0.05,37.65
16978,St Peters Gaitheri (ACK) Dispensary,Murang'a,Mathioya,Dispensary,Christian Health Association of Kenya,0,0,f,f,Operational,-0.716667,37.15
11824,St Peter's Hospital,Kilifi,Malindi,Health Centre,Private Practice - Clinical Officer,4,0,f,f,Operational,-3.216667,40.116667
17141,St Peters Medical Clinic,Kiambu,Kiambu,Medical Clinic,Private Practice - Nurse / Midwife,0,0,f,f,Operational,-1.166667,36.833333
15665,St Peter's Medical Clinic,Kajiado,Loitoktok,Medical Clinic,Private Practice - Nurse / Midwife,4,0,f,f,Operational,-1.85,36.783333
11067,St Philips (ACK) Dispensary Ndiriti,Kirinyaga,Kirinyaga Central,Dispensary,Christian Health Association of Kenya,0,0,f,f,Operational,-0.5,37.283333
16145,St Pius Musoli Health Centre,Kakamega,Kakamega South (Ikolomani),Health Centre,Other Faith Based,19,5,f,f,Operational,0.284767,34.752308
17488,St Raphael Arch Medical,Uasin Gishu,Eldoret West,Medical Clinic,Kenya Episcopal Conference-Catholic Secretariat,9,2,f,f,Operational,0.516667,35.283333
18515,St Raphael Dispensary,Trans Nzoia,Trans Nzoia West,Dispensary,Kenya Episcopal Conference-Catholic Secretariat,10,2,f,f,Operational,1.016667,34.983333
18843,St Richard Medical Clinic,Mombasa,Kisauni,Medical Clinic,Private Practice - Nurse / Midwife,0,0,f,f,Operational,-4.043477,39.668205
17406,St Stephen (ACK) Cura Dispensary,Kiambu,Kikuyu,Dispensary,Other Faith Based,0,0,f,f,Operational,-1.166667,36.833333
17440,St Stephen's Children Clinic Gatondo,Embu,Manyatta,Medical Clinic,Christian Health Association of Kenya,0,0,f,f,Operational,-0.533333,37.45
17429,St Stephen's Kiandagae (ACK) Dispensary,Kirinyaga,Kirinyaga West,Dispensary,Christian Health Association of Kenya,0,0,f,f,Operational,-0.5,37.283333
16146,St Susan Clinic,Kakamega,Kakamega South (Ikolomani),Medical Clinic,Private Enterprise (Institution),0,0,f,f,Operational,0.284767,34.752308
12772,St Teresa Medical Clinic,Machakos,Mwala,Medical Clinic,Private Practice - Nurse / Midwife,0,0,f,f,Operational,-1.516667,37.266667
19380,St Teresa Medical Clinic ( Zimmerman),Nairobi,Roysambu,Medical Clinic,Private Practice - General Practitioner,0,0,f,f,Operational,-1.286389,36.817223
15666,St Teresa Olokirikirai Dispensary,Narok,Narok North,Dispensary,Kenya Episcopal Conference-Catholic Secretariat,3,0,f,f,Operational,-1.083333,35.866667
13225,St Teresa's Parish Dispensary,Nairobi,Kamukunji,Dispensary,Other Faith Based,0,0,f,f,Operational,-1.286389,36.817223
11825,St Terezia Medical Clinic,Kilifi,Malindi,Medical Clinic,Private Enterprise (Institution),0,0,f,f,Not-Operational,-3.216667,40.116667
17503,St Thadeus Medical Clinic,Bungoma,Bungoma South,Medical Clinic,Other Faith Based,0,0,f,f,Operational,0.566667,34.566667
12303,St Theresa Kiirua Hospital (Kiirua),Meru,Buuri,Other Hospital,Kenya Episcopal Conference-Catholic Secretariat,120,13,f,f,Operational,0.05,37.65
15668,St Theresia of Jesus,Narok,Trans Mara West - Dikirr,Medical Clinic,Private Enterprise (Institution),0,0,f,f,Operational,-1.083333,35.866667
13228,St Thomas Medical Clinic,Nairobi,Embakasi Central,Health Centre,Private Practice - General Practitioner,0,0,f,f,Operational,-1.286389,36.817223
18501,St Thomas The Apostle Athi Catholic Dispensary,Meru,Igembe South,Dispensary,Kenya Episcopal Conference-Catholic Secretariat,0,0,f,f,Operational,0.05,37.65
19021,St Trizah Medical Clinic,Kiambu,Limuru,Medical Clinic,Private Enterprise (Institution),0,0,f,f,Operational,-1.166667,36.833333
11828,St Valeria Medical Clinic,Mombasa,Changamwe,Medical Clinic,Private Enterprise (Institution),0,0,f,f,Operational,-4.043477,39.668205
17413,St Veronica,Uasin Gishu,Wareng,Medical Clinic,Private Enterprise (Institution),0,0,f,f,Not-Operational,0.514277,35.269779
18409,St Veronica EDARP Clinic,Nairobi,Kamukunji,Medical Clinic,Other Faith Based,0,0,f,f,Operational,-1.286389,36.817223
14128,St Vincents De Paul Health Centre,Kisumu,Muhoroni,Health Centre,Kenya Episcopal Conference-Catholic Secretariat,24,12,f,f,Operational,-0.10221,34.761711
20445,St. Charle's Medical Services,Kitui,Lower Yatta,Medical Clinic,Private Practice - Nurse / Midwife,0,0,f,f,Operational,-1.366667,38.016667
21160,ST. Jerome Medical Clinic,Tharaka Nithi,Meru South,Medical Clinic,Private Practice - Nurse / Midwife,0,0,f,f,Operational,,
21064,St. Lukes Busiada Dispensary,Busia,Butula,Dispensary,Other Faith Based,0,0,f,f,Operational,0.46,34.11
21268,ST. Mark Ndutumi (ACK) Dispensary,Murang'a,Kahuro,Dispensary,Christian Health Association of Kenya,0,0,f,f,Operational,-0.716667,37.15
20615,St. Mary Magdalene Clinic,Embu,Manyatta,Medical Clinic,Private Practice - Unspecified,0,0,f,f,Operational,-0.533333,37.45
20836,St. Monica Hospital Town Clinic,Kisumu,Kisumu East,Medical Clinic,Kenya Episcopal Conference-Catholic Secretariat,0,0,f,f,Operational,-0.10221,34.761711
13221,St. Odilia's Dispensary,Nairobi,Langata,Dispensary,Kenya Episcopal Conference-Catholic Secretariat,0,0,f,f,Operational,-1.286389,36.817223
21276,St. Paul Medical Clinic,Nyeri,Kieni West,Medical Clinic,Private Practice - Nurse / Midwife,0,0,f,f,Operational,-0.416667,36.95
20288,St. Tresa's Medical Clinic,Nakuru,Gilgil,Medical Clinic,Private Practice - Clinical Officer,0,0,f,f,Operational,-0.303099,36.080026
21250,St.Anne Medical Clinic (Ndumberi ),Kiambu,Kiambu,Medical Clinic,Private Practice - Clinical Officer,0,0,f,f,Operational,-1.166667,36.833333
20216,St.Catherine Catholic Church VCT,Nairobi,Langata,VCT Centre (Stand-Alone),Kenya Episcopal Conference-Catholic Secretariat,0,0,f,f,Operational,-1.286389,36.817223
20468,ST.James Memorial Medical Clinic,Kakamega,Butere,Medical Clinic,Private Practice - General Practitioner,2,0,f,f,Operational,0.284767,34.752308
21162,St.Lawrence Hospital,Homa Bay,Homa Bay,District Hospital,Private Practice - General Practitioner,30,10,f,f,Operational,-0.516667,34.45
20248,St.Paul Clinic,Kiambu,Kiambu,Medical Clinic,Private Practice - Nurse / Midwife,0,0,f,f,Operational,-1.166667,36.833333
20378,St.Teresa Hospital Kiambu,Kiambu,Kiambu,Other Hospital,Private Practice - General Practitioner,40,10,f,f,Pending Opening,-1.166667,36.833333
18909,Stadia Medical Clinic,Meru,Meru Central,Medical Clinic,Private Practice - Nurse / Midwife,0,0,f,f,Operational,0.05,37.65
19028,Stage View Medical Clinic,Kilifi,Kilifi North,Medical Clinic,Private Practice - Clinical Officer,0,0,f,f,Operational,-3.633333,39.85
20506,Stage View Medical Clinic - Likoni,Mombasa,Likoni,Medical Clinic,Private Practice - Nurse / Midwife,0,0,f,f,Operational,-4.043477,39.668205
16527,Stanbridge Care Centre,Kilifi,Malindi,Medical Clinic,Private Practice - Clinical Officer,0,0,f,f,Operational,-3.216667,40.116667
14130,Suba District Hospital,Homa Bay,Suba,District Hospital,Ministry of Health,46,3,f,f,Operational,-0.516667,34.45
20574,Suba Medical Centre,Nairobi,Embakasi Central,Medical Clinic,Private Practice - Unspecified,4,2,f,f,Operational,-1.286389,36.817223
17790,Subati Medical Clinic,Nakuru,Nakuru North,Dispensary,Company Medical Service,0,0,f,f,Operational,-0.303099,36.080026
16528,Subira Medical Clinic,Kilifi,Malindi,Medical Clinic,Private Practice - Clinical Officer,0,0,f,f,Operational,-3.216667,40.116667
15678,Subukia SDH,Nakuru,Subukia,Sub-District Hospital,Ministry of Health,12,2,f,f,Operational,-0.303099,36.080026
11076,Subuku Dispensary (Nyandarua North),Nyandarua,Nyandarua North,Dispensary,Ministry of Health,0,0,f,f,Operational,-0.183333,36.366667
11077,Subuku Medical Clinic,Nyandarua,Nyandarua North,Medical Clinic,Private Practice - Nurse / Midwife,0,0,f,f,Operational,-0.183333,36.366667
19381,Success Medical Services,Nairobi,Roysambu,Medical Clinic,Private Practice - General Practitioner,0,0,f,f,Operational,-1.286389,36.817223
14204,Sucos Hospital,Kajiado,Kajiado North,Other Hospital,Non-Governmental Organizations,25,5,f,f,Operational,-1.85,36.783333
17331,Sugoi A Dispensary,Uasin Gishu,Eldoret West,Dispensary,Ministry of Health,0,0,f,f,Operational,0.516667,35.283333
15680,Sugoi B Dispensary,Uasin Gishu,Eldoret West,Dispensary,Ministry of Health,1,0,f,f,Operational,0.514277,35.269779
17093,Sugumerga Dispensary,Bomet,Chepalungu,Dispensary,Ministry of Health,0,0,f,f,Operational,-0.783333,35.35
14131,Suguta Health Centre,Kisii,South Gucha,Health Centre,Ministry of Health,0,0,f,f,Operational,-0.683333,34.766667
15681,Suguta Marmar Catholic Dispensary,Samburu,Samburu Central,Dispensary,Kenya Episcopal Conference-Catholic Secretariat,0,0,f,f,Operational,1.316667,36.983333
15682,Suguta Marmar Health Centre,Samburu,Samburu Central,Health Centre,Ministry of Health,15,2,f,f,Operational,1.316667,36.983333
12018,Suleman Farooq Memorial Centre,Makueni,Kibwezi,Other Hospital,Other Faith Based,12,1,f,f,Operational,-1.8,37.616667
12777,Sultan Hamud Sub District Hospital,Makueni,Mukaa,Sub-District Hospital,Ministry of Health,15,3,f,f,Operational,-1.8,37.616667
14132,Sulwe Clinic,Homa Bay,Rachuonyo South,Medical Clinic,Private Enterprise (Institution),0,0,f,f,Not-Operational,-0.516667,34.45
20246,Sulwe Dispensary,Bungoma,Kimilili Bungoma,Dispensary,Ministry of Health,0,0,f,f,Operational,0.566667,34.566667
18614,Sumba Medical Clinic,Nakuru,Naivasha,Medical Clinic,Private Practice - Nurse / Midwife,0,0,f,f,Operational,-0.303099,36.080026
15683,Sumbeiywet Dispensary,Elgeyo Marakwet,Marakwet West,Dispensary,Ministry of Health,0,0,f,f,Operational,,
15684,Sumeiyon Dispensary,Baringo,Baringo North,Dispensary,Ministry of Health,0,0,f,f,Operational,0.466667,35.966667
15685,Sumek Dispensary,Nakuru,Rongai,Dispensary,Ministry of Health,0,0,f,f,Operational,-0.303099,36.080026
20869,Summit Medicare Kiptere,Kericho,Belgut,Medical Clinic,Private Practice - Clinical Officer,0,0,f,f,Operational,-0.366667,35.283333
16316,Sumoiyot Dispensary,Kericho,Belgut,Dispensary,Community,0,0,f,f,Operational,-0.366667,35.283333
18281,Sunbeam Medical Centre,Nairobi,Westlands,Dispensary,Private Enterprise (Institution),6,0,f,f,Operational,-1.286389,36.817223
17175,Sunga Dispensary,Kisumu,Kisumu West,Dispensary,Ministry of Health,0,0,f,f,Operational,-0.10221,34.761711
21186,Sunrise (K) Medical Centre,Bungoma,Bungoma East,Medical Clinic,Private Practice - Medical Specialist,0,0,f,f,Operational,0.566667,34.566667
20504,Sunrise City Medical Centre,Nairobi,Mathare,Medical Clinic,Private Practice - Clinical Officer,0,0,f,f,Operational,-1.286389,36.817223
14137,Sunrise Clinic,Homa Bay,Rachuonyo South,Medical Clinic,Private Enterprise (Institution),0,0,f,f,Operational,-0.516667,34.45
18138,Sunshine Family Health Medicare Centre,Makueni,Makueni,Medical Clinic,Private Practice - Medical Specialist,0,0,f,f,Operational,-1.8,37.616667
19351,Sunshine Medical & Diagnostic Centre (Nairobi),Nairobi,Starehe,Medical Clinic,Private Practice - General Practitioner,0,0,f,f,Operational,-1.286389,36.817223
19052,Sunshine Medical Clinic,Tharaka Nithi,Maara,Medical Clinic,Private Practice - Clinical Officer,0,0,f,f,Operational,,
15687,Sun-Shine Medical Clinic,Nakuru,Nakuru North,Medical Clinic,Private Practice - Nurse / Midwife,0,0,f,f,Operational,-0.303099,36.080026
17827,Sunshine Medical Clinic (Kwale),Kwale,Matuga,Medical Clinic,Private Practice - Nurse / Midwife,0,0,f,f,Operational,-4.183333,39.45
15688,Sun-Shine Medical Clinic Annex,Nakuru,Nakuru North,Medical Clinic,Private Practice - Clinical Officer,0,0,f,f,Operational,-0.303099,36.080026
18438,Sunton CFW Clinic,Nairobi,Kasarani,Medical Clinic,Private Practice - Nurse / Midwife,0,0,f,f,Operational,-1.286389,36.817223
19739,Sunview Maternity & Nursing Home,Kiambu,Kiambu,Maternity Home,Private Practice - Clinical Officer,2,1,f,f,Operational,-1.166667,36.833333
19941,Super Drug Nursing Home,Mandera,Mandera East,Nursing Home,Private Practice - Nurse / Midwife,10,1,f,f,Operational,3.933333,41.866667
11835,Super Medical Clinic,Kilifi,Malindi,Medical Clinic,Private Practice - Nurse / Midwife,0,0,f,f,Operational,-3.216667,40.116667
20402,Support For Addiction Prevention & Treatment In Africa,Nairobi,Starehe,Medical Centre,Non-Governmental Organizations,0,0,f,f,Operational,-1.286389,36.817223
11347,Surgery Clinic,Kilifi,Malindi,Medical Clinic,Private Practice - Medical Specialist,0,0,f,f,Operational,-3.216667,40.116667
17964,Surgury Clinic,Kilifi,Malindi,Medical Clinic,Private Practice - Medical Specialist,0,0,f,f,Operational,-3.633333,39.85
16407,Sururu Health Centre (CDF),Nakuru,Njoro,Health Centre,Community Development Fund,0,0,f,f,Operational,-0.303099,36.080026
15690,Survey Dispensary,Laikipia,Laikipia West,Dispensary,Ministry of Health,2,0,f,f,Operational,0.366667,37.033333
17686,Susamed Medical Clinic,Nairobi,Embakasi Central,Medical Clinic,Private Practice - Nurse / Midwife,2,0,f,f,Operational,-1.286389,36.817223
15692,Suwerwa Health Centre,Trans Nzoia,Trans Nzoia East,Health Centre,Ministry of Health,16,0,f,f,Operational,1.016667,34.983333
15693,Swari Model Health Centre,Samburu,Samburu East,Dispensary,Ministry of Health,0,0,f,f,Operational,1.316667,36.983333
14138,Swindon Clinic,Homa Bay,Rachuonyo South,Medical Clinic,Private Enterprise (Institution),0,0,f,f,Operational,-0.516667,34.45
19023,Swiss Cottage Hospital,Kilifi,Kilifi South,Nursing Home,Private Enterprise (Institution),4,0,f,f,Operational,-3.633333,39.85
19271,Swop Korogocho,Nairobi,Ruaraka,VCT Centre (Stand-Alone),Non-Governmental Organizations,0,0,f,f,Operational,-1.286389,36.817223
19429,Swop Outreach Project Clinic,Nairobi,Embakasi West,Medical Clinic,Non-Governmental Organizations,4,2,f,f,Operational,-1.286389,36.817223
18896,Swop Thika Road,Nairobi,Roysambu,VCT Centre (Stand-Alone),Non-Governmental Organizations,0,0,f,f,Operational,-1.286389,36.817223
16993,Syathani (Kyathani) Dispensary,Kitui,Kitui West,Dispensary,Ministry of Health,0,1,f,f,Operational,-1.366667,38.016667
20118,Syokimau Medical Centre,Machakos,Machakos,Medical Clinic,Private Practice - Clinical Officer,2,2,f,f,Operational,-1.516667,37.266667
18819,Syokimau Medical Services,Machakos,Machakos,Medical Clinic,Private Practice - Clinical Officer,5,2,f,f,Operational,-1.286389,36.817223
18551,Syokithumbi Dispensary,Kitui,Kitui Central,Dispensary,Ministry of Health,0,0,f,f,Operational,-1.366667,38.016667
12780,Syongila (ACK) Dispensary,Kitui,Kitui Central,Dispensary,Christian Health Association of Kenya,0,0,f,f,Operational,-1.366667,38.016667
12781,Syongila Dispensary,Kitui,Kitui Central,Dispensary,Ministry of Health,0,0,f,f,Operational,-1.366667,38.016667
12782,Syumile Dispensary,Makueni,Makindu,Dispensary,Ministry of Health,2,0,f,f,Operational,-1.8,37.616667
14139,Tabaka Mission Hospital,Kisii,South Gucha,District Hospital,Kenya Episcopal Conference-Catholic Secretariat,291,62,f,f,Operational,-0.683333,34.766667
20322,Tabani Dispensary,Bungoma,Bungoma North,Dispensary,Ministry of Health,4,2,f,f,Operational,0.566667,34.566667
15695,Tabare Dispensary,Elgeyo Marakwet,Keiyo South,Dispensary,Ministry of Health,0,0,f,f,Operational,0.514277,35.269779
15697,Tabuga (PCEA) Dispensary,Nakuru,Nakuru North,Dispensary,Christian Health Association of Kenya,0,0,f,f,Operational,-0.303099,36.080026
18010,Tachasis Dispensary,Nakuru,Subukia,Dispensary,Ministry of Health,0,0,f,f,Operational,-0.303099,36.080026
19027,Tahidi Nursing Home,Kitui,Mwingi Central,Nursing Home,Private Practice - Clinical Officer,12,1,f,f,Operational,-1.366667,38.016667
17969,Taiba Medical Centre,Nairobi,Starehe,Health Centre,Private Enterprise (Institution),8,1,f,f,Operational,-1.286389,36.817223
21022,Taita Taveta Beyond Zero Campaign Clinic,Taita Taveta,Wundanyi,Dispensary,Ministry of Health,0,0,f,f,Operational,,
17020,Taito Community Dispensary,Nandi,Nandi East,Dispensary,Ministry of Health,0,0,f,f,Operational,0.166667,35.133333
15699,Taito Tea Dispensary,Nandi,Nandi East,Dispensary,Company Medical Service,0,0,f,f,Operational,0.166667,35.133333
13445,Takaba District Hospital,Mandera,Mandera West,District Hospital,Ministry of Health,24,5,f,f,Operational,3.933333,41.866667
11836,Takaungu Dispensary,Kilifi,Kilifi North,Dispensary,Ministry of Health,0,0,f,f,Operational,-3.633333,39.85
14140,Takawiri Dispensary,Homa Bay,Mbita,Dispensary,Ministry of Health,0,0,f,f,Operational,-0.516667,34.45
20362,Takaywa Dispensary,West Pokot,Pokot Central,Dispensary,Ministry of Health,0,0,f,f,Operational,1.233333,35.116667
15700,Takitech Dispensary,Narok,Trans Mara East,Dispensary,Ministry of Health,0,0,f,f,Operational,-1.083333,35.866667
17170,Tala Dispensary,Homa Bay,Rachuonyo South,Dispensary,Ministry of Health,3,0,f,f,Operational,-0.516667,34.45
12784,Tala Medical Services,Machakos,Matungulu,Medical Clinic,Private Enterprise (Institution),0,0,f,f,Operational,-1.516667,37.266667
15701,Talai Dispensary,Baringo,Baringo Central,Dispensary,Ministry of Health,0,0,f,f,Operational,0.466667,35.966667
20058,Talau Dispensary,West Pokot,West Pokot,Dispensary,Ministry of Health,0,0,f,f,Operational,1.233333,35.116667
15702,Talek Health Centre,Narok,Narok South,Health Centre,Other Faith Based,8,0,f,f,Operational,-1.083333,35.866667
19199,Tamam Medical Clinic,Wajir,Wajir East,Medical Clinic,Private Practice - General Practitioner,0,0,f,f,Operational,1.75,40.066667
20770,Tamarukwa Dispensary,West Pokot,West Pokot,Dispensary,Ministry of Health,0,0,f,f,Pending Opening,1.233333,35.116667
11083,Tambaya Dispensary,Nyeri,Mukurweini,Dispensary,Ministry of Health,0,0,f,f,Operational,-0.416667,36.95
15704,Tamkal Dispensary,West Pokot,Pokot Central,Dispensary,Ministry of Health,0,0,f,f,Operational,1.233333,35.116667
16148,Tamlega Dispensary,Bungoma,Bungoma West,Dispensary,Ministry of Health,0,0,f,f,Operational,0.566667,34.566667
15705,Tamough Health Centre,West Pokot,West Pokot,Health Centre,Ministry of Health,0,0,f,f,Operational,1.233333,35.116667
14141,Tamu Health Centre,Kisumu,Muhoroni,Health Centre,Ministry of Health,9,0,f,f,Operational,-0.10221,34.761711
16149,Tanaka Nursing Home,Busia,Busia,Nursing Home,Private Enterprise (Institution),50,0,f,f,Operational,0.46,34.11
18112,Tanganyika Medical Clinic,Bungoma,Bungoma South,Medical Clinic,Private Practice - Clinical Officer,0,0,f,f,Not-Operational,0.566667,34.566667
15707,Tangulbei Health Centre,Baringo,East Pokot,Dispensary,Ministry of Health,12,0,f,f,Operational,0.466667,35.966667
15708,Tapach Dispensary,West Pokot,Pokot South,Dispensary,Ministry of Health,0,0,f,f,Operational,1.233333,35.116667
17706,Taqwa Nursing Home,Marsabit,Moyale,Nursing Home,Private Practice - Clinical Officer,14,2,f,f,Operational,2.333333,37.983333
14142,Taracha Dispensary,Kisii,Kisii Central,Dispensary,Ministry of Health,0,0,f,f,Operational,-0.683333,34.766667
14143,Taragai Dispensary,Migori,Kuria East,Dispensary,Ministry of Health,1,0,f,f,Operational,-1.066667,34.466667
17255,Tarakwa Dispensary (Eldoret West),Uasin Gishu,Eldoret West,Dispensary,Ministry of Health,0,0,f,f,Operational,0.514277,35.269779
11837,Tarasaa Catholic Dispensary,Tana River,Tana Delta,Dispensary,Other Faith Based,0,0,f,f,Operational,-1.5,40.033333
13446,Tarbaj Health Centre,Wajir,Tarbaj,Health Centre,Ministry of Health,15,0,f,f,Operational,1.75,40.066667
11838,Taru Dispensary,Kwale,Kinango,Dispensary,Ministry of Health,0,0,f,f,Operational,-4.183333,39.45
18258,Tasia Family Medical Centre,Kajiado,Kajiado North,Medical Clinic,Private Practice - General Practitioner,0,0,f,f,Operational,-1.286389,36.817223
17801,Taunet Dispensary,Nandi,Tinderet,Dispensary,Ministry of Health,0,0,f,f,Operational,0.166667,35.133333
11839,Tausa Health Centre,Taita Taveta,Voi,Health Centre,Ministry of Health,2,0,f,f,Operational,,
11840,Taveta District Hospital,Taita Taveta,Taveta,District Hospital,Ministry of Health,100,8,f,f,Operational,,
11841,Taveta Meditech Centre,Taita Taveta,Taveta,Medical Clinic,Private Practice - Clinical Officer,0,0,f,f,Operational,,
12787,Tawa Sub-Distrct Hospial,Makueni,Mbooni East,Sub-District Hospital,Ministry of Health,14,14,f,f,Operational,-1.8,37.616667
19061,Tawakal Medical Clinic and Laboratory Services,Garissa,Ijara,Medical Clinic,Private Practice - Clinical Officer,0,0,f,f,Unknown,-0.456944,39.658333
11843,Tawfiq Muslim Hospital,Kilifi,Malindi,Other Hospital,Supreme Council for Kenya Muslims,65,5,f,f,Operational,-3.216667,40.116667
11844,Tawheed Dispensary,Kilifi,Malindi,Dispensary,Other Faith Based,0,0,f,f,Operational,-3.216667,40.116667
17975,Tayabi Medical and Dental Centre,Mombasa,Kisauni,Medical Clinic,Private Practice - General Practitioner,0,0,f,f,Operational,-4.043477,39.668205
19283,Tazama Dentel Clinic,Nairobi,Roysambu,Medical Clinic,Private Practice - General Practitioner,0,0,f,f,Operational,-1.286389,36.817223
20584,TB Central Reference Lab,Nairobi,Kibra,Laboratory (Stand-alone),Ministry of Health,0,0,f,f,Operational,-1.286389,36.817223
11845,Tchamalo Medical Clinic,Kilifi,Ganze,Medical Clinic,Private Practice - Nurse / Midwife,0,0,f,f,Operational,-3.633333,39.85
14473,Tdmp Tangulbei Dispensary,Baringo,East Pokot,Dispensary,Non-Governmental Organizations,0,0,f,f,Operational,0.466667,35.966667
16471,Tea Research Foundation Dispensary,Kericho,Londiani,Dispensary,Private Enterprise (Institution),0,0,f,f,Operational,-0.366667,35.283333
15712,Tebei Dispensary,Baringo,Baringo Central,Dispensary,Ministry of Health,0,0,f,f,Operational,0.466667,35.966667
21078,Teber Dispensary,Elgeyo Marakwet,Keiyo South,Dispensary,Ministry of Health,0,0,f,f,Operational,,
20540,Technical university of Kenya Student/Staff Clinic,Nairobi,Starehe,Medical Clinic,Other Public Institution,0,0,f,f,Operational,-1.286389,36.817223
15714,Tegat Health Centre,Bomet,Bomet East,Health Centre,Ministry of Health,0,0,f,f,Operational,-0.783333,35.35
12789,Tei Wa Yesu Health Centre,Kitui,Kyuso,Health Centre,Other Faith Based,20,0,f,f,Operational,-1.366667,38.016667
15716,Tenden Dispensary,Elgeyo Marakwet,Marakwet West,Dispensary,Ministry of Health,0,0,f,f,Operational,,
21082,Tenderwa Dispensary,Elgeyo Marakwet,Marakwet East,Dispensary,Ministry of Health,0,0,f,f,Operational,,
15717,Tenduet Dispensary,Bomet,Konoin,Dispensary,Company Medical Service,0,0,f,f,Operational,-0.783333,35.35
15718,Tenges Health Centre,Baringo,Baringo Central,Health Centre,Ministry of Health,17,3,f,f,Operational,0.466667,35.966667
15719,Tenwek Mission Hospital,Bomet,Bomet Central,Other Hospital,Christian Health Association of Kenya,200,100,f,f,Operational,-0.783333,35.35
15721,Teret Dispensary,Nakuru,Njoro,Dispensary,Ministry of Health,0,0,f,f,Operational,-0.303099,36.080026
16417,Terige Dispensary (CDF),Nandi,Nandi Central,Dispensary,Community Development Fund,0,0,f,f,Operational,0.166667,35.133333
20854,Terimeds Medical Clinic,Nakuru,Nakuru North,Medical Clinic,Private Practice - Nurse / Midwife,0,0,f,f,Operational,-0.303099,36.080026
20185,Terry G Medical Clinic,Nakuru,Nakuru North,Medical Clinic,Private Practice - Nurse / Midwife,2,1,f,f,Operational,-0.303099,36.080026
19184,Tesco Pharmacy Limited,Wajir,Wajir East,Medical Clinic,Private Practice - Nurse / Midwife,0,0,f,f,Operational,1.75,40.066667
16150,Teso  North Sub county Hospital,Busia,Teso North,District Hospital,Ministry of Health,57,0,f,f,Operational,0.46,34.11
18418,Tesorie Dispensary,Wajir,Habaswein,Dispensary,Ministry of Health,0,0,f,f,Operational,1.75,40.066667
20595,Tetu Dispensary,Nakuru,Subukia,Dispensary,Ministry of Health,0,0,f,f,Operational,-0.303099,36.080026
18058,Tewa Medical Clinic,Murang'a,Kandara,Medical Clinic,Private Practice - Clinical Officer,0,0,f,f,Not-Operational,-1.033333,37.066667
11848,Tezo Community Health Care,Kilifi,Kilifi North,Medical Clinic,Private Practice - Nurse / Midwife,0,0,f,f,Operational,-3.633333,39.85
12792,Thaana Nzau Dispensary,Kitui,Mwingi West,Dispensary,Ministry of Health,0,0,f,f,Operational,-1.366667,38.016667
18569,Thaene Medical Clinic,Meru,Igembe South,Medical Clinic,Private Practice - Nurse / Midwife,0,0,f,f,Operational,0.05,37.65
20693,Thageini Dispensary,Nyeri,Tetu,Dispensary,Ministry of Health,0,0,f,f,Pending Opening,-0.416667,36.95
12793,Thanantu Faith Clinic Dispensary,Tharaka Nithi,Tharaka North,Dispensary,Private Enterprise (Institution),0,0,f,f,Operational,0.05,37.65
11090,Thangathi Health Centre,Nyeri,Mukurweini,Health Centre,Ministry of Health,10,0,f,f,Operational,-0.416667,36.95
19066,The Nyali Childrens Hospital (Mikindani),Mombasa,Changamwe,Other Hospital,Private Practice - Medical Specialist,8,2,f,f,Operational,-4.043477,39.668205
17966,The Omari Project,Kilifi,Malindi,VCT Centre (Stand-Alone),Other Public Institution,0,0,f,f,Operational,-3.216667,40.116667
20103,The Savannah Health Services Ltd,Nairobi,Starehe,Medical Centre,Private Practice - General Practitioner,0,0,f,f,Operational,-1.286389,36.817223
21222,The ultimate Holistic,Nakuru,Rongai,Medical Clinic,Private Practice - Nurse / Midwife,0,0,f,f,Operational,-0.303099,36.080026
21281,The Zambezi Hospital Limited,Nairobi,Langata,Sub-District Hospital,Private Enterprise (Institution),15,0,f,f,Operational,-1.286389,36.817223
15722,Thessalia Health Centre,Kericho,Kericho,Health Centre,Other Faith Based,6,0,f,f,Operational,-0.366667,35.283333
11092,Thiba Health Centre,Kirinyaga,Kirinyaga North,Health Centre,Ministry of Health,0,0,f,f,Operational,-0.5,37.283333
11093,Thigio Dispensary (Kiambu West),Kiambu,Kikuyu,Dispensary,Ministry of Health,0,0,f,f,Operational,-1.166667,36.833333
15723,Thigio Dispensary (Laikipia West),Laikipia,Laikipia West,Dispensary,Ministry of Health,0,0,f,f,Operational,0.366667,37.033333
18578,Thigirichi Mukui,Kirinyaga,Kirinyaga West,Dispensary,Ministry of Health,0,0,f,f,Operational,-0.5,37.283333
10138,Thika Arcade Health Services,Kiambu,Thika West,Medical Clinic,Private Practice - Medical Specialist,0,0,f,f,Operational,-1.166667,36.833333
16754,Thika High School For The Blind,Kiambu,Thika West,Dispensary,Community,0,0,f,f,Operational,-1.166667,36.833333
11094,Thika Level 5 Hospital,Kiambu,Thika West,Provincial General Hospital,Ministry of Health,265,24,f,f,Operational,-1.033333,37.066667
11097,Thika Nursing Home,Kiambu,Thika West,Other Hospital,Private Enterprise (Institution),35,6,f,f,Operational,-1.033333,37.066667
16755,Thika Primary School For The Blind Clinic,Kiambu,Thika West,Dispensary,Academic (if registered),0,0,f,f,Operational,-1.033333,37.066667
17968,Thika Sasa Centre,Kiambu,Thika West,Medical Clinic,Non-Governmental Organizations,0,0,f,f,Operational,-1.286389,36.817223
20073,Thimjope Dispensary,Migori,Uriri,Dispensary,Ministry of Health,2,2,f,f,Operational,-1.066667,34.466667
20567,Thinyaine Dispensary,Meru,Tigania West,Dispensary,Ministry of Health,0,0,f,f,Operational,0.05,37.65
12797,Thitani Health Centre,Kitui,Mwingi West,Health Centre,Ministry of Health,27,27,f,f,Operational,-1.366667,38.016667
12798,Thitha Dispensary,Kitui,Mwingi Central,Dispensary,Ministry of Health,0,0,f,f,Operational,-1.366667,38.016667
20253,Thogoto Medical clinic,Kiambu,Kikuyu,Medical Clinic,Private Practice - Clinical Officer,0,0,f,f,Operational,-1.166667,36.833333
17909,Thome Catholic Dispensary,Laikipia,Laikipia West,Dispensary,Kenya Episcopal Conference-Catholic Secretariat,3,1,f,f,Operational,0.366667,37.033333
18029,Thome Clinic,Laikipia,Laikipia East,Medical Clinic,Private Practice - Nurse / Midwife,0,0,f,f,Operational,0.366667,37.033333
16859,Thonzweni Dispensary,Kitui,Mwingi West,Dispensary,Ministry of Health,0,0,f,f,Operational,-1.366667,38.016667
11098,Three In One Clinic,Kirinyaga,Kirinyaga Central,Medical Clinic,Private Practice - Clinical Officer,0,0,f,f,Operational,-0.5,37.283333
17066,Thumberera Dispensary,Meru,Igembe Central,Dispensary,Ministry of Health,0,0,f,f,Pending Opening,0.05,37.65
20004,Tian Dispensary,Baringo,Mogotio,Dispensary,Ministry of Health,0,0,f,f,Operational,0.466667,35.966667
19298,Tibaland Chemistry & Lab,Nairobi,Ruaraka,Medical Clinic,Private Practice - General Practitioner,0,0,f,f,Operational,-1.286389,36.817223
16151,Tigoi Health Centre,Vihiga,Hamisi,Health Centre,Ministry of Health,7,0,f,f,Operational,0.083333,34.716667
11104,Tigoni District Hospital,Kiambu,Limuru,District Hospital,Ministry of Health,62,20,f,f,Operational,-1.166667,36.833333
12800,Tii Dispensary,Kitui,Kyuso,Dispensary,Ministry of Health,0,0,f,f,Operational,-1.366667,38.016667
20438,Tilangok Dispensary,Bomet,Chepalungu,Dispensary,Ministry of Health,4,2,f,f,Operational,-0.783333,35.35
20470,Tiloi Dispensary,Baringo,Baringo North,Dispensary,Ministry of Health,0,0,f,f,Operational,0.466667,35.966667
16634,Timau Integrated Medical Centre,Meru,Buuri,Medical Clinic,Private Practice - Nurse / Midwife,0,0,f,f,Operational,0.05,37.65
12802,Timau Sub-District Hospital,Meru,Buuri,Sub-District Hospital,Ministry of Health,0,0,f,f,Operational,0.05,37.65
15724,Timboiywo Dispensary,Baringo,Baringo Central,Dispensary,Ministry of Health,4,2,f,f,Operational,0.466667,35.966667
11851,Timboni Community Dispensary,Kilifi,Kilifi North,Dispensary,Community,0,0,f,f,Operational,-3.633333,39.85
15725,Timboroa Health Centre,Baringo,Koibatek,Health Centre,Ministry of Health,5,0,f,f,Operational,0.466667,35.966667
17759,Timbwani Medical Clinic,Mombasa,Likoni,Medical Clinic,Private Practice - Nurse / Midwife,0,0,f,f,Operational,-4.043477,39.668205
16319,Times Medical Clinic,Samburu,Samburu Central,Medical Clinic,Private Practice - Clinical Officer,0,0,f,f,Operational,1.316667,36.983333
14145,Tindereti Dispensary,Nyamira,Borabu,Dispensary,Ministry of Health,1,0,f,f,Operational,-0.633333,34.933333
15728,Tinet Dispensary,Nakuru,Kuresoi,Dispensary,Ministry of Health,0,0,f,f,Operational,-0.303099,36.080026
14146,Tinga Health Centre,Nyamira,Nyamira,Health Centre,Ministry of Health,12,0,f,f,Operational,-0.633333,34.933333
17094,Tinganga Catholic Dispensary,Kiambu,Kiambu,Dispensary,Kenya Episcopal Conference-Catholic Secretariat,0,0,f,f,Operational,-1.166667,36.833333
20819,Ting'ang'a Dispensary,Kiambu,Kiambu,Dispensary,Ministry of Health,0,0,f,f,Operational,-1.166667,36.833333
21244,Tinomoi Dispensary,Baringo,Marigat,Dispensary,Ministry of Health,0,0,f,f,Operational,0.466667,35.966667
18746,Tionybei Medical Clinic,Baringo,Baringo Central,Medical Clinic,Private Enterprise (Institution),0,0,f,f,Operational,0.466667,35.966667
15729,Tirimionin Dispensary,Baringo,Baringo North,Dispensary,Ministry of Health,0,0,f,f,Operational,0.466667,35.966667
15730,Tirriondonin Dispensary,Baringo,Baringo North,Dispensary,Ministry of Health,0,0,f,f,Operational,0.466667,35.966667
17176,Tiryo Dispensary (Nandi Central),Nandi,Nandi Central,Dispensary,Ministry of Health,0,0,f,f,Operational,0.166667,35.133333
12803,Tiva Dispensary,Kitui,Kitui Central,Dispensary,Ministry of Health,0,0,f,f,Operational,-1.366667,38.016667
11853,Tiwi Rhtc,Kwale,Matuga,Health Centre,Ministry of Health,14,3,f,f,Operational,-4.183333,39.45
14150,Tom Mboya Memorial Health Centre,Homa Bay,Mbita,Health Centre,Ministry of Health,7,0,f,f,Operational,-0.516667,34.45
18286,Tom Mboyaschool Cp Clinic,Mombasa,Mvita,Medical Clinic,Local Authority,0,0,f,f,Operational,-4.043477,39.668205
14151,Tombe Health Centre (Manga),Nyamira,Manga,Health Centre,Ministry of Health,4,0,f,f,Operational,-0.633333,34.933333
20837,Tombo Dispensary,Kakamega,Kakamega North (Malava),Dispensary,Ministry of Health,0,0,f,f,Pending Opening,0.284767,34.752308
14152,Tonga Health Centre,Homa Bay,Suba,Health Centre,Kenya Episcopal Conference-Catholic Secretariat,8,0,f,f,Operational,-0.516667,34.45
16152,Tongaren Health Centre,Bungoma,Bungoma North,Health Centre,Ministry of Health,20,0,f,f,Operational,0.566667,34.566667
15733,Toniok Dispensary,Baringo,Koibatek,Dispensary,Ministry of Health,0,0,f,f,Operational,0.466667,35.966667
16682,Tonymed Medical Clinic,Nakuru,Kuresoi,Medical Clinic,Private Practice - Nurse / Midwife,0,0,f,f,Operational,-0.303099,36.080026
17946,Top Hill Medical Centre,Mombasa,Kisauni,Medical Clinic,Private Practice - Nurse / Midwife,0,0,f,f,Operational,-4.043477,39.668205
18189,Topcare Nursing Home,Kajiado,Kajiado North,Nursing Home,Private Enterprise (Institution),10,10,f,f,Operational,-1.85,36.783333
21143,Topcare Subukia Medical Center,Nakuru,Subukia,Medical Clinic,Private Practice - Unspecified,12,0,f,f,Operational,-0.303099,36.080026
20832,Torah Medical Clinic,Kiambu,Kiambu,Medical Clinic,Private Practice - General Practitioner,0,0,f,f,Operational,-1.166667,36.833333
17022,Toretmoi Dispensary,Nandi,Nandi South,Dispensary,Ministry of Health,0,0,f,f,Operational,0.166667,35.133333
19612,Toric's Nursing Home,Homa Bay,Rachuonyo South,Nursing Home,Private Practice - Nurse / Midwife,15,0,f,f,Operational,-0.516667,34.45
15735,Torongo Health Centre,Baringo,Koibatek,Health Centre,Ministry of Health,9,0,f,f,Operational,0.466667,35.966667
15738,Tot Sub-District Hospital,Elgeyo Marakwet,Marakwet East,Sub-District Hospital,Ministry of Health,25,0,f,f,Operational,,
16403,Total Dispensary,Nakuru,Kuresoi,Dispensary,Ministry of Health,0,0,f,f,Operational,-0.303099,36.080026
20542,Toto Medicare,Kilifi,Kilifi South,Medical Clinic,Private Practice - Clinical Officer,1,0,f,f,Operational,-4.043477,39.668205
18356,Totoo Medical Clinic,Kajiado,Kajiado North,Medical Clinic,Private Practice - Nurse / Midwife,0,0,f,f,Operational,-1.85,36.783333
11855,Town Centre Medical Clinic,Kilifi,Malindi,Medical Clinic,Private Practice - Clinical Officer,0,0,f,f,Operational,-3.216667,40.116667
12804,Township Dispensary (Kitui),Kitui,Kitui Central,Dispensary,Ministry of Health,0,0,f,f,Operational,-1.366667,38.016667
18105,Transcon Wendo Medical Services,Kiambu,Ruiru,Medical Clinic,Company Medical Service,0,0,f,f,Operational,-1.286389,36.817223
15739,Transmara District Hospital,Narok,Trans Mara West - Dikirr,District Hospital,Ministry of Health,32,0,f,f,Operational,-1.083333,35.866667
11856,Travellers Medical Clinic,Mombasa,Changamwe,Medical Clinic,Private Enterprise (Institution),0,0,f,f,Operational,-4.043477,39.668205
20828,Trinity care centre,Kajiado,Kajiado North,Medical Centre,Private Practice - Unspecified,28,1,f,f,Operational,-1.85,36.783333
17237,Trinity Githiga (ACK) Dispensary,Murang'a,Kiharu,Dispensary,Christian Health Association of Kenya,0,0,f,f,Operational,-0.716667,37.15
11858,Trinity Medical Clinic (Kilindini),Mombasa,Changamwe,Medical Clinic,Private Enterprise (Institution),0,0,f,f,Operational,-4.043477,39.668205
20164,Trinity Mission Hospital,Uasin Gishu,Eldoret West,Other Hospital,Kenya Episcopal Conference-Catholic Secretariat,24,4,f,f,Operational,0.514277,35.269779
19444,Trocare Medical Clinic,Nairobi,Embakasi Central,Medical Clinic,Private Practice - General Practitioner,1,2,f,f,Operational,-1.286389,36.817223
19126,Tropical Medical Centre,Meru,Buuri,Medical Clinic,Private Practice - Nurse / Midwife,0,0,f,f,Operational,0.05,37.65
17767,Tropical Medical Clinic,Kajiado,Loitoktok,Medical Clinic,Private Practice - Clinical Officer,4,0,f,f,Operational,-1.85,36.783333
20645,Truecare Medical Clinic,Nyandarua,Kinangop,Medical Clinic,Private Practice - Clinical Officer,0,0,f,f,Operational,-0.183333,36.366667
11859,Tsangatsini Dispensary,Kilifi,Kaloleni,Dispensary,Ministry of Health,0,0,f,f,Operational,-3.633333,39.85
20993,Tsavo West Medical Clinic (Mtito Andei),Makueni,Kibwezi,Medical Clinic,Private Practice - Clinical Officer,0,0,f,f,Operational,-1.8,37.616667
12805,Tseikuru Sub-District Hospital,Kitui,Tseikuru,Sub-District Hospital,Ministry of Health,25,0,f,f,Operational,-1.366667,38.016667
20513,Tsunza Medical Centre,Kwale,Kinango,Dispensary,Community,0,0,f,f,Operational,-4.183333,39.45
11861,Tudor District Hospital (Mombasa),Mombasa,Mvita,Health Centre,Ministry of Health,14,0,f,f,Operational,-4.043477,39.668205
19069,Tudor Healthcare Services (Mikindani),Mombasa,Changamwe,Medical Clinic,Private Practice - Clinical Officer,0,0,f,f,Operational,-4.043477,39.668205
18016,Tudor Nursing Home,Mombasa,Mvita,Nursing Home,Private Practice - Unspecified,20,0,f,f,Operational,-4.043477,39.668205
16333,Tugumoi Dispensary,Elgeyo Marakwet,Keiyo South,Dispensary,Ministry of Health,0,0,f,f,Operational,0.514277,35.269779
15742,Tugumoi Dispensary,Baringo,Koibatek,Dispensary,Ministry of Health,0,0,f,f,Operational,0.466667,35.966667
16153,Tuikut Dispensary,Bungoma,Cheptais,Dispensary,Ministry of Health,0,0,f,f,Operational,0.566667,34.566667
15744,Tuiyobei Dispensary,Baringo,Baringo Central,Dispensary,Ministry of Health,0,0,f,f,Operational,0.466667,35.966667
17873,Tuiyoluk Dispensary,Uasin Gishu,Eldoret East,Dispensary,Ministry of Health,0,0,f,f,Operational,0.514277,35.269779
15745,Tuiyotich Dispensary,Nakuru,Njoro,Dispensary,Ministry of Health,0,0,f,f,Operational,-0.303099,36.080026
19046,Tulah Medical Services,Kajiado,Kajiado Central,Medical Clinic,Private Practice - General Practitioner,2,0,f,f,Operational,-1.85,36.783333
13447,Tulatula Dispensary,Wajir,Wajir West,Dispensary,Ministry of Health,0,0,f,f,Operational,1.75,40.066667
12806,Tulia Dispensary,Kitui,Kitui West,Dispensary,Ministry of Health,4,0,f,f,Operational,-1.366667,38.016667
12808,Tulimani Dispensary,Makueni,Mbooni West,Dispensary,Ministry of Health,2,2,f,f,Operational,-1.8,37.616667
15746,Tulwet Dispensary (Buret),Kericho,Bureti,Dispensary,Ministry of Health,0,0,f,f,Operational,-0.366667,35.283333
16393,Tulwet Dispensary (Kuresoi),Nakuru,Kuresoi,Dispensary,Ministry of Health,0,0,f,f,Operational,-0.303099,36.080026
20190,Tumaini Africa,Nairobi,Dagoretti South,VCT Centre (Stand-Alone),Non-Governmental Organizations,0,0,f,f,Operational,-1.286389,36.817223
19647,Tumaini Baraka Medical Clinic,Nyeri,Kieni West,Medical Clinic,Private Practice - Nurse / Midwife,0,0,f,f,Operational,-0.416667,36.95
18285,Tumaini Childrens Home Out Patient Clinic,Mombasa,Kisauni,Medical Clinic,Non-Governmental Organizations,0,0,f,f,Operational,-4.043477,39.668205
15748,Tumaini Clinic,Kajiado,Loitoktok,Medical Clinic,Private Practice - Clinical Officer,4,0,f,f,Operational,-1.85,36.783333
17371,Tumaini Clinic (Kiambu West),Kiambu,Kikuyu,Medical Clinic,Private Practice - Nurse / Midwife,0,0,f,f,Operational,-1.286389,36.817223
19092,Tumaini Clinic Voi,Taita Taveta,Voi,Medical Clinic,Ministry of Health,0,0,f,f,Operational,,
16511,Tumaini Clinic/Laboratory,Kirinyaga,Kirinyaga West,Laboratory (Stand-alone),Private Enterprise (Institution),0,0,f,f,Operational,-0.5,37.283333
20523,Tumaini DiCE Kisumu,Kisumu,Kisumu East,Health Programme,Non-Governmental Organizations,0,0,f,f,Operational,-0.10221,34.761711
17917,Tumaini Maternity and Nursing Home (Kibwezi),Makueni,Kibwezi,Nursing Home,Private Practice - Clinical Officer,15,0,f,f,Operational,-1.8,37.616667
21225,Tumaini Medical and Laboratory Centre,Kiambu,Kikuyu,Medical Clinic,Private Practice - Nurse / Midwife,0,0,f,f,Operational,-1.286389,36.817223
17385,Tumaini Medical Centre,Nairobi,Kibra,Medical Clinic,Private Practice - Clinical Officer,0,0,f,f,Operational,-1.286389,36.817223
19972,Tumaini Medical Centre-Komothai,Kiambu,Githunguri,Health Centre,Private Practice - Nurse / Midwife,10,2,f,f,Operational,-1.286389,36.817223
11863,Tumaini Medical Cl Dzitsoni,Kilifi,Kilifi North,Medical Clinic,Private Practice - Nurse / Midwife,0,0,f,f,Operational,-3.633333,39.85
18478,Tumaini Medical Clinic (Kabaa),Machakos,Mwala,Medical Clinic,Private Practice - Nurse / Midwife,2,2,f,f,Operational,-1.516667,37.266667
11864,Tumaini Medical Clinic (Kilindini),Mombasa,Changamwe,Medical Clinic,Private Enterprise (Institution),0,0,f,f,Operational,-4.043477,39.668205
12810,Tumaini Medical Clinic (Kitui),Kitui,Kitui Central,Medical Clinic,Private Enterprise (Institution),0,0,f,f,Operational,-1.366667,38.016667
16529,Tumaini Medical Clinic (Malindi),Kilifi,Malindi,Medical Clinic,Private Enterprise (Institution),0,0,f,f,Not-Operational,-3.216667,40.116667
16204,Tumaini Medical Clinic (Marsabit),Marsabit,Marsabit,Dispensary,Christian Health Association of Kenya,0,0,f,f,Operational,2.333333,37.983333
18704,Tumaini Medical Clinic (Meru),Meru,Imenti North,Medical Clinic,Private Practice - Clinical Officer,0,0,f,f,Operational,0.05,37.65
11118,Tumaini Medical Clinic (Nyandarua North),Nyandarua,Nyandarua Central,Medical Clinic,Private Practice - Nurse / Midwife,0,0,f,f,Operational,-0.183333,36.366667
19138,Tumaini Medical Clinic (Tezo),Kilifi,Kilifi North,Medical Clinic,Private Practice - Nurse / Midwife,0,0,f,f,Operational,-3.633333,39.85
17866,Tumaini Medical Clinic (Thika West),Kiambu,Thika West,Medical Clinic,Private Practice - Nurse / Midwife,0,0,f,f,Operational,-1.033333,37.066667
15749,Tumaini Medical Clinic (Turkana Central),Turkana,Turkana Central,Medical Clinic,Private Practice - Clinical Officer,0,0,f,f,Operational,3.116667,35.6
18710,Tumaini Medical Clinic (Yatta),Machakos,Yatta,Medical Clinic,Private Enterprise (Institution),1,0,f,f,Operational,-1.516667,37.266667
20966,Turkana County Beyond Zero Campaign Mobile Clinic,Turkana,Turkana Central,Medical Clinic,Ministry of Health,4,4,f,f,Operational,3.116667,35.6
15754,Turkwel Dispensary (Loima),Turkana,Loima,Dispensary,Ministry of Health,0,0,f,f,Operational,3.116667,35.6
15755,Turkwel Health Centre,West Pokot,West Pokot,Health Centre,Ministry of Health,0,0,f,f,Operational,1.233333,35.116667
21057,Turning Point Medical Clinic,Busia,Butula,Medical Clinic,Private Practice - Clinical Officer,0,0,f,f,Operational,0.46,34.11
11127,Turuturu Dispensary,Murang'a,Kigumo,Dispensary,Ministry of Health,0,0,f,f,Operational,-0.716667,37.15
11129,Tuthu Dispensary,Murang'a,Muranga West,Dispensary,Ministry of Health,0,0,f,f,Operational,-0.716667,37.15
18809,Tutini Dispensary,Makueni,Nzaui,Dispensary,Ministry of Health,0,0,f,f,Operational,-1.8,37.616667
15756,Tuturung Dispensary,Elgeyo Marakwet,Marakwet East,Dispensary,Ministry of Health,0,0,f,f,Operational,,
15757,Tuum Dispensary,Samburu,Samburu North,Dispensary,Ministry of Health,0,0,f,f,Operational,1.316667,36.983333
18109,Tuungane,Siaya,Bondo,VCT Centre (Stand-Alone),Non-Governmental Organizations,0,0,f,f,Operational,0.066667,34.283333
14154,Tuungane Youth Centre (Mbita),Homa Bay,Mbita,VCT Centre (Stand-Alone),Non-Governmental Organizations,0,0,f,f,Operational,-0.516667,34.45
17166,Tuungane Youth Transition Centre,Kisumu,Kisumu East,Dispensary,Non-Governmental Organizations,0,0,f,f,Not-Operational,-0.10221,34.761711
12817,Tuvaani Dispensary,Kitui,Mwingi East,Dispensary,Ministry of Health,0,0,f,f,Operational,-1.366667,38.016667
12818,Twimyua Dispensary,Kitui,Kyuso,Dispensary,Ministry of Health,0,0,f,f,Operational,-1.366667,38.016667
19133,Twins Bell,Meru,Buuri,Medical Clinic,Private Practice - Nurse / Midwife,0,0,f,f,Operational,0.05,37.65
12819,Tyaa Kamuthale Dispensary,Kitui,Kyuso,Health Centre,Ministry of Health,4,0,f,f,Operational,-1.366667,38.016667
19652,Tyaa Medical Clinic,Kitui,Mwingi Central,Medical Clinic,Private Practice - General Practitioner,0,0,f,f,Operational,-1.366667,38.016667
15758,Uasin Gishu District Hospital,Uasin Gishu,Eldoret East,District Hospital,Ministry of Health,8,0,f,f,Operational,0.514277,35.269779
21014,Uasingishu County Beyond Zero Mobile Clinic,Uasin Gishu,Eldoret East,Medical Clinic,Ministry of Health,0,0,f,f,Operational,0.514277,35.269779
20926,Ubuntu Afya Ninalakeside Clinic,Siaya,Bondo,Medical Clinic,Christian Health Association of Kenya,2,0,f,f,Operational,0.066667,34.283333
11130,Ucheru Community Health Centre,Kirinyaga,Kirinyaga Central,Health Centre,Ministry of Health,0,0,f,f,Operational,-0.5,37.283333
20350,Ufalme Medical Centre,Kajiado,Isinya,Medical Clinic,Private Practice - General Practitioner,0,0,f,f,Operational,-1.85,36.783333
14155,Ugina Health Centre,Homa Bay,Mbita,Health Centre,Ministry of Health,9,0,f,f,Operational,-0.516667,34.45
12820,Ugweri Disp,Embu,Embu East,Dispensary,Ministry of Health,0,0,f,f,Operational,-0.533333,37.45
17532,Uhembo Dispensary,Siaya,Siaya,Dispensary,Ministry of Health,0,0,f,f,Operational,0.066667,34.283333
13239,Uhuru Camp Dispensary (O P Admin Police),Nairobi,Langata,Dispensary,Armed Forces,0,0,f,f,Operational,-1.286389,36.817223
17404,Uhuru Presitige Health Care,Nairobi,Makadara,Medical Clinic,Private Practice - Nurse / Midwife,0,0,f,f,Operational,-1.286389,36.817223
14107,Uhuyi Dispensary,Siaya,Ugunja,Dispensary,Ministry of Health,0,0,f,f,Operational,0.066667,34.283333
12821,Ukasi Dispensary,Kitui,Mwingi East,Dispensary,Ministry of Health,0,0,f,f,Not-Operational,-1.366667,38.016667
18090,Ukasi Model Health Centre,Kitui,Mwingi East,Health Centre,Ministry of Health,24,24,f,f,Operational,-1.366667,38.016667
12822,Ukia Dispensary,Makueni,Makueni,Dispensary,Ministry of Health,2,0,f,f,Operational,-1.8,37.616667
11867,Ukunda Diani Catholic Dispensary,Kwale,Msambweni,Dispensary,Kenya Episcopal Conference-Catholic Secretariat,0,0,f,f,Operational,-4.183333,39.45
16552,Ukunda Medical Clinic,Kwale,Msambweni,Medical Clinic,Private Enterprise (Institution),6,0,f,f,Operational,-4.183333,39.45
16553,Ukunda Primary Health Care Dispensary,Kwale,Msambweni,Medical Clinic,Private Enterprise (Institution),0,0,f,f,Operational,-4.183333,39.45
18215,Ukuu MCK Dispensary,Meru,Imenti South,Dispensary,Christian Health Association of Kenya,0,0,f,f,Operational,0.05,37.65
14156,Ukwala Sub County Hospital,Siaya,Ugenya,District Hospital,Ministry of Health,0,0,f,f,Operational,0.066667,34.283333
11131,Ukweli Medical Clinic,Nyandarua,Nyandarua West,Medical Clinic,Private Practice - Nurse / Midwife,0,0,f,f,Operational,-0.183333,36.366667
14157,Ulanda Dispensary,Migori,Awendo,Dispensary,Kenya Episcopal Conference-Catholic Secretariat,30,0,f,f,Operational,-1.066667,34.466667
11132,Ultra Sound & X-Ray Clinic,Kirinyaga,Kirinyaga Central,Radiology Unit,Private Enterprise (Institution),0,0,f,f,Operational,-0.5,37.283333
13799,Uluthe Dispensary,Siaya,Ugunja,Dispensary,Ministry of Health,0,0,f,f,Operational,0.066667,34.283333
16791,Umala Dispensary,Siaya,Siaya,Dispensary,Ministry of Health,0,0,f,f,Operational,0.066667,34.283333
20398,Umbrella Health Clinic,Kisumu,Nyando,Medical Clinic,Private Enterprise (Institution),0,0,f,f,Operational,-0.10221,34.761711
17530,Umer Dispensary,Siaya,Ugenya,Dispensary,Ministry of Health,0,0,f,f,Operational,0.066667,34.283333
13240,Umoja Health Centre,Nairobi,Embakasi West,Health Centre,Local Authority,0,0,f,f,Operational,-1.286389,36.817223
20187,Umoja III Medical Centre(Njiru),Nairobi,Embakasi West,Medical Clinic,Private Practice - Clinical Officer,0,0,f,f,Operational,-1.286389,36.817223
18727,Umoja Medical Clinic (Imenti North),Meru,Imenti North,Medical Clinic,Private Practice - Clinical Officer,0,0,f,f,Operational,0.05,37.65
19627,Umoja Medical Clinic- Bombolulu,Mombasa,Kisauni,Medical Clinic,Private Practice - Clinical Officer,0,0,f,f,Operational,-4.043477,39.668205
12823,Ung'atu Dispensary,Kitui,Kisasi,Dispensary,Ministry of Health,0,0,f,f,Operational,-1.366667,38.016667
15761,Unilever Central Hospital,Kericho,Kericho,Other Hospital,Private Enterprise (Institution),12,4,f,f,Operational,-0.366667,35.283333
16181,Union Medical Dispensary,Kilifi,Rabai,Dispensary,Other Faith Based,0,0,f,f,Operational,-3.633333,39.85
18036,Unique Medical Clinic (Moyale),Marsabit,Moyale,Medical Clinic,Private Practice - Nurse / Midwife,0,0,f,f,Operational,2.333333,37.983333
17032,Unison Medical Clinic,Laikipia,Laikipia West,Medical Clinic,Private Practice - Clinical Officer,2,0,f,f,Operational,-0.303099,36.080026
19399,Unity Health Care,Nairobi,Roysambu,Medical Clinic,Private Practice - General Practitioner,0,0,f,f,Operational,-1.286389,36.817223
21194,Unity Medical Clinic,Kiambu,Ruiru,Medical Clinic,Private Practice - Nurse / Midwife,0,0,f,f,Operational,-1.286389,36.817223
18334,Unity Nursing Home,Nairobi,Embakasi West,Nursing Home,Private Practice - General Practitioner,7,0,f,f,Operational,-1.286389,36.817223
18907,Universal M Clinic,Meru,Meru Central,Medical Clinic,Private Practice - General Practitioner,0,0,f,f,Operational,0.05,37.65
12824,Universal Medical Clinic,Embu,Embu East,Medical Clinic,Private Enterprise (Institution),0,0,f,f,Operational,-0.533333,37.45
19710,Universal Medical Clinic (Nyeri North),Nyeri,Kieni East,Medical Clinic,Private Practice - Nurse / Midwife,0,0,f,f,Operational,-0.416667,36.95
19292,Universal Medical Clinic (Samburu),Samburu,Samburu Central,Medical Clinic,Private Practice - Nurse / Midwife,0,0,f,f,Pending Opening,1.316667,36.983333
20098,University of Nairobi Institute of Tropical and Infections Disease (UNITID),Nairobi,Kibra,Training Institution in Health (Stand-alone),Parastatal,0,0,f,f,Operational,-1.286389,36.817223
20448,University Of Nairobi Kitui Drop In Centre,Kitui,Kitui Central,Medical Clinic,Other Public Institution,0,0,f,f,Operational,-1.286389,36.817223
21144,University of Nairobi MARPS Project,Machakos,Machakos,Medical Clinic,Academic (if registered),0,0,f,f,Operational,-1.286389,36.817223
18518,University of Nairobi Marps Project Clinic,Nyeri,Nyeri Central,Medical Clinic,Other Public Institution,0,0,f,f,Operational,-1.286389,36.817223
21117,University of Nairobi MARPS Project Embu DICE,Embu,Manyatta,Health Project,Ministry of Health,0,0,f,f,Operational,-0.533333,37.45
20203,University of Nairobi Marps Project Mwingi,Kitui,Mwingi Central,Medical Clinic,State Coorporation,0,0,f,f,Operational,-1.366667,38.016667
18427,University of Nairobi Staff Students Clinic,Mombasa,Mvita,Medical Clinic,Parastatal,0,0,f,f,Operational,-4.043477,39.668205
11136,Unjiru Health Centre,Nyeri,Tetu,Health Centre,Ministry of Health,7,0,f,f,Operational,-0.416667,36.95
19285,Unmet Health Foundation,Nairobi,Ruaraka,Medical Clinic,Private Practice - General Practitioner,0,0,f,f,Operational,-1.286389,36.817223
18345,Uon Thika Drop In Centre Ii (Chivpr),Kiambu,Thika West,Medical Clinic,Private Enterprise (Institution),0,0,f,f,Operational,-1.286389,36.817223
17243,Upec Chebaiywa Dispensary,Uasin Gishu,Eldoret West,Dispensary,Other Faith Based,0,0,f,f,Operational,0.516667,35.283333
18726,Upendo Clinic,Meru,Imenti North,Medical Clinic,Private Practice - Unspecified,0,0,f,f,Operational,0.05,37.65
19476,Upendo Clinic Makadara,Nairobi,Makadara,Medical Clinic,Private Practice - Nurse / Midwife,0,0,f,f,Operational,-1.286389,36.817223
11870,Upendo Health Care Clinic,Kilifi,Malindi,Medical Clinic,Private Enterprise (Institution),0,0,f,f,Operational,-3.216667,40.116667
19375,Upendo Medical Centre (Githurai 44),Nairobi,Roysambu,Medical Clinic,Private Practice - General Practitioner,0,0,f,f,Operational,-1.286389,36.817223
19367,Upendo Medical Clinic,Kakamega,Khwisero,Medical Clinic,Private Practice - Nurse / Midwife,0,0,f,f,Operational,0.284767,34.752308
12826,Upendo Medical Clinic (Kitui),Kitui,Kitui West,Medical Clinic,Private Enterprise (Institution),0,0,f,f,Operational,-1.366667,38.016667
11138,Uplands Forest Dispensary,Kiambu,Lari,Dispensary,Ministry of Health,0,0,f,f,Operational,-1.166667,36.833333
15763,Upper Solai Health Centre,Nakuru,Subukia,Health Centre,Ministry of Health,6,4,f,f,Operational,-0.303099,36.080026
17183,Uradi Health Centre,Siaya,Siaya,Health Centre,Kenya Episcopal Conference-Catholic Secretariat,18,6,f,f,Operational,0.066667,34.283333
18142,Urafiki Medical Clinic,Kajiado,Isinya,Dispensary,Private Enterprise (Institution),0,0,f,f,Operational,-1.85,36.783333
12828,Uran Health Centre,Marsabit,Sololo,Health Centre,Ministry of Health,0,0,f,f,Operational,2.333333,37.983333
12829,Uringu Health Centre,Meru,Tigania West,Health Centre,Ministry of Health,12,2,f,f,Operational,0.05,37.65
14161,Uriri Health Centre,Migori,Uriri,Health Centre,Ministry of Health,0,0,f,f,Operational,-1.066667,34.466667
11139,Uruku Dispensary,Nyandarua,Nyandarua North,Dispensary,Ministry of Health,0,0,f,f,Operational,-0.183333,36.366667
12830,Uruku GK Dispensary,Meru,Imenti South,Dispensary,Ministry of Health,0,0,f,f,Operational,0.05,37.65
12831,Uruku Health Centre,Meru,Imenti South,Health Centre,Ministry of Health,0,0,f,f,Operational,0.05,37.65
14162,Usao Health Centre,Homa Bay,Mbita,Health Centre,Ministry of Health,2,0,f,f,Operational,-0.516667,34.45
18949,Ushirika Medical Clinic Maara,Tharaka Nithi,Maara,Medical Clinic,Private Enterprise (Institution),0,0,f,f,Operational,,
18364,Usiani Dispensary,Kitui,Kitui West,Dispensary,Ministry of Health,0,0,f,f,Operational,-1.366667,38.016667
16664,Usoma Dispensary,Kisumu,Kisumu West,Dispensary,Local Authority,2,0,f,f,Operational,-0.10221,34.761711
12832,Usueni Dispensary,Kitui,Tseikuru,Dispensary,Ministry of Health,0,0,f,f,Operational,-1.366667,38.016667
11873,Utange Dispensary,Mombasa,Kisauni,Dispensary,Local Authority,0,0,f,f,Operational,-4.043477,39.668205
17838,Utangwa Dispensary,Makueni,Mbooni West,Dispensary,Ministry of Health,0,0,f,f,Operational,-1.8,37.616667
13448,Utawala Dispensary,Garissa,Garissa,Dispensary,Other Public Institution,0,0,f,f,Operational,-0.456944,39.658333
18464,Utawala Estate Health Centre,Nairobi,Embakasi East,Health Centre,Private Practice - Clinical Officer,10,3,f,f,Operational,-1.286389,36.817223
11141,Uthiru Dispensary,Kiambu,Kikuyu,Dispensary,Ministry of Health,0,0,f,f,Operational,-1.166667,36.833333
18628,Uthiru Muthua Dispensary,Nairobi,Dagoretti South,Dispensary,Ministry of Health,0,0,f,f,Operational,-1.286389,36.817223
19796,Utugi (Olk) Medical Clinic,Nyandarua,Nyandarua Central,Medical Clinic,Private Practice - Clinical Officer,0,0,f,f,Operational,-0.183333,36.366667
18193,Utugi Medical Clinic Kitengela,Kajiado,Kajiado North,Medical Clinic,Private Practice - Nurse / Midwife,0,0,f,f,Pending Opening,-1.286389,36.817223
20110,Utuneni Dispensary,Makueni,Mbooni East,Dispensary,Ministry of Health,4,2,f,f,Operational,-1.8,37.616667
20338,Uturini Community Dispensary,Tharaka Nithi,Tharaka South,Dispensary,Ministry of Health,0,0,f,f,Operational,,
17441,Uvete Dispensary,Makueni,Mukaa,Dispensary,Ministry of Health,0,0,f,f,Operational,-1.8,37.616667
17845,Uviluni Dispensary,Makueni,Mbooni East,Dispensary,Ministry of Health,4,0,f,f,Operational,-1.8,37.616667
13846,Uzima Clinic,Siaya,Ugunja,Medical Clinic,Private Practice - General Practitioner,0,0,f,f,Operational,0.066667,34.283333
19614,Uzima Medical Cliinic,Kiambu,Gatundu,Medical Clinic,Private Practice - Nurse / Midwife,0,0,f,f,Operational,-1.166667,36.833333
17436,Uzima Medical Clinic,Laikipia,Nyahururu,Medical Clinic,Private Practice - Clinical Officer,0,0,f,f,Operational,0.366667,37.033333
19159,Uzima Medical Clinic (Chuka),Tharaka Nithi,Meru South,Medical Clinic,Private Practice - Nurse / Midwife,0,0,f,f,Operational,,
17565,Uzima Medical Clinic (Githamba),Nyandarua,Kinangop,Medical Clinic,Private Practice - Nurse / Midwife,0,0,f,f,Operational,-0.183333,36.366667
12835,Uzima Medical Clinic (Imenti South),Meru,Imenti South,Medical Clinic,Private Enterprise (Institution),0,0,f,f,Operational,0.05,37.65
11878,Uzima Medical Clinic (Malindi),Kilifi,Malindi,Medical Clinic,Private Practice - Nurse / Midwife,0,0,f,f,Pending Opening,-3.216667,40.116667
19140,Uzima Medical Clinic (Meru),Meru,Imenti North,Medical Clinic,Private Practice - Clinical Officer,0,0,f,f,Operational,0.05,37.65
18243,Uzima Medical Clinic (Nandi Central),Nandi,Nandi Central,Medical Clinic,Private Practice - Nurse / Midwife,0,0,f,f,Operational,0.166667,35.133333
18635,Uzima Medical Services,Meru,Imenti North,Medical Clinic,Private Practice - Unspecified,0,0,f,f,Operational,0.05,37.65
18621,Uzima Medicare Clinic,Meru,Igembe South,Medical Clinic,Private Practice - Nurse / Midwife,0,0,f,f,Operational,0.05,37.65
17546,Van Den Berg Clinic,Nakuru,Naivasha,Medical Clinic,Company Medical Service,0,0,f,f,Operational,-0.303099,36.080026
11879,Vanga Health Centre,Kwale,Msambweni,Health Centre,Ministry of Health,10,0,f,f,Operational,-4.183333,39.45
18747,Vegpro Delamere Pivot Medical Clinic (Naivasha),Nakuru,Naivasha,Medical Clinic,Company Medical Service,0,0,f,f,Operational,-0.303099,36.080026
18202,Vegpro In House Clinic,Nairobi,Embakasi East,Medical Clinic,Company Medical Service,2,0,f,f,Operational,-1.286389,36.817223
17887,Venoma Medical Clinic,Kilifi,Malindi,Medical Clinic,Private Practice - Nurse / Midwife,0,0,f,f,Operational,-3.216667,40.116667
14167,Viagenco Medical Centre,Homa Bay,Mbita,Medical Centre,Non-Governmental Organizations,6,0,f,f,Operational,-0.516667,34.45
18619,Vichabem Medical Clinic,Meru,Igembe South,Medical Clinic,Private Enterprise (Institution),0,0,f,f,Operational,0.05,37.65
18141,Vicodec Medical Clinic,Kajiado,Kajiado North,Medical Clinic,Private Practice - General Practitioner,0,0,f,f,Operational,-1.85,36.783333
16262,Victoria Clinic,Migori,Kuria West,Medical Clinic,Private Enterprise (Institution),1,0,f,f,Operational,-1.066667,34.466667
18136,Victoria Medical Centre,Makueni,Makueni,Medical Clinic,Private Practice - Clinical Officer,0,0,f,f,Operational,-1.8,37.616667
18108,Victoria Medical Clinic,Bungoma,Bungoma South,Medical Clinic,Private Practice - Nurse / Midwife,2,0,f,f,Operational,0.566667,34.566667
17376,Victoria Sub District Hospital,Kisumu,Kisumu East,Sub-District Hospital,Ministry of Health,25,2,f,f,Operational,-0.10221,34.761711
16156,Victorious Living Ministries (Vlm) Dispensary,Bungoma,Bungoma South,Dispensary,Other Faith Based,6,4,f,f,Not-Operational,0.566667,34.566667
19911,Victory &Hope Medical Clinic Services,Machakos,Machakos,Medical Clinic,Ministry of Health,1,1,f,f,Operational,-1.286389,36.817223
17491,Victory Revival Medical Clinic,Kiambu,Ruiru,Medical Clinic,Private Practice - General Practitioner,0,0,f,f,Operational,-1.286389,36.817223
19667,Viebe MC,Trans Nzoia,Trans Nzoia West,Medical Clinic,Private Practice - Clinical Officer,0,0,f,f,Operational,1.016667,34.983333
20157,Vigarace Health services,Kajiado,Kajiado Central,Medical Clinic,Private Practice - Medical Specialist,0,0,f,f,Operational,-1.516667,37.266667
20692,Vigetse Women Group Medical Clinic,Vihiga,Vihiga,Dispensary,Private Practice - Nurse / Midwife,0,0,f,f,Operational,0.083333,34.716667
19086,Vigombonyi SDA Clinic,Taita Taveta,Wundanyi,Medical Clinic,Christian Health Association of Kenya,0,0,f,f,Pending Opening,,
11880,Vigurungani Dispensary,Kwale,Kinango,Dispensary,Ministry of Health,0,0,f,f,Operational,-4.183333,39.45
16157,Vihiga District Hosptial,Vihiga,Vihiga,District Hospital,Ministry of Health,160,10,f,f,Operational,0.083333,34.716667
16158,Vihiga Health Centre,Vihiga,Vihiga,Health Centre,Ministry of Health,10,1,f,f,Operational,0.083333,34.716667
20160,Vijana Against Aids and drug Abuse (juja),Kiambu,Thika West,VCT Centre (Stand-Alone),Private Practice - Clinical Officer,0,0,f,f,Operational,-1.286389,36.817223
20174,Vikunga Dispensary,Kakamega,Kakamega East (Shinyalu),Dispensary,Ministry of Health,2,2,f,f,Operational,0.284767,34.752308
16545,Vikwatani Community Medical Clinic,Mombasa,Kisauni,Medical Clinic,Private Practice - Nurse / Midwife,0,0,f,f,Operational,-4.043477,39.668205
18657,Village Hope Core International,Tharaka Nithi,Maara,Medical Clinic,Non-Governmental Organizations,0,0,f,f,Operational,,
15765,Vinet Medical Clinic,Nakuru,Gilgil,Medical Clinic,Private Practice - Nurse / Midwife,0,0,f,f,Operational,-0.303099,36.080026
18741,Vipawa Medical Services,Nairobi,Kibra,Medical Clinic,Private Practice - Clinical Officer,0,0,f,f,Operational,-1.286389,36.817223
11881,Vipingo Rural Demonstration Health Centre,Kilifi,Kilifi South,Health Centre,Ministry of Health,17,0,f,f,Operational,-3.633333,39.85
17915,Vumilia Medical Clinic,Makueni,Kibwezi,Medical Clinic,Private Practice - Clinical Officer,0,0,f,f,Operational,-1.8,37.616667
11887,Vyongwani Dispensary,Kwale,Matuga,Dispensary,Ministry of Health,0,0,f,f,Operational,-4.183333,39.45
18967,Wa Tonny Clinic,Murang'a,Muranga South,Medical Clinic,Private Practice - Nurse / Midwife,0,0,f,f,Operational,-0.716667,37.15
11888,Waa Health Centre,Kwale,Matuga,Health Centre,Ministry of Health,0,0,f,f,Operational,-4.183333,39.45
12838,Wachoro Dispensary,Embu,Mbeere South,Dispensary,Ministry of Health,0,0,f,f,Operational,-0.533333,37.45
16808,Wachoro Medical Clinic,Nyandarua,Nyandarua Central,Medical Clinic,Private Practice - Nurse / Midwife,0,0,f,f,Operational,-0.183333,36.366667
16792,Wagai Dispensary,Siaya,Gem,Dispensary,Ministry of Health,0,0,f,f,Operational,0.066667,34.283333
13449,Wagalla Health Centre,Wajir,Wajir West,Health Centre,Ministry of Health,0,0,f,f,Operational,1.75,40.066667
17820,Wagalla Health Centre,Wajir,Wajir West,Health Centre,Ministry of Health,0,0,f,f,Operational,1.75,40.066667
13450,Wagberi Dispensary,Wajir,Wajir East,Dispensary,Ministry of Health,0,0,f,f,Operational,1.75,40.066667
17438,Wagoro Dispensary (Rarieda),Siaya,Rarieda,Dispensary,Ministry of Health,0,0,f,f,Operational,0.066667,34.283333
14168,Wagwe Health Centre,Homa Bay,Rachuonyo North,Health Centre,Ministry of Health,30,0,f,f,Operational,-0.516667,34.45
11152,Wahundura Dispensary,Murang'a,Mathioya,Dispensary,Ministry of Health,0,0,f,f,Operational,-0.716667,37.15
17841,Waia Dispensary,Makueni,Mbooni East,Dispensary,Ministry of Health,4,0,f,f,Operational,-1.8,37.616667
11155,Wairungu Clinic,Murang'a,Gatanga,Medical Clinic,Private Enterprise (Institution),0,0,f,f,Operational,-1.033333,37.066667
12839,Waita Health Centre,Kitui,Mwingi Central,Health Centre,Ministry of Health,6,0,f,f,Operational,-1.366667,38.016667
13249,Waithaka Health Centre,Nairobi,Dagoretti South,Health Centre,Local Authority,10,0,f,f,Operational,-1.286389,36.817223
13451,Wajir Bor Health Centre,Wajir,Wajir East,Health Centre,Ministry of Health,0,0,f,f,Operational,1.75,40.066667
13452,Wajir County Referral Hospital,Wajir,Wajir East,District Hospital,Ministry of Health,120,10,f,f,Operational,1.75,40.066667
19181,Wajir Medical City Clinic,Wajir,Wajir East,Medical Clinic,Private Practice - Clinical Officer,0,0,f,f,Operational,1.75,40.066667
18651,Wajir Tb Manyatta Sub - District Hospital,Wajir,Wajir East,Sub-District Hospital,Ministry of Health,84,0,f,f,Operational,1.75,40.066667
11156,Waka Maternity Home,Nyeri,Nyeri Central,Maternity Home,Private Enterprise (Institution),12,0,f,f,Operational,-0.416667,36.95
11158,Wakamata Dispensary,Nyeri,Mathira West,Dispensary,Ministry of Health,0,0,f,f,Operational,-0.416667,36.95
17045,Wakor Dispensary,West Pokot,Pokot Central,Dispensary,Ministry of Health,0,0,f,f,Operational,1.233333,35.116667
14169,Wakula Health Centre,Homa Bay,Mbita,Health Centre,Ministry of Health,3,0,f,f,Operational,-0.516667,34.45
12840,Walda Health Centre,Marsabit,Sololo,Health Centre,Ministry of Health,0,0,f,f,Operational,2.333333,37.983333
17923,Walking With Maasai Community Health Clinic (Olort,Narok,Narok South,Medical Clinic,Non-Governmental Organizations,0,0,f,f,Operational,-1.083333,35.866667
18164,Walmer Eye Clinic,Kakamega,Khwisero,Medical Clinic,Private Practice - General Practitioner,13,4,f,f,Operational,0.284767,34.752308
19943,Waluku Dispensary,Kitui,Kitui Central,Dispensary,Ministry of Health,0,0,f,f,Operational,-1.366667,38.016667
11161,Wamagana Health Centre,Nyeri,Tetu,Health Centre,Ministry of Health,3,0,f,f,Operational,-0.416667,36.95
11162,Wamagana Medical Clinic,Nyeri,Tetu,Medical Clinic,Private Practice - Nurse / Midwife,0,0,f,f,Not-Operational,-0.416667,36.95
15768,Wamba Health Centre,Samburu,Samburu East,Health Centre,Ministry of Health,20,6,f,f,Operational,1.316667,36.983333
18229,Wamboo Dispensary,Machakos,Masinga,Dispensary,Ministry of Health,0,1,f,f,Operational,-1.516667,37.266667
11164,Wamumu Dispensary,Kirinyaga,Kirinyaga North,Dispensary,Ministry of Health,0,0,f,f,Operational,-0.5,37.283333
13251,Wamunga Health Clinic,Nairobi,Embakasi North,Medical Clinic,Private Enterprise (Institution),0,0,f,f,Operational,-1.286389,36.817223
12841,Wamunyu Health Centre,Machakos,Mwala,Health Centre,Ministry of Health,4,2,f,f,Operational,-1.516667,37.266667
19692,Wanainchi Medical Clinic,Trans Nzoia,Trans Nzoia West,Medical Clinic,Private Practice - Clinical Officer,0,0,f,f,Operational,1.016667,34.983333
20082,Wananchi Clinic Githunguri- Kiambu,Kiambu,Githunguri,Medical Clinic,Private Practice - Nurse / Midwife,0,0,f,f,Operational,-1.166667,36.833333
16641,Wananchi Health Services,Meru,Imenti North,Medical Clinic,Private Enterprise (Institution),0,0,f,f,Operational,0.05,37.65
11166,Wananchi Medical Centre,Kirinyaga,Kirinyaga Central,Medical Clinic,Private Practice - General Practitioner,0,0,f,f,Operational,-0.5,37.283333
17414,Wananchi Medical Clinic,Uasin Gishu,Wareng,Medical Clinic,Private Enterprise (Institution),0,0,f,f,Operational,0.514277,35.269779
18117,Wananchi Medical Clinic (Mwingi),Kitui,Mwingi Central,Medical Clinic,Private Practice - Clinical Officer,0,0,f,f,Operational,-1.366667,38.016667
20101,Wananchi Medical Clinic (Nyambari),Kiambu,Lari,Medical Clinic,Non-Governmental Organizations,0,0,f,f,Operational,-1.166667,36.833333
19789,Wananchi Medical Clinic (Nyandarua),Nyandarua,Kinangop,Medical Clinic,Private Practice - Nurse / Midwife,0,0,f,f,Operational,-0.183333,36.366667
18933,Wananchi Medical Clinic Maara,Tharaka Nithi,Maara,Medical Clinic,Private Practice - Nurse / Midwife,0,0,f,f,Operational,,
11167,Wandumbi Dispensary,Nyeri,Tetu,Dispensary,Ministry of Health,0,0,f,f,Operational,-0.416667,36.95
20252,Wanemed Medical Clinic,Kiambu,Kikuyu,Medical Clinic,Private Practice - General Practitioner,0,0,f,f,Operational,-1.166667,36.833333
18283,Wanganga Health Centre,Kisumu,Nyando,Health Centre,Ministry of Health,1,0,f,f,Operational,-0.10221,34.761711
20678,Wang'any Dispensary,Kakamega,Mumias,Dispensary,Ministry of Health,0,0,f,f,Operational,0.284767,34.752308
11170,Wangige Health Centre,Kiambu,Kikuyu,Health Centre,Ministry of Health,10,0,f,f,Operational,-1.166667,36.833333
20074,Wangiya Dispensary,Migori,Uriri,Dispensary,Ministry of Health,2,2,f,f,Operational,-1.066667,34.466667
15772,Wangu Maternity Home,Nakuru,Naivasha,Maternity Home,Private Practice - Nurse / Midwife,13,13,f,f,Operational,-0.303099,36.080026
11172,Wanjerere Dispensary,Murang'a,Muranga West,Dispensary,Ministry of Health,0,0,f,f,Operational,-0.716667,37.15
11173,Wanjohi Health Centre,Nyandarua,Kipipiri,Health Centre,Ministry of Health,6,0,f,f,Operational,-0.183333,36.366667
20387,Wankam Medical clinic,Kiambu,Ruiru,Medical Clinic,Private Practice - Clinical Officer,0,0,f,f,Operational,-1.166667,36.833333
12842,Wanzoa Dispensary,Kitui,Kitui Central,Dispensary,Ministry of Health,0,0,f,f,Operational,-1.366667,38.016667
21278,Wapate initiative centre,Kiambu,Thika West,VCT Centre (Stand-Alone),Community,0,0,f,f,Operational,-1.166667,36.833333
20427,Wara,Wajir,Wajir West,Dispensary,Ministry of Health,2,0,f,f,Operational,1.75,40.066667
16813,Warankara Health Centre,Mandera,Lafey,Health Centre,Ministry of Health,10,0,f,f,Not-Operational,3.933333,41.866667
19711,Warazo Jet Catholic Dispensary,Nyeri,Kieni East,Dispensary,Kenya Episcopal Conference-Catholic Secretariat,0,0,f,f,Operational,-0.416667,36.95
11175,Warazo Medical Clinic (Ruiru),Kiambu,Ruiru,Medical Clinic,Private Practice - Nurse / Midwife,3,0,f,f,Operational,-1.286389,36.817223
11177,Warui Medical Clinic,Nyeri,Nyeri Central,Medical Clinic,Private Practice - Clinical Officer,0,0,f,f,Operational,-0.416667,36.95
17031,Wasammy Medical Clinic,Nakuru,Subukia,Medical Clinic,Private Practice - Nurse / Midwife,2,0,f,f,Operational,-0.303099,36.080026
17096,Waseges Dispensary,Baringo,Mogotio,Dispensary,Ministry of Health,0,0,f,f,Operational,-0.303099,36.080026
11892,Wasini Dispensary,Kwale,Msambweni,Dispensary,Ministry of Health,0,0,f,f,Operational,-4.183333,39.45
17774,Waso AIPCA Dispensary (Isiolo),Isiolo,Isiolo,Dispensary,Christian Health Association of Kenya,0,0,f,f,Operational,0.35,37.583333
16953,Waso Rongai Dispensary,Samburu,Samburu North,Dispensary,Ministry of Health,0,0,f,f,Operational,1.316667,36.983333
11893,Watamu (SDA) Dispensary,Kilifi,Malindi,Dispensary,Christian Health Association of Kenya,0,0,f,f,Operational,-3.633333,39.85
11894,Watamu Community Health Care,Kilifi,Kilifi North,Medical Clinic,Private Practice - Nurse / Midwife,0,0,f,f,Operational,-3.633333,39.85
11895,Watamu Dispensary,Kilifi,Kilifi North,Dispensary,Ministry of Health,0,0,f,f,Operational,-3.216667,40.116667
11896,Watamu Maternity and Nursing Home,Kilifi,Kilifi North,Nursing Home,Private Practice - Nurse / Midwife,6,0,f,f,Operational,-3.633333,39.85
18012,Watanu SDA Dispensary,Kilifi,Kilifi North,Dispensary,Other Faith Based,0,0,f,f,Operational,-3.216667,40.116667
14171,Waware Dispensary,Homa Bay,Mbita,Dispensary,Ministry of Health,1,0,f,f,Operational,-0.516667,34.45
17667,Waye Godha Dispensary,Marsabit,Sololo,Dispensary,Ministry of Health,0,0,f,f,Operational,2.333333,37.983333
15775,Wayside Clinic,Nakuru,Naivasha,Medical Clinic,Private Practice - Nurse / Midwife,3,0,f,f,Operational,-0.303099,36.080026
19284,Wayside Medical & Dental Clinic,Nairobi,Roysambu,Medical Clinic,Private Practice - General Practitioner,0,0,f,f,Operational,-1.286389,36.817223
17080,Wayu Boru,Tana River,Galole,Dispensary,Ministry of Health,0,0,f,f,Operational,-1.5,40.033333
16160,Webuye Health Centre,Bungoma,Bungoma East,Health Centre,Ministry of Health,0,0,f,f,Operational,0.566667,34.566667
16161,Webuye Hospital,Bungoma,Bungoma East,District Hospital,Ministry of Health,0,0,f,f,Operational,0.566667,34.566667
15776,Wei Dispensary,Nakuru,Subukia,Dispensary,Ministry of Health,3,0,f,f,Operational,-0.303099,36.080026
20100,Wekoye Medical Clinic,Vihiga,Emuhaya,Medical Clinic,Private Practice - Nurse / Midwife,0,0,f,f,Operational,0.083333,34.716667
16780,Welfare Medical Clinic,Nyeri,Nyeri South,Medical Clinic,Private Practice - Nurse / Midwife,0,0,f,f,Operational,-0.416667,36.95
11181,Wellness Medical Clinic,Laikipia,Nyahururu,Medical Clinic,Private Practice - Clinical Officer,0,0,f,f,Operational,0.366667,37.033333
11901,Wema Catholic Dispensary,Tana River,Tana Delta,Dispensary,Other Faith Based,0,0,f,f,Operational,-1.5,40.033333
20571,Wema Centre Medical Laboratory,Bungoma,Bungoma South,Laboratory (Stand-alone),Private Practice - Unspecified,0,0,f,f,Operational,0.566667,34.566667
13255,Wema CFW Clinic,Nairobi,Langata,Medical Clinic,Non-Governmental Organizations,2,0,f,f,Operational,-1.286389,36.817223
17394,Wema Medical Clinic,Nairobi,Kibra,Maternity Home,Private Practice - Nurse / Midwife,8,0,f,f,Operational,-1.286389,36.817223
19036,Wema Medical Clinic B,Nairobi,Kibra,Medical Clinic,Private Practice - Nurse / Midwife,0,0,f,f,Operational,-1.286389,36.817223
18383,Wema Medical Clinic-Mshomoroni,Mombasa,Kisauni,Medical Clinic,Private Practice - Nurse / Midwife,0,0,f,f,Operational,-4.043477,39.668205
19997,Wema Private Clinic,Tana River,Tana Delta,Medical Clinic,Private Practice - Nurse / Midwife,0,0,f,f,Operational,-1.5,40.033333
18234,Wendani Medical Services,Kiambu,Ruiru,Medical Clinic,Private Practice - Nurse / Midwife,3,0,f,f,Operational,-1.286389,36.817223
12845,Weru Dispensary,Tharaka Nithi,Meru South,Dispensary,Christian Health Association of Kenya,0,0,f,f,Operational,,
11183,Weru Health Centre (Nyandarua South),Nyandarua,Nyandarua South,Health Centre,Ministry of Health,0,0,f,f,Operational,-0.183333,36.366667
11904,Werugha Health Centre,Taita Taveta,Wundanyi,Health Centre,Ministry of Health,0,0,f,f,Operational,,
15778,Wesley Health Centre,Nakuru,Nakuru North,Health Centre,Other Faith Based,0,0,f,f,Operational,-0.303099,36.080026
15780,West Gate Dispensary,Samburu,Samburu East,Dispensary,Ministry of Health,4,0,f,f,Operational,1.316667,36.983333
15779,West Health Centre,Uasin Gishu,Eldoret West,Health Centre,Ministry of Health,30,0,f,f,Operational,0.514277,35.269779
20027,Westgates Medical Centre,Meru,Imenti North,Medical Clinic,Private Practice - Clinical Officer,0,0,f,f,Operational,0.05,37.65
11905,Westlands Health Care Services,Mombasa,Changamwe,Health Centre,Private Enterprise (Institution),6,0,f,f,Operational,-4.043477,39.668205
13258,Westlands Health Centre,Nairobi,Westlands,Health Centre,Local Authority,20,0,f,f,Operational,-1.286389,36.817223
18455,Westwood Medical Centre,Kajiado,Kajiado North,Medical Clinic,Private Practice - Clinical Officer,0,0,f,f,Operational,-1.286389,36.817223
11906,Wesu District Hospital,Taita Taveta,Wundanyi,District Hospital,Ministry of Health,60,0,f,f,Operational,,
20495,Weyeta clinic,Bungoma,Bungoma Central,Medical Clinic,Private Practice - Nurse / Midwife,0,0,f,f,Operational,0.566667,34.566667
18448,What Matters Mission Dispensary,Nakuru,Nakuru,Dispensary,Other Faith Based,0,0,f,f,Operational,-0.303099,36.080026
18834,Wheel Kenya Medical Clinic,Kisumu,Kisumu East,Medical Clinic,Private Practice - Clinical Officer,4,4,f,f,Operational,-0.10221,34.761711
20541,Whiterose Medical Centre,Kirinyaga,Kirinyaga North,Nursing Home,Private Practice - Clinical Officer,30,30,f,f,Pending Opening,-0.5,37.283333
14172,Wiga Dispensary,Homa Bay,Homa Bay,Dispensary,Ministry of Health,0,0,f,f,Operational,-0.516667,34.45
12846,Wii Dispensary,Kitui,Katulani,Dispensary,Ministry of Health,0,0,f,f,Operational,-1.366667,38.016667
16925,Wikithuki Dispensary,Kitui,Mwingi Central,Dispensary,Ministry of Health,0,0,f,f,Operational,-1.366667,38.016667
19909,Wikondiek Dispensary,Homa Bay,Rachuonyo North,Dispensary,Ministry of Health,0,0,f,f,Operational,-0.516667,34.45
17543,Wildfire Clinic,Nakuru,Naivasha,Medical Clinic,Company Medical Service,0,0,f,f,Operational,-0.303099,36.080026
20017,Wilwinns Nursing Home,Bungoma,Bungoma East,Nursing Home,Private Enterprise (Institution),12,0,f,f,Operational,0.566667,34.566667
19947,Wima Medical Clinic (Samburu East),Samburu,Samburu East,Medical Clinic,Private Enterprise (Institution),0,0,f,f,Operational,1.316667,36.983333
12848,Wingemi Health Centre,Kitui,Mwingi East,Health Centre,Ministry of Health,0,0,f,f,Operational,-1.366667,38.016667
15782,Winners Medical Clinic,Kajiado,Kajiado North,Medical Clinic,Private Enterprise (Institution),0,0,f,f,Operational,-1.85,36.783333
12849,Winzyeei Health Centre,Kitui,Mwingi West,Health Centre,Ministry of Health,19,19,f,f,Operational,-1.366667,38.016667
14174,Wire Dispensary,Homa Bay,Rachuonyo South,Dispensary,Christian Health Association of Kenya,0,0,f,f,Operational,-0.516667,34.45
17889,Withare Dispensary,Laikipia,Laikipia Central,Dispensary,Ministry of Health,0,0,f,f,Operational,0.366667,37.033333
11186,Witima Health Centre,Nyeri,Nyeri South,Health Centre,Ministry of Health,0,0,f,f,Operational,-0.416667,36.95
11907,Witu Health Centre,Lamu,Lamu West,Health Centre,Ministry of Health,10,0,f,f,Operational,-2.266667,40.9
15783,Wiyeta Dispensary,Trans Nzoia,Trans Nzoia East,Dispensary,Ministry of Health,20,0,f,f,Operational,1.016667,34.983333
17398,Women's Guild (PCEA) Uplands Dispensary,Kiambu,Lari,Dispensary,Other Faith Based,0,0,f,f,Operational,-1.166667,36.833333
18873,Wondeni Dispensary,Machakos,Machakos,Dispensary,Ministry of Health,5,2,f,f,Operational,-1.516667,37.266667
12850,Woodlands Hospital,Meru,Imenti North,Other Hospital,Private Enterprise (Institution),0,0,f,f,Operational,0.05,37.65
13259,Woodley Clinic,Nairobi,Kibra,Dispensary,Local Authority,0,0,f,f,Operational,-1.286389,36.817223
16514,Woodpark Med Clinic,Murang'a,Muranga South,Medical Clinic,Private Practice - Nurse / Midwife,0,0,f,f,Operational,-0.716667,37.15
18214,Woodshaven Medical Centre,Kajiado,Kajiado North,Medical Clinic,Private Practice - Clinical Officer,0,0,f,f,Operational,-1.85,36.783333
19067,Word of Faith Church Dispensary,Mombasa,Changamwe,Dispensary,Christian Health Association of Kenya,0,0,f,f,Operational,-4.043477,39.668205
18133,Wote Health Clinic,Makueni,Makueni,Medical Clinic,Private Practice - Clinical Officer,0,0,f,f,Operational,-1.8,37.616667
18144,Wote Medical Clinic,Makueni,Makueni,Medical Clinic,Private Practice - Clinical Officer,0,0,f,f,Operational,-1.8,37.616667
18203,Wumiisyo Medical Clinic,Makueni,Kathonzweni,Medical Clinic,Private Practice - Nurse / Midwife,0,0,f,f,Operational,-1.8,37.616667
19735,Wundanyi GK Prisons,Taita Taveta,Wundanyi,Dispensary,Other Public Institution,0,0,f,f,Operational,,
11908,Wundanyi Sub-District Hospital,Taita Taveta,Wundanyi,Sub-District Hospital,Ministry of Health,16,2,f,f,Operational,,
11909,Wusi-Wutesia (ACK) Dispensary,Taita Taveta,Mwatate,Dispensary,Christian Health Association of Kenya,0,0,f,f,Operational,,
14487,X-Cellent Medical Centre,Nakuru,Njoro,Medical Clinic,Private Enterprise (Institution),0,0,f,f,Operational,-0.303099,36.080026
17690,Young Generation Centre Dispensary (Med 25),Homa Bay,Mbita,Dispensary,Private Enterprise (Institution),0,0,f,f,Operational,-0.516667,34.45
13458,Young Muslim Dispensary,Garissa,Garissa,Dispensary,Supreme Council for Kenya Muslims,0,0,f,f,Operational,-0.456944,39.658333
16165,Your Family Clinic,Busia,Busia,Medical Clinic,Private Practice - Nurse / Midwife,0,0,f,f,Operational,0.46,34.11
20124,Youth Empowerment Center Ngong,Kajiado,Kajiado North,Health Project,Non-Governmental Organizations,0,0,f,f,Operational,-1.85,36.783333
13459,Yumbis Dispensary,Garissa,Fafi,Dispensary,Ministry of Health,0,0,f,f,Operational,-0.456944,39.658333
12857,Yumbu Dispensary,Kitui,Mwingi East,Dispensary,Ministry of Health,0,0,f,f,Operational,-1.366667,38.016667
20087,Yunasi,Embu,Mbeere South,Dispensary,Private Practice - General Practitioner,10,5,f,f,Operational,0.05,37.65
12858,Yururu Medical Clinic,Meru,Imenti South,Medical Clinic,Private Enterprise (Institution),0,0,f,f,Operational,0.05,37.65
15786,Ywalateke Dispensary,West Pokot,West Pokot,Dispensary,Ministry of Health,0,0,f,f,Operational,1.233333,35.116667
20853,ZAC Medical Clinic,Nakuru,Nakuru North,Medical Clinic,Private Practice - Clinical Officer,0,0,f,f,Operational,-0.303099,36.080026
17863,Zaro Nursing Clinic (Likoni),Mombasa,Likoni,Medical Clinic,Private Practice - Nurse / Midwife,0,0,f,f,Operational,-4.043477,39.668205
11192,Zawadi Clinic,Kirinyaga,Kirinyaga West,Medical Clinic,Private Practice - Nurse / Midwife,0,0,f,f,Operational,-0.5,37.283333
18374,Ziani Dispensary,Kilifi,Kilifi South,Dispensary,Ministry of Health,0,0,f,f,Operational,-3.633333,39.85
17892,Zigira (Community) Dispensary,Kwale,Msambweni,Dispensary,Ministry of Health,0,0,f,f,Operational,-4.183333,39.45
19273,Zimerbreeze Medical Centre,Nairobi,Roysambu,Medical Clinic,Private Practice - General Practitioner,0,0,f,f,Operational,-1.286389,36.817223
19378,Zimma Health Care,Nairobi,Roysambu,Medical Clinic,Private Practice - General Practitioner,0,0,f,f,Operational,-1.286389,36.817223
12859,Zion Medical Clinic,Kitui,Mutitu,Medical Clinic,Private Enterprise (Institution),0,0,f,f,Not-Operational,-1.366667,38.016667
20283,Zioni II Medical Centre,Kitui,Mwingi East,Medical Clinic,Private Practice - Clinical Officer,0,0,f,f,Operational,-1.286389,36.817223
11913,Ziwa La Ng'ombe Medical Clinic,Mombasa,Kisauni,Medical Clinic,Private Enterprise (Institution),2,0,f,f,Operational,-4.043477,39.668205
17220,Ziwa SDA,Uasin Gishu,Eldoret West,Dispensary,Christian Health Association of Kenya,0,0,f,f,Operational,0.516667,35.283333
15788,Ziwa Sub-District Hospital,Uasin Gishu,Eldoret West,Sub-District Hospital,Ministry of Health,20,4,f,f,Operational,0.516667,35.283333
11915,Ziwani Dispensary,Taita Taveta,Taveta,Dispensary,Private Enterprise (Institution),0,0,f,f,Operational,,
16997,Zombe Catholic Dispensary,Kitui,Mutitu,Dispensary,Kenya Episcopal Conference-Catholic Secretariat,0,0,f,f,Operational,-1.366667,38.016667
20313,Zombe medical clinic,Kitui,Mutitu,Medical Clinic,Private Practice - Clinical Officer,1,0,f,f,Operational,-1.366667,38.016667
